Developer_ID,Developer_Name,Team,Experience_Years,Country,Repository,Language,Stars,Forks,Watchers,Open_Issues,Closed_Issues,Pull_Requests,Merged_PRs,Commit_Date,Commit_Time,Files_Changed,Lines_Added,Lines_Deleted,Coding_Hours,Bugs_Introduced,Bugs_Fixed,Code_Review_Time_Hours,Build_Status,CI_Failures,Weekend_Commit,Night_Commit,Sprint,Repo_Size_MB,License
D0135,Alex,Platform,,India,Atlas,TypeScript,999999,209,1739,68,754,192,107,20/01/2025,8PM,27,2877,482,9.8,26,18,32.2,Success,1,No,No,Sprint-8,2036.7,Apache-2.0
D0335,Sam,Backend,,Germany,Atlas,Java,-5,609,3966,4,489,227,496,2025-04-26,8PM,61,1134,949,6.8,30,24,48.5, ,8,Yes,Yes,Sprint-9,2574.6,Apache-2.0
D0116,Chris,Platform,,USA,Nova,Python,999999,616,1283,24,885,463,187,28/05/2025,8PM,91,1746,514,8.7,29,19,39.9,Success,1,Yes,No,Sprint-6,769.6,GPL
D0474, ,Backend,,Germany,Nova,TypeScript,999999,898,2870,32,512,266,171,27/01/2024,00:00,99,1536,1485,10.0,11,11,56.4, ,0,Yes,Yes,Sprint-12,3867.6,GPL
D0342,Alex,DevOps,12.0,Germany,Nova,Go,-5,158,5898,200,599,256,301,02/01/2023,8PM,4,2713,2384,11.1,19,0,18.2,Success,8,No,No,Sprint-6,4339.2,Apache-2.0
D0020,Taylor,Frontend,5.8,USA,Forge,Go,999999,60,476,151,220,49,327,2024-04-07,8PM,71,61,824,0.5,2,27,64.2,Success,3,Yes,Yes,Sprint-7,4909.5,
D0563,Sam,AI,2.6,USA,Atlas,Rust,999999,644,3208,27,431,146,129,26/12/2024,8PM,61,3910,541,13.1,1,12,69.4, ,5,Yes,No,Sprint-2,4028.6,
D0011,Alex,DevOps,9.9,Germany,Atlas,Rust,1548,155,2471,99,834,89,334,2024-07-08,25:61,38,176,671,4.9,9,25,14.0,FAIL,2,No,Yes,Sprint-11,386.4,MIT
D0433, ,AI,,USA,Atlas,pyhton,-5,641,2552,90,767,61,281,25/12/2023,25:61,60,3013,647,3.4,18,10,70.1, ,3,Yes,No,Sprint-12,4097.9,MIT
D0176,Sam,DevOps,,India,Nova,TypeScript,999999,404,3108,128,165,423,327,2024-10-31,00:00,68,4403,1461,0.5,8,24,57.2,Failed,5,No,No,Sprint-7,4021.7,Apache-2.0
D0658,Taylor,Frontend,4.2,India,Atlas,Python,999999,717,4254,150,732,161,194,18/01/2025,25:61,1,348,1630,1.4,16,12,39.8,FAIL,6,Yes,Yes,Sprint-4,1323.7,
D0127,Chris,DevOps,,India,Nova,pyhton,-5,559,5622,197,142,138,28,2023-06-07,25:61,73,4404,1937,1.1,25,10,5.0,FAIL,9,No,Yes,Sprint-1,1840.1,MIT
D0163,Alex,Backend,,Germany,Atlas,,-5,936,5184,157,671,299,265,2024-08-10,25:61,41,3375,2940,4.4,21,19,26.0,Failed,1,Yes,No,Sprint-3,1369.7,Apache-2.0
D0354,Chris,AI,,Germany,Forge,Go,2184,297,4129,28,910,220,378,11/02/2023,25:61,3,895,2466,12.7,12,27,38.5,Success,6,No,No,Sprint-12,2930.4,MIT
D0652,Sam,Backend,,USA,Forge,Java,894,484,2204,0,934,154,350,26/04/2025,00:00,16,4742,312,10.4,6,30,60.1,Success,5,Yes,Yes,Sprint-6,2684.2,
D0133,Alex,DevOps,1.4,India,Nova,pyhton,863,935,2812,38,162,240,453,2024-08-22,8PM,69,2760,338,0.9,11,8,71.9, ,6,No,No,Sprint-3,2174.0,MIT
D0284,Sam,DevOps,10.3,USA,Atlas,Go,999999,102,1441,183,941,233,28,2024-06-07,25:61,66,1524,2686,6.9,13,19,17.4,Success,1,No,No,Sprint-4,2793.0,MIT
D0612,Sam,Platform,14.7,India,Atlas,,999999,128,1811,139,899,121,140,28/04/2023,8PM,10,1511,846,2.8,21,21,28.0,Failed,0,No,No,Sprint-7,4515.5,Apache-2.0
D0010,Sam,Platform,,Germany,Atlas,Go,3604,113,3678,0,888,16,367,2023-04-05,25:61,79,4274,2441,0.6,8,4,37.6, ,10,No,Yes,Sprint-3,2099.2,GPL
D0454,Taylor,Backend,9.0,USA,Forge,,-5,219,5353,146,727,178,16,20/10/2023,8PM,18,1392,2617,11.2,19,24,49.9, ,2,No,No,Sprint-5,1312.9,MIT
D0186,Taylor,Frontend,,India,Nova,Rust,638,671,5386,19,477,317,382,2024-07-02,25:61,92,4145,2323,12.0,11,19,34.0,FAIL,10,No,No,Sprint-2,3766.8,
D0632,Chris,DevOps,,Germany,Nova,Java,-5,811,5919,151,240,372,184,2025-02-08,8PM,25,4359,1553,0.1,30,0,43.7,Success,4,Yes,Yes,Sprint-1,4747.1,MIT
D0456,Chris,Frontend,,Germany,Forge,python,2940,583,5175,28,264,300,426,2023-10-04,00:00,54,706,1382,5.1,12,3,61.1,FAIL,4,Yes,No,Sprint-1,3046.4,MIT
D0147, ,Backend,3.1,Germany,Nova,,999999,311,3398,187,142,489,363,2025-03-01,25:61,84,2875,2412,3.0,0,0,23.3,Failed,2,Yes,No,Sprint-1,4848.0,GPL
D0276,Taylor,Backend,7.1,USA,Nova, PYTHON,999999,292,2757,46,609,38,68,2024-07-22,8PM,8,2811,58,9.8,2,21,13.3,Success,0,Yes,Yes,Sprint-10,959.0,MIT
D0496,Sam,DevOps,4.7,USA,Forge,Java,999999,555,2879,192,987,299,357,2023-02-28,8PM,38,1178,733,4.5,17,27,22.9, ,9,Yes,No,Sprint-8,78.2,MIT
D0316,Chris,Backend,12.1,Germany,Forge,pyhton,999999,215,3686,73,561,473,16,2023-07-08,00:00,19,555,2170,6.4,14,17,56.0,Success,9,Yes,No,Sprint-6,1989.5,
D0272,Alex,DevOps,,Germany,Forge, PYTHON,2616,223,3186,89,919,444,248,2024-02-20,00:00,18,1417,556,11.5,22,16,58.7, ,2,No,Yes,Sprint-7,1740.8,Apache-2.0
D0473,Alex,Backend,,Germany,Nova,Java,-5,511,4363,55,291,499,326,2023-08-30,00:00,96,4800,1822,0.5,4,13,21.3,Failed,10,Yes,No,Sprint-9,3769.8,MIT
D0346,Alex,AI,,Germany,Nova, PYTHON,-5,999,971,142,479,257,468,07/07/2023,00:00,59,1869,309,10.4,2,2,2.4, ,7,Yes,Yes,Sprint-6,1530.7,Apache-2.0
D0637,Alex,DevOps,,India,Forge,TypeScript,999999,466,1945,188,480,113,440,2025-01-24,8PM,22,3569,694,3.5,26,15,0.3,Success,5,Yes,Yes,Sprint-2,1255.9,MIT
D0337,Taylor,DevOps,,India,Atlas, PYTHON,999999,306,47,46,810,100,185,21/11/2023,8PM,85,3444,2082,11.5,13,22,28.6,Success,5,No,No,Sprint-1,1533.7,
D0141,Chris,AI,4.3,India,Atlas, PYTHON,999999,994,98,134,2,205,10,2024-09-03,8PM,89,3693,2892,3.6,0,5,43.9,Success,6,No,No,Sprint-11,2989.5,
D0496,Sam,Frontend,,India,Atlas,,3139,63,4369,167,225,63,244,08/08/2024,25:61,76,1230,848,2.4,1,13,11.6,Success,5,Yes,Yes,Sprint-9,4296.1,MIT
D0627,Chris,Backend,1.4,USA,Atlas,pyhton,4590,907,4357,113,336,474,112,13/04/2024,8PM,6,1939,1584,11.2,29,13,9.1,Success,1,No,Yes,Sprint-1,3923.3,
D0662,Sam,DevOps,,India,Atlas, PYTHON,999999,999,4288,154,100,485,200,2024-09-04,25:61,38,2095,2307,12.0,0,4,2.6, ,6,No,No,Sprint-6,2328.7,MIT
D0063,Alex,DevOps,,Germany,Atlas,TypeScript,999999,412,4184,121,687,170,494,06/12/2023,00:00,83,1584,936,10.2,25,21,40.8, ,0,Yes,No,Sprint-3,164.7,
D0244,Taylor,Platform,,Germany,Atlas,Rust,2519,341,591,161,72,481,423,2024-02-29,00:00,77,3223,1637,5.6,5,3,45.6,FAIL,0,No,No,Sprint-10,4987.6,Apache-2.0
D0408,Sam,Frontend,,India,Atlas, PYTHON,-5,490,5061,99,228,320,276,2024-02-13,25:61,42,2406,2332,6.5,7,11,67.0,FAIL,6,No,No,Sprint-10,3281.4,MIT
D0572,Chris,Backend,,USA,Atlas,Rust,607,928,5340,145,568,72,86,18/03/2023,25:61,40,4682,443,1.5,16,3,14.2, ,4,Yes,No,Sprint-7,2079.4,GPL
D0466, ,Backend,14.2,Germany,Forge, PYTHON,908,280,2101,103,818,492,170,2024-03-09,25:61,31,2566,1914,7.9,30,20,49.8,Success,3,Yes,No,Sprint-12,1491.7,Apache-2.0
D0258,Taylor,AI,8.4,Germany,Nova,Go,999999,397,5971,171,171,326,468,15/11/2023,8PM,60,294,2717,1.4,23,3,7.9,FAIL,8,Yes,No,Sprint-5,1662.6,Apache-2.0
D0283, ,Backend,0.6,Germany,Atlas,Python,2896,779,1109,140,984,478,76,02/03/2023,25:61,86,719,2456,10.6,13,19,46.0,Success,8,No,Yes,Sprint-3,1753.9,GPL
D0665,Chris,Platform,,India,Nova,Go,999999,80,3628,145,850,378,60,2023-08-15,8PM,59,1572,1201,12.3,18,23,70.0,Success,8,No,No,Sprint-3,4337.4,
D0049,Sam,AI,,India,Forge,,999999,85,5408,8,768,127,457,2023-05-10,00:00,61,1392,380,7.6,20,1,29.7,Failed,1,No,Yes,Sprint-9,3850.2,
D0465,Alex,Frontend,5.1,Germany,Forge, PYTHON,1618,571,5270,157,492,374,454,2023-01-18,8PM,35,4175,99,2.5,25,13,60.7,Success,3,No,No,Sprint-8,4112.0,Apache-2.0
D0301,Chris,Backend,6.8,USA,Nova,Go,-5,638,5717,69,955,378,231,2023-08-11,00:00,61,1315,1771,2.6,26,4,4.8,Failed,10,Yes,Yes,Sprint-9,1374.4,GPL
D0040,Sam,AI,,USA,Forge, PYTHON,839,823,3212,66,514,305,14,08/06/2023,8PM,73,2692,2767,4.8,21,2,40.4, ,10,Yes,Yes,Sprint-7,2735.8,
D0026,Sam,Platform,0.5,Germany,Atlas,Go,4865,993,2438,26,264,316,109,2023-03-18,25:61,44,1756,751,4.2,30,10,71.6,Success,6,No,No,Sprint-2,715.3,Apache-2.0
D0243, ,AI,1.5,India,Atlas,pyhton,999999,754,1270,50,268,381,273,2023-12-27,00:00,92,449,2805,3.0,30,4,52.9,Success,2,No,Yes,Sprint-8,4735.7,
D0194,Taylor,Backend,3.6,India,Nova,Go,-5,788,1442,123,379,75,34,10/02/2025,25:61,98,4204,2687,4.3,9,24,43.1,Success,1,Yes,No,Sprint-1,4133.3,Apache-2.0
D0607,Taylor,DevOps,12.2,India,Atlas,Python,999999,727,2832,43,889,329,347,27/09/2023,8PM,48,4068,1591,4.6,4,27,54.8,Success,3,Yes,No,Sprint-4,1643.7,Apache-2.0
D0191,Taylor,Frontend,,India,Forge,Go,2695,893,3199,14,521,70,399,2025-04-28,00:00,44,1680,359,6.7,0,26,18.1,FAIL,5,No,No,Sprint-6,670.4,Apache-2.0
D0600,Alex,Platform,12.4,India,Atlas,Java,999999,110,2528,106,159,86,337,02/04/2025,00:00,38,1764,310,4.3,26,9,46.1,FAIL,3,No,Yes,Sprint-5,4531.2,GPL
D0417,Alex,Platform,10.4,India,Atlas,Go,1401,866,86,143,431,156,359,2025-02-25,00:00,94,1969,2059,1.6,20,2,47.1,FAIL,2,Yes,No,Sprint-1,656.9,
D0202,Sam,DevOps,,India,Nova,pyhton,999999,461,788,154,54,148,436,2024-07-17,8PM,82,1513,1882,7.6,17,22,49.0,Failed,3,Yes,No,Sprint-3,1992.7,GPL
D0581, ,Platform,10.0,India,Atlas,TypeScript,3753,126,1473,110,691,153,42,2023-03-14,00:00,48,1335,1153,2.2,0,11,54.2,Failed,9,No,Yes,Sprint-12,523.8,MIT
D0130,Chris,Frontend,,Germany,Atlas,Java,999999,555,5114,193,480,127,372,2024-06-03,25:61,96,4704,734,10.3,25,0,37.4, ,9,Yes,Yes,Sprint-5,4364.4,Apache-2.0
D0456, ,DevOps,,USA,Nova,,28,203,4110,94,892,448,415,05/11/2023,25:61,49,369,1838,9.4,9,5,55.2,Success,0,Yes,Yes,Sprint-5,1169.5,MIT
D0400,Alex,DevOps,12.5,USA,Forge,TypeScript,999999,555,5454,141,578,156,481,2023-08-16,8PM,87,3259,776,1.5,17,18,4.8, ,3,Yes,No,Sprint-3,674.2,Apache-2.0
D0558,Alex,DevOps,,India,Forge,Rust,2110,108,117,61,627,341,453,2023-12-16,25:61,68,3450,893,11.8,12,26,16.4, ,5,Yes,Yes,Sprint-3,3575.7,
D0603,Sam,Backend,10.9,India,Nova, PYTHON,-5,869,1677,140,670,190,184,2025-03-10,8PM,76,4235,2181,7.4,19,13,21.8,Failed,2,No,Yes,Sprint-1,2252.9,GPL
D0388,Alex,DevOps,,USA,Nova,Go,3403,999,1991,55,725,360,68,2025-04-24,8PM,23,4836,1640,5.8,28,13,22.8,FAIL,4,Yes,No,Sprint-10,2805.9,Apache-2.0
D0472, ,DevOps,,India,Forge, PYTHON,-5,149,1974,194,524,301,196,14/09/2024,25:61,20,2658,2951,13.9,19,13,22.0,FAIL,3,No,No,Sprint-8,3943.7,
D0690, ,Frontend,,USA,Atlas,Python,-5,389,3419,106,354,423,374,2024-04-12,00:00,44,1447,477,2.5,4,19,66.4,Failed,8,Yes,No,Sprint-12,1533.7,
D0551,Taylor,Frontend,12.6,India,Atlas,python,999999,824,3235,123,632,476,20,29/04/2024,8PM,38,3031,1403,11.3,10,11,8.5,FAIL,0,Yes,Yes,Sprint-4,528.4,
D0513,Sam,Backend,7.1,India,Forge,TypeScript,999999,771,4838,198,434,91,216,25/11/2023,8PM,85,2513,2414,6.1,12,26,11.5,Failed,10,Yes,No,Sprint-2,3137.2,GPL
D0551,Taylor,AI,10.2,USA,Nova,pyhton,-5,738,3610,8,352,466,418,02/05/2023,8PM,32,1735,2945,7.8,20,25,31.1, ,10,Yes,No,Sprint-7,3292.9,MIT
D0281,Alex,DevOps,,India,Forge,,3510,589,1896,3,579,442,136,05/04/2023,00:00,79,2672,59,13.7,18,22,68.0,Success,3,Yes,No,Sprint-6,1711.2,MIT
D0064, ,Platform,1.8,Germany,Nova,pyhton,-5,512,4810,127,700,89,16,19/07/2023,25:61,93,990,306,2.4,8,3,2.3,FAIL,7,No,Yes,Sprint-4,1674.4,MIT
D0387, ,Backend,9.1,Germany,Forge,Python,732,941,2067,25,974,375,423,16/03/2025,8PM,65,2474,1148,12.1,13,14,72.0, ,5,Yes,No,Sprint-12,3237.0,
D0606, ,AI,,USA,Nova,Java,-5,340,2566,0,710,208,232,09/08/2023,25:61,86,2582,1059,14.0,6,3,47.9, ,2,Yes,Yes,Sprint-4,3367.1,
D0208,Sam,Frontend,11.7,India,Atlas,python,999999,892,4652,125,338,99,41,13/11/2023,25:61,56,4553,767,6.5,9,19,46.2,Failed,4,Yes,Yes,Sprint-12,3179.9,Apache-2.0
D0518,Taylor,Platform,,Germany,Forge,Rust,-5,291,3769,87,70,117,366,06/08/2024,00:00,12,1121,1836,13.8,30,11,51.4,FAIL,0,No,No,Sprint-12,3329.4,MIT
D0098,Taylor,Frontend,9.9,Germany,Nova,,2733,5,2559,179,267,128,412,30/06/2023,00:00,16,1830,190,5.3,19,30,37.5,FAIL,5,Yes,No,Sprint-7,2166.6,GPL
D0105,Chris,Platform,,Germany,Forge,TypeScript,-5,897,5452,71,825,280,146,2024-04-09,00:00,91,2429,575,5.9,26,8,20.4,FAIL,9,Yes,No,Sprint-9,406.7,MIT
D0059,Alex,AI,,India,Forge,,-5,349,150,43,27,270,413,03/03/2023,8PM,44,4864,1318,4.0,9,20,58.4,Failed,1,Yes,No,Sprint-4,3868.8,
D0414,Taylor,Backend,9.8,USA,Forge,Python,999999,112,5722,154,41,36,190,2023-05-17,8PM,59,3753,2302,11.7,2,23,60.8,Success,5,Yes,Yes,Sprint-1,953.3,Apache-2.0
D0024, ,AI,,Germany,Atlas,TypeScript,999999,418,5516,138,803,486,209,2023-10-15,25:61,88,1226,1151,5.1,3,23,27.5,Success,6,Yes,No,Sprint-3,1408.5,GPL
D0019,Chris,AI,4.6,India,Forge,python,-5,632,5642,38,503,75,491,08/11/2024,25:61,12,3482,1328,4.3,18,26,31.4,Success,8,Yes,No,Sprint-5,3878.3,GPL
D0679,Sam,Backend,5.9,USA,Atlas,python,-5,274,3809,24,424,371,94,30/04/2025,8PM,55,4721,77,8.2,18,4,34.6, ,10,Yes,No,Sprint-3,4354.5,
D0194,Chris,Backend,,USA,Forge,,392,727,2207,122,346,462,211,30/09/2024,25:61,90,3093,1814,1.0,0,2,29.7,Failed,0,Yes,Yes,Sprint-4,4925.8,GPL
D0507,Alex,Frontend,,India,Nova,Python,2284,492,5629,132,977,301,296,24/03/2025,8PM,36,2121,2977,13.3,25,5,46.2, ,4,No,No,Sprint-9,3742.1,
D0687,Sam,Platform,,Germany,Nova,TypeScript,-5,836,4835,189,990,87,298,26/06/2023,00:00,71,2038,809,3.1,9,5,48.4, ,9,Yes,No,Sprint-12,1847.9,
D0691,Chris,Backend,4.9,USA,Atlas,python,4846,489,977,116,992,355,175,03/04/2023,00:00,79,1213,746,12.4,19,24,23.5, ,5,No,No,Sprint-9,4966.1,Apache-2.0
D0578,Sam,Frontend,,USA,Nova,Python,1008,928,4909,153,205,495,235,2024-08-04,00:00,16,4241,1796,13.1,1,0,64.6,Success,1,Yes,Yes,Sprint-2,1247.3,
D0318,Sam,DevOps,,USA,Atlas,Rust,999999,866,2621,73,254,442,169,2024-11-22,8PM,40,4737,2954,13.4,30,26,58.3,Success,7,No,Yes,Sprint-10,3039.5,Apache-2.0
D0115,Chris,Backend,,India,Forge,,-5,720,5757,9,298,219,333,2024-11-21,25:61,61,3795,1726,3.3,20,0,38.0,FAIL,7,No,Yes,Sprint-3,3014.2,Apache-2.0
D0483,Chris,AI,8.0,Germany,Nova,pyhton,4963,940,2430,47,172,203,131,2024-11-17,25:61,4,817,40,12.1,16,13,20.9,FAIL,7,Yes,No,Sprint-3,4501.1,MIT
D0425,Chris,Frontend,,USA,Atlas,pyhton,-5,493,3576,24,825,408,297,2025-06-05,00:00,68,2333,448,2.2,14,4,50.7,Failed,8,Yes,Yes,Sprint-2,4914.2,MIT
D0636, ,Frontend,8.5,India,Nova,python,-5,341,267,142,259,361,273,22/03/2025,25:61,97,1405,2809,4.8,25,27,4.8,FAIL,9,No,Yes,Sprint-2,1530.8,
D0562,Chris,DevOps,,India,Forge,,-5,294,2724,45,42,112,174,2024-09-03,25:61,59,4401,1645,12.0,28,9,56.5,Failed,0,Yes,Yes,Sprint-4,1028.9,
D0279,Taylor,Backend,,India,Atlas,TypeScript,2298,342,3895,11,654,146,159,2025-06-12,8PM,56,32,2372,7.3,1,26,17.5, ,8,No,No,Sprint-5,373.4,Apache-2.0
D0612,Alex,AI,2.1,USA,Atlas,Rust,-5,224,1954,60,506,350,171,01/12/2023,8PM,67,775,2447,11.7,29,16,55.8,Failed,7,Yes,Yes,Sprint-11,2863.2,
D0073,Sam,DevOps,0.8,USA,Forge,TypeScript,-5,809,3289,192,50,302,39,03/03/2025,25:61,74,4110,2907,12.2,24,8,37.4,Success,4,No,Yes,Sprint-5,206.2,MIT
D0382,Sam,AI,,India,Nova, PYTHON,999999,134,384,94,80,433,403,15/01/2023,8PM,18,2170,1346,1.9,12,7,61.7,Success,0,Yes,No,Sprint-12,1778.8,Apache-2.0
D0443, ,DevOps,,Germany,Nova,Python,-5,327,2667,191,788,96,57,05/10/2024,8PM,82,1881,192,3.5,29,0,51.8,Failed,9,No,No,Sprint-1,4483.1,Apache-2.0
D0498,Alex,AI,5.6,Germany,Atlas,Java,141,190,2478,13,41,264,345,2025-06-13,8PM,59,4667,1965,1.0,21,1,43.5, ,8,No,Yes,Sprint-3,2525.9,Apache-2.0
D0038,Chris,Frontend,12.4,USA,Nova, PYTHON,-5,651,3227,83,791,353,282,10/04/2024,25:61,2,1748,1620,6.3,2,10,15.2,FAIL,2,No,Yes,Sprint-4,3102.8,Apache-2.0
D0474,Alex,Frontend,,India,Nova, PYTHON,999999,253,5239,88,391,303,273,2024-05-23,8PM,5,1470,2332,6.6,6,23,23.8,FAIL,2,Yes,Yes,Sprint-11,569.2,GPL
D0568, ,Backend,,Germany,Atlas,,-5,429,5812,70,799,395,276,2023-08-30,00:00,28,4372,252,2.0,9,27,45.1,FAIL,1,No,Yes,Sprint-4,700.7,GPL
D0424,Alex,Platform,1.9,India,Nova,Java,999999,298,1879,115,289,225,124,2023-05-26,00:00,16,1899,1612,3.1,30,24,46.6,Failed,3,No,Yes,Sprint-7,485.6,Apache-2.0
D0509,Taylor,Backend,14.0,USA,Nova,TypeScript,2470,430,4769,117,97,104,469,09/12/2024,8PM,12,4183,1672,11.2,3,7,61.8, ,3,Yes,No,Sprint-11,3850.1,Apache-2.0
D0334,Taylor,AI,,USA,Nova,Python,-5,338,5152,52,959,77,280,2024-04-24,25:61,79,1884,2075,5.8,8,24,39.6,FAIL,2,No,No,Sprint-11,2928.0,
D0629,Alex,AI,9.6,USA,Forge, PYTHON,3516,106,5036,71,62,383,223,2025-04-20,8PM,17,2048,2971,10.5,18,8,34.9,Failed,1,Yes,Yes,Sprint-8,566.5,GPL
D0456,Chris,Platform,5.3,USA,Atlas,TypeScript,-5,114,4156,190,743,264,22,2024-04-12,8PM,48,3692,1066,6.5,2,6,9.0,Success,10,No,No,Sprint-1,3170.9,Apache-2.0
D0237,Sam,Frontend,,Germany,Forge,pyhton,999999,73,222,46,774,148,295,16/12/2023,25:61,47,2325,2095,3.5,19,30,17.0, ,4,No,No,Sprint-8,421.8,
D0136,Alex,Platform,7.1,India,Nova,,-5,188,4231,155,826,243,386,01/05/2023,00:00,30,2279,1585,8.6,28,30,10.2,FAIL,7,No,No,Sprint-1,476.7,Apache-2.0
D0460,Sam,Frontend,,USA,Atlas,,-5,934,3280,91,341,76,486,30/06/2023,25:61,70,1936,1933,7.8,29,30,35.6,FAIL,3,Yes,No,Sprint-6,4531.6,GPL
D0678,Chris,DevOps,,India,Atlas,Rust,-5,813,4016,83,13,343,222,2025-03-03,25:61,12,1967,134,9.8,4,21,29.6, ,5,Yes,No,Sprint-4,815.7,MIT
D0032,Alex,Platform,,USA,Atlas,Go,999999,362,1288,105,803,466,174,2023-04-22,25:61,21,1231,2651,11.9,6,30,27.9,FAIL,7,No,No,Sprint-9,385.1,MIT
D0545,Sam,Frontend,,Germany,Forge,Python,-5,642,740,138,567,115,282,24/07/2024,25:61,33,1551,1108,2.7,24,19,8.4, ,2,Yes,Yes,Sprint-2,3664.6,MIT
D0448, ,DevOps,,USA,Nova,Python,999999,42,2489,181,1,205,223,20/10/2024,00:00,90,782,1360,1.1,21,22,70.5,Failed,4,Yes,No,Sprint-12,2627.2,Apache-2.0
D0522,Taylor,AI,10.6,India,Forge, PYTHON,2009,491,5948,199,932,68,126,2023-10-26,00:00,100,3665,2125,10.0,21,30,54.1,FAIL,0,No,No,Sprint-3,3608.9,
D0352,Sam,DevOps,0.0,Germany,Forge, PYTHON,4751,932,756,10,559,33,156,2024-05-19,25:61,9,292,903,3.5,22,2,61.5,FAIL,4,No,Yes,Sprint-11,1050.0,MIT
D0429,Alex,DevOps,2.5,Germany,Forge,Python,-5,72,1324,194,111,47,427,22/05/2024,8PM,31,2810,2609,5.7,15,2,71.4, ,2,No,Yes,Sprint-12,3195.4,GPL
D0233,Chris,Backend,,USA,Forge, PYTHON,999999,630,2573,22,828,112,279,22/01/2025,8PM,47,2730,1389,0.7,30,6,43.5, ,4,Yes,No,Sprint-3,4946.7,Apache-2.0
D0663,Sam,Backend,10.2,USA,Nova,Java,290,490,1124,159,151,106,32,2023-11-16,00:00,9,511,1617,3.5,27,30,14.7,FAIL,10,No,No,Sprint-2,3367.8,MIT
D0644,Sam,Frontend,5.9,USA,Atlas, PYTHON,-5,602,2589,167,638,127,187,2023-03-14,25:61,80,2073,798,11.4,5,10,36.6,FAIL,4,Yes,Yes,Sprint-7,2642.4,GPL
D0606,Chris,AI,3.1,USA,Atlas,TypeScript,-5,666,2695,174,325,240,3,03/11/2024,25:61,73,1909,1822,8.7,1,11,64.6, ,3,No,No,Sprint-4,760.4,Apache-2.0
D0466,Sam,DevOps,2.4,India,Atlas, PYTHON,1178,336,4202,195,856,6,334,30/01/2025,25:61,57,2046,2026,3.4,5,22,43.6,FAIL,6,Yes,Yes,Sprint-7,4672.1,
D0522, ,Frontend,,India,Atlas,TypeScript,2286,528,3349,127,343,105,325,06/04/2024,25:61,78,4857,1846,5.6,10,30,35.4, ,7,Yes,Yes,Sprint-8,2171.2,MIT
D0100,Sam,DevOps,,USA,Nova,Go,999999,741,3924,2,791,36,233,2024-12-12,25:61,37,1464,2262,9.4,16,15,8.7,Success,1,Yes,No,Sprint-8,3458.5,MIT
D0037,Taylor,DevOps,,Germany,Nova,Java,-5,705,1784,68,710,408,466,04/07/2023,25:61,82,2022,2126,10.6,26,14,47.5,FAIL,10,Yes,No,Sprint-12,3667.5,MIT
D0556,Chris,Frontend,8.4,Germany,Nova,Go,3810,106,1772,20,503,5,127,2024-02-24,25:61,13,4071,1960,10.6,13,21,55.1,FAIL,10,Yes,No,Sprint-12,418.9,
D0128,Alex,DevOps,6.8,USA,Forge,,4614,273,264,62,433,312,232,04/12/2023,8PM,54,881,2856,12.3,9,29,4.7,Failed,8,No,Yes,Sprint-4,3262.3,MIT
D0484,Alex,DevOps,,Germany,Nova,Go,-5,495,4141,34,924,371,133,15/04/2025,00:00,2,2655,1161,12.0,27,11,57.7,Failed,10,Yes,Yes,Sprint-1,4820.1,MIT
D0540,Sam,DevOps,,Germany,Atlas,TypeScript,999999,150,4105,39,543,499,170,2024-06-04,25:61,73,3293,860,8.8,3,14,28.6,Success,1,No,Yes,Sprint-1,915.7,MIT
D0208,Taylor,AI,0.3,Germany,Atlas,Go,2827,796,5209,182,769,275,484,09/03/2023,8PM,18,4127,649,3.5,17,25,21.8,Success,0,No,Yes,Sprint-5,2738.3,
D0294,Taylor,Platform,4.3,India,Forge,Java,4460,803,4594,130,483,190,73,29/03/2023,25:61,97,1796,2006,7.1,6,16,54.8, ,6,Yes,No,Sprint-1,3911.4,Apache-2.0
D0529,Sam,Backend,,USA,Forge,,999999,152,1044,181,718,129,133,28/05/2023,8PM,32,4736,293,10.0,21,30,31.8,Success,3,Yes,Yes,Sprint-2,3084.3,MIT
D0130,Sam,Platform,,USA,Atlas,Rust,-5,577,1591,124,250,117,46,2025-05-15,00:00,3,2310,1046,3.7,16,18,57.2, ,9,No,Yes,Sprint-6,4078.1,MIT
D0260,Sam,Platform,3.2,India,Forge, PYTHON,999999,936,2453,161,12,496,252,2023-06-19,8PM,60,2736,2801,10.9,18,23,46.2, ,3,No,No,Sprint-6,2810.3,
D0656,Chris,Platform,7.4,India,Nova,python,809,915,1016,33,984,171,399,2024-10-18,25:61,20,4702,522,7.4,7,3,5.7,Success,10,No,No,Sprint-3,2793.3,MIT
D0539,Chris,AI,,India,Atlas,Python,-5,166,5340,127,929,48,102,2023-05-10,8PM,61,581,2789,8.8,5,9,18.6,Failed,6,Yes,No,Sprint-5,3651.5,MIT
D0080,Chris,AI,,Germany,Atlas,Java,999999,329,5657,72,700,448,94,2023-07-18,8PM,36,3514,2907,5.5,0,16,7.7, ,3,Yes,No,Sprint-5,4372.2,MIT
D0654,Sam,DevOps,,Germany,Forge,,999999,421,637,21,544,357,157,10/02/2023,25:61,35,1689,1080,5.6,11,19,14.4,Success,10,Yes,Yes,Sprint-3,4613.8,Apache-2.0
D0579,Chris,DevOps,,Germany,Nova,Go,-5,869,200,81,352,435,185,2024-03-12,8PM,89,2915,678,0.4,8,14,14.8,FAIL,8,No,Yes,Sprint-3,3940.2,Apache-2.0
D0478,Sam,Platform,,Germany,Nova, PYTHON,999999,122,4952,73,555,15,365,23/01/2023,00:00,49,4840,2214,3.6,15,2,20.8, ,1,No,Yes,Sprint-10,87.2,
D0143,Chris,AI,,Germany,Atlas,Go,-5,736,41,109,549,208,13,17/01/2024,00:00,52,4497,1176,2.4,2,17,65.0, ,0,Yes,Yes,Sprint-1,2285.1,GPL
D0408,Taylor,Frontend,6.8,USA,Forge,,-5,905,4638,143,139,178,447,07/09/2023,00:00,63,3667,1937,8.7,3,9,33.9,Failed,10,No,Yes,Sprint-12,4095.7,GPL
D0675,Sam,Frontend,,India,Forge,Java,2155,213,2332,86,478,83,70,2024-05-04,25:61,39,3065,1035,1.0,9,8,62.1, ,6,Yes,Yes,Sprint-3,3333.0,Apache-2.0
D0022,Sam,AI,1.9,USA,Atlas,Java,4045,220,903,92,263,345,108,2024-06-13,8PM,90,803,332,2.9,18,6,38.7,Failed,7,No,No,Sprint-5,1600.1,GPL
D0685,Alex,Platform,,USA,Forge,,-5,906,880,79,439,111,70,2023-01-09,8PM,39,1439,1740,11.2,16,14,71.7,Success,5,No,Yes,Sprint-7,79.9,MIT
D0422, ,DevOps,,USA,Forge,TypeScript,999999,28,2023,74,806,379,73,14/11/2024,25:61,36,4435,1143,11.0,17,17,54.6,FAIL,5,No,Yes,Sprint-3,2707.7,Apache-2.0
D0363,Sam,AI,9.9,India,Forge,pyhton,999999,340,4240,96,249,224,414,2025-05-12,25:61,70,4056,2633,1.5,10,21,19.8,Success,5,No,No,Sprint-5,21.1,GPL
D0488,Taylor,Backend,0.0,Germany,Forge,Python,999999,127,770,70,183,177,226,02/11/2024,25:61,47,2111,1317,6.3,30,26,18.7, ,9,Yes,Yes,Sprint-10,2388.8,MIT
D0211, ,DevOps,13.0,India,Forge, PYTHON,3327,862,2456,192,95,78,12,11/03/2024,25:61,7,3413,2845,10.6,5,5,0.0,Success,10,No,No,Sprint-7,2251.7,GPL
D0456,Chris,DevOps,0.6,Germany,Nova,Python,999999,412,5720,102,383,474,321,2023-04-17,25:61,36,1991,183,10.4,14,14,51.7, ,1,Yes,Yes,Sprint-3,770.2,MIT
D0657,Taylor,Backend,0.5,India,Nova,Rust,999999,532,4088,13,80,267,177,20/01/2024,25:61,58,3799,514,10.2,22,22,26.3,Success,8,No,No,Sprint-6,534.2,GPL
D0451,Chris,Backend,1.6,India,Atlas,TypeScript,-5,194,3651,132,969,61,163,05/01/2023,25:61,5,1798,871,9.8,9,23,54.7,Success,7,Yes,No,Sprint-7,2894.8,
D0188,Alex,Frontend,,India,Nova,Rust,644,847,4202,142,951,87,456,23/08/2023,8PM,6,4508,2157,6.5,12,13,9.3, ,6,No,Yes,Sprint-2,4050.9,MIT
D0225,Alex,Backend,7.5,Germany,Forge, PYTHON,-5,703,4057,9,2,304,422,2025-03-07,00:00,87,3163,1370,0.1,30,12,25.4, ,1,Yes,No,Sprint-9,1789.6,Apache-2.0
D0252,Taylor,Platform,,Germany,Atlas, PYTHON,845,964,1642,145,301,75,404,07/07/2024,8PM,18,4115,2568,5.7,10,6,63.1,Success,0,No,Yes,Sprint-11,3530.2,MIT
D0620,Sam,DevOps,10.2,USA,Forge,python,2760,839,4301,84,324,392,30,30/03/2023,00:00,11,4414,2165,8.0,10,23,51.9,Failed,8,No,Yes,Sprint-4,4193.9,MIT
D0321,Taylor,Backend,,USA,Nova,Rust,999999,862,4511,34,925,347,146,26/10/2024,8PM,31,2250,1179,11.0,6,13,56.2,Success,3,No,Yes,Sprint-3,753.7,GPL
D0594, ,DevOps,,USA,Atlas,python,2230,155,743,184,408,416,293,2024-05-16,25:61,74,3648,379,9.1,2,12,15.7,Failed,7,No,Yes,Sprint-5,3064.6,MIT
D0570,Taylor,AI,,USA,Forge, PYTHON,-5,254,2034,84,723,396,299,14/09/2024,25:61,70,4250,760,9.2,22,3,69.1,Success,7,Yes,No,Sprint-8,4708.8,
D0124, ,Platform,0.5,Germany,Nova,python,235,439,3227,60,241,115,170,24/03/2023,8PM,77,1625,981,0.0,29,10,65.3,FAIL,6,Yes,Yes,Sprint-6,4333.8,
D0394, ,Backend,,Germany,Atlas,pyhton,999999,44,4802,83,470,87,200,2025-03-18,00:00,26,3294,1069,9.1,23,6,29.2, ,2,Yes,No,Sprint-6,790.7,MIT
D0089,Taylor,Platform,,Germany,Nova,pyhton,4691,919,2881,122,77,404,447,18/08/2023,25:61,3,4900,1194,2.6,12,30,50.0, ,9,No,No,Sprint-6,3532.5,
D0183,Chris,DevOps,10.9,India,Forge,Java,999999,567,344,97,886,331,98,2023-10-09,00:00,54,3672,2281,8.2,13,30,55.9,FAIL,0,Yes,No,Sprint-5,1773.6,Apache-2.0
D0140,Sam,AI,,Germany,Atlas,pyhton,999999,727,436,80,899,91,447,10/03/2025,00:00,60,981,2283,12.9,21,19,1.8,Failed,3,Yes,Yes,Sprint-7,214.2,GPL
D0470,Sam,Platform,,USA,Nova, PYTHON,999999,686,3599,64,887,148,283,10/01/2025,00:00,49,231,2765,2.5,25,11,9.9, ,3,Yes,Yes,Sprint-9,3018.4,Apache-2.0
D0368, ,DevOps,,Germany,Atlas,Python,828,841,845,195,284,329,234,2023-07-10,25:61,27,508,2113,6.3,18,18,8.1,Success,2,Yes,Yes,Sprint-5,2294.5,MIT
D0035,Alex,DevOps,3.1,India,Forge,Go,999999,503,1820,44,919,87,271,2023-12-11,25:61,29,846,2450,13.1,11,4,59.1,FAIL,8,No,Yes,Sprint-7,2120.4,
D0076,Sam,Frontend,,USA,Nova,TypeScript,-5,294,1216,151,528,26,358,14/11/2023,00:00,19,2644,66,6.1,28,24,61.5, ,6,Yes,Yes,Sprint-1,1399.7,
D0031, ,DevOps,,USA,Atlas,Python,2294,730,5221,180,342,349,445,2025-03-06,00:00,98,2916,1957,12.8,20,10,18.6,Failed,5,No,No,Sprint-5,2992.9,
D0638, ,AI,,Germany,Nova,Java,999999,486,189,10,917,315,308,16/10/2023,25:61,8,4254,413,11.7,2,19,41.3,Success,2,No,No,Sprint-2,3474.5,MIT
D0693,Sam,Frontend,0.1,Germany,Forge,python,999999,103,3281,34,727,201,97,10/02/2024,25:61,96,1741,1393,12.2,29,23,16.7,FAIL,0,Yes,Yes,Sprint-10,2283.5,Apache-2.0
D0121,Taylor,AI,,Germany,Forge,Rust,-5,325,2889,133,254,265,240,2023-12-04,25:61,90,2110,2285,8.5,15,16,46.6,Failed,4,No,Yes,Sprint-9,325.6,GPL
D0017,Taylor,Platform,,Germany,Forge,pyhton,-5,800,4526,48,365,121,442,2023-06-01,25:61,25,3890,2266,5.2,6,1,66.3, ,6,No,No,Sprint-7,279.0,Apache-2.0
D0015, ,Frontend,4.3,India,Forge,pyhton,1838,58,2148,116,636,143,220,17/02/2024,8PM,53,4124,540,12.0,10,4,39.9,FAIL,1,No,Yes,Sprint-12,287.3,GPL
D0182,Alex,Backend,13.1,USA,Forge,TypeScript,999999,207,5113,121,332,484,486,01/10/2024,25:61,88,-22,2085,6.1,18,1,53.4,FAIL,3,Yes,No,Sprint-5,1849.4,GPL
D0406,Taylor,Backend,,India,Nova,Python,179,383,3402,192,397,431,88,2024-02-06,8PM,45,-7,1519,5.1,9,20,6.7,FAIL,4,No,No,Sprint-5,1479.6,
D0666,Sam,DevOps,,USA,Atlas,Go,4719,452,5712,121,704,132,65,08/12/2024,8PM,64,1234,272,7.8,26,7,29.2,Success,6,Yes,Yes,Sprint-2,2813.1,GPL
D0338,Sam,Platform,,Germany,Forge,pyhton,-5,263,1677,153,902,286,185,2023-07-06,00:00,98,3075,1532,0.3,14,1,36.3, ,9,Yes,No,Sprint-9,265.9,
D0687,Chris,AI,1.4,USA,Atlas,pyhton,2954,493,1502,68,245,477,69,06/12/2023,00:00,2,4413,234,6.4,6,20,22.2, ,9,No,No,Sprint-1,4365.5,Apache-2.0
D0326,Alex,Backend,3.5,USA,Atlas, PYTHON,-5,364,3637,140,975,481,403,04/03/2023,25:61,80,4549,142,9.3,17,15,39.1,Success,8,Yes,Yes,Sprint-7,1775.4,Apache-2.0
D0303,Chris,DevOps,,USA,Nova,python,999999,569,5278,62,288,62,178,18/09/2023,25:61,72,2203,523,10.3,7,6,40.7,Failed,9,No,No,Sprint-2,4276.1,MIT
D0639,Chris,DevOps,3.0,India,Atlas,Java,999999,975,573,192,98,445,263,2025-06-16,00:00,50,3832,2392,6.3,4,23,63.4,Failed,4,No,No,Sprint-12,742.8,Apache-2.0
D0414,Alex,AI,,Germany,Nova,Python,-5,369,738,24,234,330,263,15/11/2023,00:00,5,1928,1879,9.4,26,25,18.8,Failed,4,No,No,Sprint-7,2232.8,
D0441,Chris,DevOps,6.6,Germany,Atlas,Python,1303,144,995,194,64,449,86,11/05/2023,8PM,72,3150,1392,0.1,4,0,0.4, ,6,Yes,Yes,Sprint-2,2876.3,GPL
D0663,Taylor,DevOps,,India,Forge,Python,999999,706,5848,126,837,239,239,27/04/2025,25:61,49,3540,942,4.9,26,6,47.3,Failed,10,Yes,No,Sprint-2,2067.5,Apache-2.0
D0487,Taylor,Backend,14.3,USA,Atlas,Java,866,17,206,27,831,332,286,13/03/2024,8PM,8,1887,1558,0.2,28,2,66.4,Success,10,No,Yes,Sprint-8,3768.3,MIT
D0424,Sam,Frontend,4.7,India,Forge,pyhton,3383,249,3306,163,262,300,293,11/11/2024,8PM,14,2184,1819,2.8,23,19,32.5,FAIL,3,Yes,No,Sprint-4,4312.7,GPL
D0052,Taylor,Platform,1.1,USA,Atlas,,1529,603,2842,82,157,0,364,2024-10-19,8PM,37,3313,515,9.6,22,6,29.2,FAIL,5,No,Yes,Sprint-10,2665.8,
D0147, ,AI,,Germany,Atlas,Go,999999,117,5442,178,966,36,463,28/05/2024,00:00,100,2305,746,5.2,4,22,66.6, ,3,Yes,No,Sprint-11,2816.1,
D0614,Alex,Frontend,2.7,Germany,Atlas,TypeScript,-5,239,1613,152,670,24,130,2024-05-19,25:61,36,201,1942,8.2,5,13,16.4,FAIL,5,Yes,No,Sprint-9,811.9,
D0276,Alex,Platform,7.6,India,Nova, PYTHON,999999,280,427,21,628,45,369,03/08/2024,00:00,49,2885,593,4.2,20,30,53.7,Success,2,Yes,Yes,Sprint-1,2768.9,Apache-2.0
D0521,Taylor,AI,,USA,Atlas,Java,999999,413,3283,183,579,16,139,18/11/2023,00:00,94,4253,735,0.4,30,21,19.7,Failed,8,No,No,Sprint-10,258.4,
D0030,Taylor,Frontend,,USA,Nova,TypeScript,2982,320,3632,106,862,451,456,06/08/2024,00:00,20,3213,1462,0.7,18,4,24.7,Success,3,Yes,No,Sprint-8,2531.7,
D0631,Sam,Platform,13.3,Germany,Forge,TypeScript,999999,802,5024,36,348,468,7,2023-12-26,25:61,90,4913,1815,11.6,22,16,56.5,Failed,10,Yes,Yes,Sprint-10,2152.9,MIT
D0669, ,Platform,,India,Forge,python,-5,694,629,56,506,230,331,2024-08-15,8PM,26,3196,1459,1.5,24,17,36.2,Success,4,No,Yes,Sprint-2,1942.1,
D0196,Alex,AI,,India,Atlas,Go,999999,373,708,62,276,393,128,25/05/2025,00:00,47,399,2469,3.8,13,11,65.4, ,5,No,No,Sprint-5,2755.9,MIT
D0075,Sam,DevOps,2.2,India,Nova, PYTHON,999999,731,4557,34,993,166,209,2024-10-05,25:61,5,1835,2282,12.7,29,28,26.7,FAIL,4,Yes,No,Sprint-1,568.7,MIT
D0037,Alex,DevOps,12.5,USA,Atlas,TypeScript,-5,193,1291,136,938,302,0,2023-08-25,25:61,51,4235,2480,9.7,20,30,5.7,FAIL,7,Yes,No,Sprint-1,4130.4,MIT
D0253, ,Platform,11.5,USA,Nova,TypeScript,450,515,4119,114,981,321,486,2023-02-14,00:00,17,2294,515,5.8,16,30,37.6,Failed,6,No,No,Sprint-6,1118.4,MIT
D0585, ,AI,2.5,India,Nova,Python,4103,889,1691,122,560,480,182,2023-06-19,25:61,41,3519,1899,12.7,27,24,53.4,Failed,8,No,No,Sprint-12,3889.1,Apache-2.0
D0466,Chris,AI,,Germany,Atlas,pyhton,999999,812,3444,100,969,456,215,2023-01-29,00:00,28,3683,2534,4.1,1,24,22.9,Failed,4,Yes,Yes,Sprint-2,743.0,MIT
D0270,Alex,DevOps,9.6,India,Atlas,,-5,869,2996,24,946,360,480,18/03/2025,25:61,62,3652,2784,2.3,21,17,12.7,Failed,7,Yes,No,Sprint-7,597.2,Apache-2.0
D0414,Chris,DevOps,5.4,USA,Nova,pyhton,228,695,3363,14,731,85,205,2023-01-14,00:00,43,2075,1214,9.9,15,28,69.3,Failed,0,Yes,Yes,Sprint-9,78.3,GPL
D0564,Alex,Backend,,India,Atlas,Python,999999,704,4188,123,886,156,474,24/02/2023,8PM,73,930,263,7.0,21,7,40.4,Failed,10,Yes,No,Sprint-12,4261.1,GPL
D0652,Alex,Backend,7.2,India,Forge,Rust,999999,775,2626,116,647,169,340,2024-12-18,8PM,93,2959,2467,6.1,20,0,36.4,Success,5,Yes,No,Sprint-3,1045.7,GPL
D0059,Sam,Backend,7.6,Germany,Atlas,TypeScript,877,355,2028,181,18,375,316,26/10/2023,8PM,32,4314,2509,0.1,15,29,34.7,Failed,9,No,No,Sprint-6,3570.4,GPL
D0185, ,Platform,,Germany,Nova,Rust,999999,813,4859,138,533,80,84,14/08/2023,25:61,43,4879,2555,1.9,11,22,45.0, ,3,Yes,Yes,Sprint-11,648.3,Apache-2.0
D0002, ,AI,,USA,Forge,Python,999999,691,2123,197,541,96,375,01/09/2023,00:00,54,3170,1691,7.4,27,3,36.6,Success,5,No,No,Sprint-3,1253.0,Apache-2.0
D0556,Alex,AI,,Germany,Atlas,pyhton,4764,803,3228,84,816,157,213,2023-07-04,25:61,22,2976,2064,10.3,11,25,58.7,Success,10,No,No,Sprint-12,998.7,MIT
D0004,Taylor,AI,5.3,USA,Forge,Go,999999,919,2032,181,119,309,315,2025-01-17,00:00,33,3424,96,7.1,4,4,41.5,Success,5,Yes,Yes,Sprint-11,1698.6,Apache-2.0
D0112,Alex,Frontend,1.2,India,Forge,Java,-5,231,430,162,323,410,324,16/01/2023,8PM,19,1666,1268,3.8,5,12,69.1,Failed,5,Yes,Yes,Sprint-4,2686.9,MIT
D0371,Taylor,Platform,9.3,India,Atlas, PYTHON,4679,601,2758,99,26,309,202,05/04/2024,00:00,5,3437,966,11.4,18,8,15.4, ,7,No,No,Sprint-2,2125.8,Apache-2.0
D0399,Sam,Backend,,USA,Forge, PYTHON,1131,730,2907,139,773,72,416,2024-03-12,8PM,9,3415,106,11.8,18,18,21.5,Failed,9,No,Yes,Sprint-5,993.2,
D0060, ,DevOps,,India,Atlas,Python,4632,88,5944,65,981,50,349,10/12/2023,00:00,70,458,1145,13.5,9,7,45.2,FAIL,4,Yes,Yes,Sprint-2,1414.2,Apache-2.0
D0062,Alex,Platform,,USA,Forge,,1601,748,2644,64,5,248,295,16/02/2024,25:61,72,3647,1095,2.1,8,24,1.9, ,4,Yes,No,Sprint-1,3941.6,
D0158,Taylor,Platform,,USA,Forge,,-5,560,2644,58,30,395,82,23/02/2023,8PM,11,4615,1350,5.7,11,30,1.4,Success,4,Yes,No,Sprint-1,2123.0,GPL
D0142,Alex,Frontend,8.4,Germany,Nova,Go,-5,89,3363,5,192,152,388,20/03/2025,8PM,58,3990,678,12.6,7,16,32.9, ,5,No,No,Sprint-6,2848.7,Apache-2.0
D0583,Chris,DevOps,,Germany,Atlas,Java,4400,164,1484,200,665,67,403,10/02/2024,8PM,10,992,2950,6.7,3,30,47.0,Failed,9,No,Yes,Sprint-12,616.3,MIT
D0257,Chris,Frontend,,India,Forge,Java,999999,284,2913,122,578,232,226,2025-05-06,8PM,30,3233,284,7.9,22,13,53.7, ,2,Yes,Yes,Sprint-5,3674.4,MIT
D0491,Sam,Backend,,Germany,Atlas,Go,3795,790,3617,155,694,469,452,2024-07-08,25:61,19,4938,50,2.5,2,14,63.9, ,7,Yes,No,Sprint-4,1800.1,Apache-2.0
D0431,Alex,Frontend,,India,Forge, PYTHON,3906,325,3411,35,565,12,146,2024-01-03,25:61,30,3105,2444,4.5,17,7,64.0,FAIL,7,Yes,No,Sprint-8,1146.2,Apache-2.0
D0351,Taylor,Backend,,India,Nova,python,999999,462,2664,56,544,36,135,04/10/2023,8PM,17,2156,409,4.0,26,14,52.6, ,8,No,No,Sprint-4,4935.5,
D0060,Taylor,AI,,USA,Forge,python,999999,287,2116,95,44,494,67,04/03/2025,25:61,34,4937,2800,13.8,24,19,21.2, ,2,No,Yes,Sprint-12,2925.0,MIT
D0017,Taylor,AI,,India,Atlas,,-5,867,3629,194,776,74,192,06/08/2023,8PM,24,1632,1212,13.7,4,18,62.7,Failed,8,No,Yes,Sprint-8,3938.0,
D0430,Chris,Platform,,India,Nova,Python,999999,993,1033,28,640,448,212,25/05/2025,00:00,99,972,1441,12.5,12,19,36.2,Failed,10,No,Yes,Sprint-9,3236.1,GPL
D0073,Chris,Frontend,10.0,USA,Atlas, PYTHON,-5,84,3241,6,552,481,94,25/04/2024,25:61,3,1735,584,2.0,5,3,13.7,Failed,7,No,Yes,Sprint-9,4960.7,
D0501, ,Backend,1.9,India,Forge,Java,2189,129,4055,196,328,457,450,2024-11-08,8PM,72,1319,665,12.3,29,30,24.7,Failed,5,Yes,Yes,Sprint-11,4403.2,Apache-2.0
D0117,Sam,Platform,14.9,Germany,Forge,python,999999,739,400,32,451,481,263,13/11/2023,00:00,72,4925,2818,10.1,25,23,8.7,Success,7,Yes,No,Sprint-9,1978.5,
D0448,Taylor,AI,,USA,Atlas,TypeScript,948,8,3965,142,316,73,406,2024-09-24,00:00,12,218,2001,8.7,16,13,53.4, ,8,No,No,Sprint-4,973.2,
D0449, ,Frontend,13.6,India,Nova,Rust,999999,327,1493,27,878,23,145,2023-03-22,00:00,33,3522,547,8.9,14,3,13.4,Failed,4,Yes,No,Sprint-12,1144.5,Apache-2.0
D0010,Alex,Frontend,,India,Nova,Go,999999,450,4170,136,563,159,426,20/10/2023,25:61,5,4759,363,8.8,11,20,9.4,FAIL,1,Yes,No,Sprint-10,4172.5,GPL
D0521,Sam,Backend,,India,Forge,Rust,999999,616,5549,79,666,163,374,09/10/2023,00:00,81,2486,1834,8.1,24,29,17.4,Failed,8,Yes,No,Sprint-10,2323.7,
D0316,Sam,Platform,,Germany,Atlas,Java,999999,92,5679,37,840,186,70,2024-11-06,8PM,15,4020,373,1.9,5,6,56.3,Failed,1,Yes,No,Sprint-11,2062.4,MIT
D0453,Taylor,DevOps,,Germany,Nova,Java,1848,201,3980,197,470,106,397,17/01/2024,25:61,28,3777,1951,13.6,6,28,2.2,Success,3,No,No,Sprint-6,19.8,Apache-2.0
D0518, ,Frontend,12.8,Germany,Atlas,Rust,1950,88,3567,68,86,300,244,2024-03-17,25:61,59,3644,848,10.9,13,5,1.1, ,2,No,No,Sprint-10,527.3,GPL
D0623, ,Platform,,India,Atlas,TypeScript,999999,987,5238,62,191,450,433,2023-04-17,8PM,79,2437,110,10.6,23,12,34.9, ,9,Yes,No,Sprint-5,3832.3,Apache-2.0
D0100,Chris,Platform,,USA,Forge,,358,5,976,138,93,7,60,2025-03-08,8PM,94,2275,1311,4.8,4,13,61.3,Success,4,Yes,No,Sprint-11,4848.5,Apache-2.0
D0501, ,Platform,14.1,Germany,Forge,,3953,431,5228,100,291,124,264,2024-03-22,25:61,66,391,2816,1.0,26,29,15.2, ,9,No,Yes,Sprint-9,1423.8,MIT
D0474,Chris,Backend,14.9,USA,Forge,Python,999999,407,814,145,551,389,135,2023-01-23,00:00,59,4930,388,9.8,24,30,30.2,Success,10,Yes,No,Sprint-11,3483.2,
D0279,Sam,Frontend,5.8,Germany,Forge,Go,999999,943,77,15,864,90,367,24/02/2025,8PM,4,4633,612,6.3,15,21,55.0,Failed,10,No,Yes,Sprint-1,1149.4,
D0594, ,Backend,10.4,Germany,Forge,Rust,-5,69,4806,117,311,234,98,2024-10-01,25:61,9,2550,981,10.3,23,13,37.8,Failed,8,Yes,Yes,Sprint-2,537.5,Apache-2.0
D0623,Chris,Platform,13.5,USA,Nova,,-5,227,1969,70,219,467,112,10/03/2023,8PM,95,368,69,8.6,3,18,31.1,Failed,3,No,Yes,Sprint-3,2724.2,
D0627,Alex,DevOps,6.2,USA,Forge,Go,-5,563,605,145,869,399,12,2023-12-27,00:00,96,4850,2670,7.2,3,26,31.3,Failed,5,No,No,Sprint-3,1510.4,Apache-2.0
D0427,Alex,DevOps,7.1,Germany,Forge,Java,2934,471,5463,118,156,309,181,22/08/2024,25:61,67,2609,1126,0.7,22,1,16.5,FAIL,5,No,Yes,Sprint-3,3155.2,MIT
D0633,Chris,Backend,15.0,USA,Forge,Python,188,31,2395,51,825,286,256,2024-08-18,8PM,48,3354,2581,4.3,17,1,41.3,Failed,6,No,No,Sprint-6,2385.7,
D0345,Alex,Frontend,2.5,India,Nova,Java,-5,1000,1189,165,108,402,10,17/01/2024,00:00,91,1883,949,7.6,27,30,2.1,FAIL,4,Yes,No,Sprint-7,4641.1,MIT
D0599,Alex,Backend,,India,Atlas, PYTHON,999999,126,4349,42,200,87,135,11/07/2024,00:00,6,808,1063,9.7,26,7,61.1,FAIL,3,Yes,Yes,Sprint-4,4566.2,Apache-2.0
D0273, ,Backend,,India,Atlas,pyhton,999999,10,1391,162,816,409,391,27/06/2024,8PM,23,4564,1648,4.4,3,4,4.9,Success,2,No,Yes,Sprint-3,1307.0,GPL
D0502,Taylor,DevOps,,USA,Atlas,Java,-5,724,827,105,575,306,167,2023-12-16,25:61,19,2747,2997,1.1,1,25,26.9,Failed,1,No,No,Sprint-9,4889.2,MIT
D0019,Sam,AI,,Germany,Forge,Rust,-5,553,5491,122,415,95,181,2024-04-07,25:61,49,488,329,8.8,27,28,28.3,Success,2,Yes,No,Sprint-3,2892.0,Apache-2.0
D0204, ,Backend,2.0,USA,Atlas,Go,2154,233,474,27,592,467,433,2024-08-18,25:61,57,1228,1542,1.7,18,24,6.4,FAIL,0,No,No,Sprint-2,2508.1,
D0527,Chris,DevOps,0.5,USA,Atlas, PYTHON,999999,69,3564,179,662,230,186,08/02/2024,8PM,57,47,1621,0.2,26,21,64.9,Success,7,No,Yes,Sprint-11,569.2,
D0478, ,Backend,,Germany,Nova,Go,1360,950,2485,90,680,273,336,2023-06-06,00:00,52,3861,2347,0.6,28,24,30.7,Success,1,No,Yes,Sprint-7,1234.2,Apache-2.0
D0030, ,Platform,5.7,India,Forge,pyhton,-5,799,5851,180,947,22,179,2024-08-06,25:61,77,1986,1532,11.8,19,18,25.3,Success,7,No,Yes,Sprint-4,2841.6,GPL
D0487,Chris,Backend,,India,Atlas,python,-5,385,3804,74,656,323,407,2023-03-23,25:61,98,2169,2220,2.8,27,13,16.7,Failed,6,No,No,Sprint-1,760.1,
D0441,Sam,DevOps,9.1,India,Forge,TypeScript,999999,379,3088,119,332,101,156,19/02/2024,00:00,75,3749,1331,7.5,18,8,46.5,FAIL,7,Yes,No,Sprint-1,196.1,MIT
D0653, ,Backend,,Germany,Forge,Rust,-5,447,1491,101,587,298,312,15/12/2023,00:00,32,612,1271,11.3,30,14,9.1,Success,3,No,No,Sprint-9,4869.0,Apache-2.0
D0698,Alex,Platform,9.9,India,Forge,Go,-5,777,124,65,654,472,386,2024-06-26,8PM,44,1825,2974,7.1,23,10,21.6,FAIL,0,Yes,No,Sprint-7,4269.5,Apache-2.0
D0600, ,AI,3.3,USA,Forge,TypeScript,-5,811,4184,24,538,444,483,11/01/2025,8PM,49,4910,2115,5.3,15,19,8.6,FAIL,2,No,Yes,Sprint-6,4134.1,GPL
D0122,Chris,DevOps,9.0,India,Forge,pyhton,-5,354,5712,63,687,497,206,22/04/2025,25:61,95,2830,40,8.6,27,1,69.4, ,6,No,Yes,Sprint-6,620.7,GPL
D0099,Chris,Backend,,India,Nova,pyhton,4736,144,1655,127,381,250,350,13/03/2024,00:00,32,3783,1073,13.1,7,23,57.6,Failed,3,Yes,No,Sprint-9,4061.6,
D0503, ,AI,10.3,India,Forge,Rust,-5,555,3117,130,821,168,191,2025-03-16,25:61,28,3960,67,5.5,20,15,16.3,Success,1,No,No,Sprint-12,1538.4,GPL
D0061,Alex,DevOps,,India,Forge, PYTHON,2390,34,1737,145,403,464,463,23/07/2024,00:00,11,3092,707,12.3,22,26,17.0,Success,5,Yes,Yes,Sprint-4,4675.6,GPL
D0484,Chris,Backend,,USA,Nova,Go,999999,179,4888,6,517,452,188,2024-03-15,8PM,95,3845,2135,6.0,16,2,31.0, ,0,Yes,Yes,Sprint-5,421.8,
D0213,Chris,Platform,,Germany,Atlas,pyhton,2788,641,4199,98,149,251,333,2024-09-21,25:61,53,1640,1745,12.9,12,18,20.8,Success,4,No,No,Sprint-1,4536.7,Apache-2.0
D0004,Taylor,Frontend,,USA,Forge,TypeScript,-5,391,545,177,101,343,408,02/03/2024,25:61,90,4217,378,13.5,25,12,49.3,Failed,7,No,No,Sprint-5,1338.1,Apache-2.0
D0593,Alex,DevOps,,Germany,Atlas,Python,2351,218,4822,166,872,217,455,18/01/2023,00:00,55,3380,1786,4.6,16,29,16.6,FAIL,2,Yes,Yes,Sprint-1,2379.4,GPL
D0476,Sam,DevOps,,USA,Atlas,TypeScript,-5,763,941,117,98,167,59,2023-09-20,8PM,55,3894,327,1.4,16,16,68.1,Failed,10,Yes,Yes,Sprint-12,3107.1,GPL
D0418,Chris,Backend,14.7,USA,Atlas,python,-5,759,2161,18,598,36,415,28/05/2025,00:00,34,1587,2122,10.7,28,30,34.1, ,1,No,No,Sprint-3,3261.7,MIT
D0045, ,AI,,India,Nova, PYTHON,-5,243,5320,58,34,404,346,2023-08-10,25:61,68,3120,1802,0.7,6,28,15.1,Failed,5,No,Yes,Sprint-10,2968.0,MIT
D0582, ,Backend,,Germany,Forge,Java,1920,515,1344,182,209,104,206,10/05/2025,00:00,90,1909,1278,9.7,2,20,7.2,Failed,8,Yes,Yes,Sprint-11,2257.5,MIT
D0088,Taylor,Frontend,5.7,USA,Nova, PYTHON,-5,757,3192,93,487,113,18,2023-02-27,8PM,34,3017,341,8.6,25,27,9.6, ,7,No,No,Sprint-9,2204.8,Apache-2.0
D0304,Alex,Platform,,USA,Forge,python,-5,471,178,176,581,294,419,09/04/2025,8PM,21,1301,367,0.3,4,21,54.2,Failed,4,Yes,Yes,Sprint-4,3583.9,Apache-2.0
D0132, ,Frontend,,USA,Nova,pyhton,-5,938,1606,187,549,78,480,2024-12-29,00:00,94,1439,2745,7.9,0,27,58.3,Success,3,No,No,Sprint-6,1637.1,
D0550,Alex,DevOps,,Germany,Nova,Java,999999,593,1944,107,89,254,1,20/01/2023,25:61,91,1512,2790,8.4,16,10,64.9, ,9,No,No,Sprint-8,4956.3,
D0625,Sam,Backend,8.6,Germany,Atlas,pyhton,4375,464,2030,72,125,60,464,04/04/2023,00:00,84,2357,1406,1.5,13,12,57.7, ,3,No,No,Sprint-8,2735.1,MIT
D0269,Chris,AI,,USA,Atlas,Java,-5,316,5965,162,301,33,47,30/11/2023,00:00,81,338,795,0.9,14,5,26.0, ,2,Yes,Yes,Sprint-9,338.2,
D0354,Sam,Backend,6.3,Germany,Atlas,Rust,4426,851,3709,87,112,342,320,14/02/2025,25:61,31,3491,2674,4.0,26,8,47.5,FAIL,10,Yes,No,Sprint-2,2696.6,MIT
D0578,Chris,Backend,6.5,USA,Atlas,Rust,999999,534,3318,75,401,129,322,02/10/2023,00:00,5,3982,1763,7.1,19,20,15.1,Success,6,Yes,No,Sprint-5,4060.3,Apache-2.0
D0317, ,AI,,India,Nova,python,3119,578,2068,43,53,397,108,01/01/2024,8PM,80,13,2866,10.6,0,16,1.0,Success,10,No,Yes,Sprint-8,772.4,Apache-2.0
D0599,Taylor,Backend,11.3,USA,Atlas,Go,999999,760,5531,34,617,481,158,2023-03-20,00:00,71,4512,1574,0.6,7,14,5.3,Failed,0,No,No,Sprint-4,1054.9,
D0662,Alex,Frontend,,India,Nova,Go,999999,555,1002,191,38,465,351,2023-04-08,00:00,36,360,1596,4.1,0,5,11.4,Failed,6,Yes,No,Sprint-10,3235.0,Apache-2.0
D0337,Alex,Frontend,,USA,Nova,,-5,472,2373,198,50,353,464,2024-05-25,00:00,77,2301,201,9.1,2,16,43.8, ,4,No,No,Sprint-9,2260.3,GPL
D0380,Sam,Frontend,,USA,Atlas,,2679,887,61,136,535,314,104,2024-03-02,00:00,68,253,224,5.0,29,6,14.5,Failed,3,No,No,Sprint-7,4789.3,Apache-2.0
D0105,Taylor,Backend,6.2,India,Nova,python,999999,271,958,95,576,268,27,12/05/2025,25:61,54,3221,2236,5.9,30,6,67.1,Failed,5,No,No,Sprint-2,953.2,
D0118,Sam,DevOps,9.7,USA,Atlas,Java,-5,55,3466,175,292,20,354,2024-01-27,8PM,70,3487,1557,1.8,9,30,22.1, ,6,No,Yes,Sprint-11,4190.5,GPL
D0087, ,Frontend,14.8,USA,Nova,pyhton,999999,598,1067,9,35,332,206,2023-12-13,00:00,93,2211,1824,7.0,17,0,64.5,Failed,1,No,No,Sprint-4,740.0,MIT
D0381, ,Frontend,11.2,USA,Nova,python,-5,288,191,80,165,142,314,2023-03-12,00:00,17,4294,1305,3.2,24,6,33.6,Failed,8,Yes,Yes,Sprint-8,4762.6,Apache-2.0
D0556,Sam,Platform,2.5,USA,Atlas,python,547,58,521,23,75,209,330,2023-04-18,25:61,65,1378,2539,8.6,2,14,5.7,FAIL,1,No,No,Sprint-3,2492.8,MIT
D0470,Chris,Platform,,Germany,Nova, PYTHON,-5,98,5921,124,360,317,476,2023-10-18,00:00,48,3689,467,10.0,9,4,37.9, ,2,Yes,Yes,Sprint-9,1392.9,GPL
D0472,Taylor,AI,9.3,USA,Atlas,,999999,604,1810,73,961,33,0,11/01/2023,8PM,25,2350,2310,5.9,3,14,3.1,Failed,8,No,Yes,Sprint-2,4877.0,Apache-2.0
D0510, ,DevOps,,Germany,Forge,Go,4301,922,571,141,936,434,2,14/12/2023,25:61,2,2536,2697,6.1,29,13,43.4, ,8,No,Yes,Sprint-2,1746.7,GPL
D0216,Taylor,AI,,USA,Nova,Rust,999999,475,859,89,305,406,393,05/03/2024,25:61,15,4947,2454,8.8,16,29,61.7,Success,10,No,No,Sprint-3,4074.5,GPL
D0640,Alex,Frontend,,Germany,Forge,Go,2990,16,3447,98,641,333,315,2023-08-25,8PM,46,4961,2300,11.5,16,5,43.3, ,1,Yes,Yes,Sprint-11,3589.1,GPL
D0135, ,Backend,,India,Nova,Java,-5,496,580,45,752,237,251,24/07/2023,25:61,52,586,1241,8.4,28,16,1.9, ,7,No,Yes,Sprint-10,2947.2,MIT
D0022,Chris,DevOps,,India,Forge,Rust,999999,908,3693,122,767,264,268,2023-09-04,00:00,74,2234,2934,9.3,6,28,7.8, ,5,No,Yes,Sprint-12,1674.1,Apache-2.0
D0425,Chris,Frontend,7.2,India,Atlas,Go,999999,484,3423,120,726,169,223,28/09/2024,8PM,82,1171,1612,1.2,17,19,5.7,Failed,2,Yes,No,Sprint-10,4302.0,GPL
D0272,Taylor,DevOps,,USA,Atlas,Python,999999,457,3624,26,981,140,457,12/09/2023,25:61,5,1893,2925,11.9,16,27,49.9,Success,5,Yes,Yes,Sprint-10,1061.4,
D0591,Chris,AI,12.0,Germany,Atlas,Python,3921,529,738,72,743,476,426,19/09/2023,00:00,87,630,1130,1.3,21,17,2.7,Failed,8,Yes,Yes,Sprint-4,708.2,GPL
D0024,Sam,DevOps,2.8,Germany,Nova,python,3412,113,3034,91,338,321,149,2025-03-24,00:00,68,3132,649,3.3,23,27,12.2,FAIL,3,No,No,Sprint-4,3145.4,
D0066, ,Frontend,,Germany,Nova,Java,1053,711,2106,151,177,450,313,08/03/2023,8PM,50,2067,850,12.5,1,13,69.7, ,3,Yes,No,Sprint-2,234.3,
D0579, ,Frontend,,USA,Atlas,Go,141,160,4524,151,146,78,490,2023-06-15,00:00,92,4377,1215,11.6,23,16,62.1,Success,3,Yes,Yes,Sprint-4,1442.1,GPL
D0565,Taylor,Platform,,USA,Atlas,python,-5,199,387,145,599,438,301,22/04/2024,25:61,46,4552,2884,0.9,29,15,20.9,Failed,1,No,No,Sprint-3,1462.3,
D0141,Alex,Platform,1.5,Germany,Forge,,999999,681,199,14,721,215,48,2024-05-27,8PM,91,442,2590,10.1,6,29,67.5,Failed,9,Yes,Yes,Sprint-11,1117.8,
D0004, ,AI,,Germany,Nova,Python,-5,766,715,154,336,451,405,2023-09-24,25:61,58,1252,677,7.4,20,29,6.0,FAIL,2,Yes,No,Sprint-1,313.0,Apache-2.0
D0228, ,Backend,6.2,Germany,Atlas, PYTHON,-5,599,5787,147,467,445,36,2023-05-21,00:00,99,4594,2579,2.5,11,27,8.6, ,0,Yes,No,Sprint-12,4018.5,Apache-2.0
D0080,Taylor,DevOps,,India,Forge,python,-5,811,1656,171,716,247,32,20/03/2024,8PM,13,379,2641,6.6,6,17,61.3,Success,2,Yes,No,Sprint-4,4771.9,MIT
D0152,Alex,AI,7.7,India,Forge,Rust,2485,474,4044,70,1,346,121,03/12/2024,8PM,38,4939,1382,8.5,11,23,52.2, ,10,No,No,Sprint-3,2435.0,
D0386,Taylor,Backend,,USA,Forge,TypeScript,933,658,2499,125,607,52,319,2023-08-28,8PM,16,545,98,12.5,7,26,6.8,FAIL,5,No,No,Sprint-2,2631.0,MIT
D0478,Chris,Platform,2.2,USA,Forge,TypeScript,999999,178,139,174,576,96,449,2023-01-11,25:61,72,377,2923,3.6,1,13,5.9, ,7,No,Yes,Sprint-3,891.9,
D0267,Sam,AI,7.5,USA,Nova, PYTHON,999999,345,3310,101,1000,0,443,2024-05-25,8PM,52,2930,1077,6.7,22,18,11.3,FAIL,3,Yes,Yes,Sprint-9,2552.3,MIT
D0083,Alex,Backend,12.9,Germany,Nova,,-5,361,2192,134,656,412,436,2024-06-08,00:00,60,3871,2056,11.0,7,15,26.1,FAIL,9,No,No,Sprint-7,1374.4,
D0627,Sam,AI,6.2,USA,Atlas,pyhton,2318,894,4299,200,427,51,208,2024-11-13,00:00,22,4083,639,10.4,19,12,30.0,Failed,3,No,Yes,Sprint-1,59.4,
D0595,Chris,Platform,0.5,USA,Forge,Python,-5,751,5403,121,584,349,444,2024-08-23,25:61,6,447,2416,7.1,14,18,38.3,Failed,1,Yes,Yes,Sprint-2,4887.8,
D0046,Chris,Backend,,USA,Forge,Python,999999,337,4873,55,179,252,93,2024-10-14,00:00,36,4143,1775,10.7,27,12,15.3,Failed,1,No,Yes,Sprint-4,3646.1,GPL
D0598,Alex,Platform,,USA,Atlas,python,-5,477,4688,79,998,40,133,26/09/2024,8PM,53,2221,1715,6.7,23,24,1.1,Success,2,Yes,No,Sprint-6,1479.4,MIT
D0494,Chris,Frontend,,India,Nova,,-5,483,3493,152,566,394,264,2024-09-16,00:00,74,1224,1593,1.9,23,29,39.7, ,7,No,No,Sprint-8,2568.4,
D0015,Alex,Platform,,India,Atlas,,-5,212,339,151,572,66,18,2023-11-09,25:61,4,195,146,13.4,9,7,46.7,FAIL,9,No,Yes,Sprint-11,278.5,
D0087,Alex,DevOps,,India,Atlas,Go,2501,768,4495,21,501,53,296,16/09/2023,8PM,70,1064,1373,8.6,11,15,72.0,FAIL,6,No,No,Sprint-4,2426.8,Apache-2.0
D0238, ,Platform,8.4,India,Nova,TypeScript,-5,710,816,71,490,115,119,2025-05-17,8PM,35,4233,1295,12.1,29,21,55.2, ,6,Yes,No,Sprint-10,1139.4,
D0562,Chris,Platform,10.4,Germany,Atlas,Python,4584,204,4442,101,645,251,411,29/09/2023,8PM,95,3227,260,10.9,1,0,25.4,FAIL,5,Yes,Yes,Sprint-7,1693.2,Apache-2.0
D0531,Alex,Backend,0.5,Germany,Forge,Java,4882,591,416,126,468,326,74,11/09/2024,25:61,81,-9,1689,6.1,16,12,27.4,Failed,8,Yes,No,Sprint-2,1077.3,MIT
D0077,Chris,Platform,11.5,Germany,Nova,Java,-5,591,2319,119,732,273,452,2023-05-14,25:61,19,1588,392,4.2,18,17,30.4,Success,5,No,No,Sprint-6,3338.8,Apache-2.0
D0686,Sam,Backend,,Germany,Forge,Go,-5,178,3156,77,602,1,20,2024-01-19,25:61,12,1806,2550,14.0,3,1,20.2,Success,9,No,No,Sprint-9,540.1,MIT
D0553,Chris,Backend,,Germany,Forge, PYTHON,999999,504,4205,78,799,454,178,2024-09-02,8PM,60,3928,431,9.8,1,25,57.2, ,3,No,No,Sprint-1,2272.8,Apache-2.0
D0458,Alex,Backend,,Germany,Atlas, PYTHON,-5,798,385,137,518,344,466,24/02/2024,8PM,58,1551,2755,8.8,9,12,56.5,Success,2,Yes,No,Sprint-5,505.5,
D0356,Sam,Frontend,7.1,USA,Nova,Java,3271,133,1978,123,185,102,295,26/03/2025,00:00,100,2096,1730,4.5,9,16,50.9,Failed,0,Yes,Yes,Sprint-11,3477.7,
D0296, ,AI,,Germany,Atlas,TypeScript,999999,291,4838,111,491,145,285,2023-07-23,00:00,23,4285,2652,13.6,9,3,54.4,FAIL,1,Yes,Yes,Sprint-5,3041.5,
D0169, ,Frontend,8.0,Germany,Forge,,999999,79,4332,11,337,278,315,28/07/2024,8PM,25,1624,1940,7.5,23,9,12.7,FAIL,2,Yes,No,Sprint-6,963.9,
D0396,Chris,AI,,Germany,Atlas,TypeScript,2382,914,147,79,442,261,176,16/01/2024,25:61,1,1758,1202,2.5,21,8,7.8,Failed,10,Yes,No,Sprint-8,1127.6,Apache-2.0
D0643, ,DevOps,,India,Atlas,Java,999999,71,2233,34,674,146,495,26/06/2023,8PM,68,3640,2311,5.6,27,15,30.4,Failed,5,Yes,Yes,Sprint-5,2081.4,MIT
D0596,Taylor,Platform,,USA,Atlas,TypeScript,-5,603,1724,150,982,194,34,29/12/2023,25:61,37,663,687,1.9,26,24,51.4,Failed,1,Yes,Yes,Sprint-9,2902.0,Apache-2.0
D0636, ,AI,,USA,Nova,python,775,655,50,115,648,417,481,19/09/2024,00:00,73,4719,1739,13.4,22,11,45.5,FAIL,4,No,No,Sprint-2,4677.8,GPL
D0511,Chris,AI,10.7,Germany,Nova,TypeScript,-5,956,933,73,933,275,385,2024-12-28,00:00,71,-7,2479,4.7,14,13,67.2,FAIL,5,No,Yes,Sprint-6,1066.6,Apache-2.0
D0345,Chris,AI,11.4,Germany,Nova,Rust,-5,97,4223,71,215,165,460,2025-05-31,8PM,25,4953,2802,13.6,7,8,56.4,Failed,6,No,No,Sprint-4,4309.5,MIT
D0642,Taylor,Frontend,,USA,Nova,,-5,576,3379,5,463,49,22,03/12/2024,00:00,36,3219,1712,1.4,0,9,51.6,Success,9,Yes,No,Sprint-2,1776.4,Apache-2.0
D0473,Chris,DevOps,2.0,Germany,Nova,python,-5,838,5126,110,115,413,206,2024-11-08,00:00,85,4874,2549,4.1,24,26,38.1,FAIL,4,Yes,Yes,Sprint-2,2141.9,
D0211, ,Backend,2.6,India,Atlas,Rust,2510,178,4974,118,346,92,29,2024-10-02,00:00,33,69,2862,9.2,24,11,34.4,FAIL,1,No,Yes,Sprint-3,331.2,MIT
D0518, ,Platform,3.5,Germany,Forge,Python,2351,869,300,61,237,330,131,11/09/2024,8PM,26,3128,285,8.1,16,12,61.8,Failed,0,Yes,Yes,Sprint-8,451.0,
D0345,Sam,Frontend,,Germany,Atlas,Go,999999,685,2083,79,290,85,343,03/02/2024,00:00,67,2875,2046,4.2,30,20,33.4,Success,0,No,No,Sprint-8,221.3,MIT
D0573,Chris,Backend,,Germany,Nova,,999999,745,4647,28,411,433,418,14/04/2024,25:61,58,2495,220,10.6,26,18,62.5,Success,3,No,Yes,Sprint-8,2101.8,MIT
D0571, ,Platform,,USA,Nova,pyhton,-5,661,4838,122,959,266,298,2023-10-02,25:61,46,820,2567,3.3,12,20,29.6, ,5,No,Yes,Sprint-5,2290.4,GPL
D0396,Chris,Frontend,,USA,Nova,TypeScript,4618,475,1439,125,948,493,124,04/08/2023,8PM,78,1997,2313,1.1,20,6,41.0,FAIL,8,Yes,No,Sprint-8,1849.8,MIT
D0019,Taylor,AI,,Germany,Forge,Python,-5,283,3166,64,523,188,428,12/06/2024,25:61,35,15,388,2.7,28,15,50.9,Success,1,No,No,Sprint-7,392.6,Apache-2.0
D0245, ,AI,6.1,India,Atlas,Rust,1790,390,4287,69,548,302,18,2025-01-31,25:61,36,4126,1576,7.3,30,6,65.6,FAIL,6,Yes,No,Sprint-1,458.4,Apache-2.0
D0412,Chris,Frontend,,USA,Nova,Python,-5,135,1705,196,122,402,370,2024-02-07,00:00,94,40,1170,6.9,14,8,21.5,Failed,1,No,Yes,Sprint-10,4624.2,
D0659,Sam,DevOps,,India,Nova,Python,-5,71,4630,43,564,470,362,2023-12-29,25:61,84,4058,123,14.0,16,8,27.4,Failed,8,Yes,Yes,Sprint-10,4148.9,MIT
D0235,Chris,DevOps,,USA,Forge,Python,1122,724,2626,188,655,204,153,2023-05-22,8PM,77,3353,2093,5.3,27,10,7.2,Success,0,Yes,Yes,Sprint-6,725.5,MIT
D0650, ,Platform,4.3,USA,Nova,Java,999999,744,2618,195,584,50,261,2025-02-06,00:00,66,3816,1323,5.9,25,20,6.7,Success,1,No,No,Sprint-5,2382.2,
D0523,Taylor,Frontend,,India,Forge,,3384,491,2333,134,368,447,395,20/03/2023,00:00,57,2353,1855,8.6,19,1,53.2,Failed,9,No,No,Sprint-9,358.1,GPL
D0161, ,Platform,1.1,Germany,Atlas,Java,999999,113,1555,111,440,87,164,04/11/2023,00:00,8,509,264,12.3,2,26,29.6,FAIL,2,No,Yes,Sprint-11,2667.8,MIT
D0643, ,AI,,India,Forge,TypeScript,999999,894,318,47,446,440,165,23/05/2024,25:61,72,2048,2153,5.2,18,20,11.8, ,9,Yes,No,Sprint-2,2772.2,GPL
D0347,Sam,Backend,,Germany,Forge,,-5,320,1122,159,246,272,108,27/04/2024,00:00,46,4170,2897,10.8,0,11,33.3,Failed,4,No,Yes,Sprint-5,2667.8,MIT
D0684,Chris,Frontend,2.4,India,Forge, PYTHON,1924,413,108,195,288,82,239,13/09/2024,25:61,60,1593,1214,11.7,15,10,31.1,Failed,0,No,No,Sprint-9,1662.2,Apache-2.0
D0046,Sam,Backend,1.1,India,Forge, PYTHON,999999,224,5862,58,22,101,165,03/03/2025,25:61,38,3308,2874,11.3,27,23,14.5,Failed,3,Yes,No,Sprint-3,3576.3,GPL
D0583,Chris,Platform,,Germany,Nova,,999999,404,5721,11,289,386,106,23/03/2023,25:61,33,1889,221,12.3,29,0,23.3, ,0,No,Yes,Sprint-6,2058.4,
D0233,Chris,DevOps,,India,Atlas,TypeScript,999999,594,4187,75,38,411,204,01/04/2025,25:61,47,1678,2375,1.9,17,24,15.0,Success,10,Yes,Yes,Sprint-6,2720.0,
D0673,Alex,Frontend,7.6,USA,Nova,python,1809,508,1451,74,32,53,18,21/01/2023,8PM,7,2265,240,3.1,10,28,43.3,Failed,7,No,No,Sprint-7,2795.1,GPL
D0108,Taylor,Backend,7.9,Germany,Forge,python,999999,399,1457,35,651,122,201,30/11/2024,8PM,75,1862,953,13.8,23,1,58.4, ,4,No,Yes,Sprint-10,3230.3,
D0209,Alex,Frontend,,Germany,Nova,Rust,12,988,4334,184,827,211,56,27/06/2023,00:00,85,791,1015,5.1,24,28,56.0,Failed,9,Yes,Yes,Sprint-6,4187.0,MIT
D0490,Chris,Platform,6.6,USA,Forge,python,-5,523,3417,94,82,300,147,16/10/2024,00:00,23,3551,126,2.5,6,9,61.5,FAIL,8,No,No,Sprint-10,4442.5,MIT
D0363,Taylor,AI,9.4,USA,Nova,Java,-5,377,1475,15,428,440,305,2023-03-17,00:00,98,2401,35,10.1,22,20,53.5,Success,3,No,Yes,Sprint-11,3612.1,Apache-2.0
D0695,Alex,DevOps,,USA,Forge,,2543,591,4163,103,553,424,487,2025-03-06,8PM,37,888,322,2.7,2,26,53.9,Failed,8,Yes,No,Sprint-11,1844.1,MIT
D0443,Taylor,AI,,Germany,Nova,pyhton,999999,540,5335,79,679,35,216,09/03/2024,8PM,61,929,25,3.8,29,12,41.3,Success,10,Yes,No,Sprint-7,4876.2,
D0428, ,DevOps,,USA,Atlas,pyhton,3105,811,4381,80,559,101,186,2024-07-04,25:61,35,3027,601,10.9,21,16,69.4,FAIL,9,No,No,Sprint-2,3718.1,
D0065,Sam,Platform,8.0,USA,Atlas,Python,3,135,1038,168,646,251,164,2023-08-20,00:00,53,4207,824,3.3,8,19,67.8,FAIL,8,Yes,Yes,Sprint-10,2535.2,Apache-2.0
D0479,Alex,Platform,7.0,Germany,Nova,pyhton,2999,998,5329,95,0,37,364,21/05/2023,25:61,98,386,1332,10.7,24,19,56.5,Failed,7,Yes,Yes,Sprint-6,1567.3,GPL
D0695, ,AI,,USA,Atlas,Python,-5,913,1079,42,128,464,362,2023-09-02,25:61,37,3707,308,3.4,18,7,21.7,Success,10,Yes,No,Sprint-2,2886.7,Apache-2.0
D0022,Taylor,Platform,9.5,USA,Forge,pyhton,-5,581,3323,154,574,446,392,2024-03-28,00:00,90,4048,1358,0.5,16,23,61.1,Success,9,No,No,Sprint-9,948.1,
D0291,Chris,AI,,Germany,Atlas,python,-5,423,366,89,723,369,379,10/08/2024,25:61,63,-42,2325,13.6,12,28,11.6,Success,5,No,Yes,Sprint-12,1875.7,GPL
D0229,Sam,AI,13.4,USA,Atlas,Rust,-5,756,5649,45,318,88,284,25/06/2024,25:61,68,2990,2945,9.7,4,14,26.2,Success,1,No,No,Sprint-7,2636.5,
D0150,Sam,AI,1.8,USA,Atlas,Java,1595,620,5232,20,298,40,371,27/04/2024,25:61,31,2775,192,6.5,2,11,62.5, ,0,No,Yes,Sprint-9,3354.2,GPL
D0655,Sam,DevOps,6.8,Germany,Atlas,Java,999999,701,4288,198,108,235,398,07/07/2024,25:61,54,2425,149,4.7,23,10,55.4, ,10,No,No,Sprint-6,4123.0,
D0640, ,AI,,USA,Forge, PYTHON,999999,218,1300,155,147,444,488,12/05/2023,8PM,13,4830,1501,0.3,23,2,52.4,Failed,5,Yes,Yes,Sprint-1,4510.9,
D0503,Alex,Backend,,India,Atlas,TypeScript,-5,548,4022,119,376,469,33,2023-09-05,8PM,74,4916,2860,1.5,2,2,57.9,FAIL,6,Yes,No,Sprint-10,1670.1,
D0130,Chris,AI,,India,Forge,Java,-5,894,2571,140,367,494,487,2025-03-31,00:00,54,2992,2778,4.4,4,13,64.9, ,1,No,No,Sprint-6,3815.2,
D0240,Sam,DevOps,,USA,Atlas,pyhton,-5,493,3288,18,513,283,398,09/08/2023,00:00,29,4262,2702,0.2,3,5,12.2,Failed,9,No,Yes,Sprint-3,43.8,Apache-2.0
D0401, ,Frontend,13.7,Germany,Nova,python,-5,49,1866,31,542,337,420,26/06/2023,8PM,80,113,981,5.3,18,13,7.8,FAIL,3,Yes,Yes,Sprint-1,1533.7,
D0593,Taylor,Backend,,India,Forge, PYTHON,999999,531,3294,143,528,306,93,24/03/2023,8PM,39,2276,1461,5.9,23,27,22.3,FAIL,5,Yes,No,Sprint-11,3873.0,MIT
D0060,Sam,DevOps,,India,Atlas,,-5,371,5477,156,868,250,353,23/01/2023,00:00,77,918,1928,3.9,12,3,26.7,Success,5,Yes,Yes,Sprint-6,1333.5,MIT
D0668,Taylor,AI,14.4,USA,Forge,Go,975,888,2268,26,303,218,7,10/04/2024,25:61,90,3470,317,5.2,23,3,13.6,FAIL,6,No,No,Sprint-2,1564.1,Apache-2.0
D0095,Alex,AI,,India,Forge,Python,3247,97,2230,67,173,423,106,2024-03-10,25:61,83,2591,2629,9.2,19,9,67.9,Failed,3,Yes,Yes,Sprint-6,2298.5,MIT
D0361,Sam,AI,10.6,USA,Atlas,pyhton,999999,200,3372,114,541,182,95,21/06/2024,25:61,59,581,2975,3.8,12,8,20.2,FAIL,8,Yes,Yes,Sprint-12,338.8,
D0400,Chris,AI,,Germany,Nova,TypeScript,43,205,3209,64,469,420,428,24/10/2024,25:61,27,2370,2568,12.0,5,30,43.2,Failed,9,Yes,No,Sprint-3,4769.5,Apache-2.0
D0473,Taylor,AI,3.9,India,Atlas,Go,989,615,3594,197,502,48,451,01/02/2024,00:00,58,3552,1693,5.2,9,8,20.9,Failed,3,Yes,Yes,Sprint-4,4860.6,MIT
D0430,Alex,Frontend,13.2,USA,Nova,,999999,517,2891,23,52,450,435,2023-11-03,8PM,100,1810,2922,13.5,2,15,59.4, ,10,Yes,No,Sprint-7,4830.6,GPL
D0014, ,AI,,Germany,Nova,Java,-5,734,3088,90,372,150,160,2023-07-21,25:61,45,50,461,13.1,26,10,58.0,Failed,6,No,No,Sprint-11,157.5,Apache-2.0
D0104,Taylor,Backend,,India,Forge,TypeScript,-5,489,507,168,840,265,127,22/10/2023,8PM,93,3555,2583,6.4,25,29,38.1,Failed,0,No,No,Sprint-2,2252.7,Apache-2.0
D0620, ,AI,5.6,Germany,Nova, PYTHON,2675,796,5189,11,779,100,260,25/09/2023,8PM,14,4890,1347,4.3,1,23,3.6,FAIL,2,No,Yes,Sprint-12,4917.8,Apache-2.0
D0632,Chris,Platform,,India,Nova,Rust,-5,676,5304,175,917,493,417,05/12/2023,25:61,29,4050,2052,12.4,29,20,66.9,Success,1,Yes,Yes,Sprint-7,216.4,
D0041,Chris,Platform,6.3,India,Forge,python,999999,244,1234,3,633,113,17,2023-01-26,25:61,11,1586,1200,3.8,13,17,60.6, ,8,Yes,No,Sprint-12,1089.7,
D0281,Chris,AI,,India,Nova,TypeScript,999999,635,2325,79,240,462,100,29/12/2024,25:61,36,3409,1593,5.5,18,18,41.9,Failed,2,No,Yes,Sprint-6,3124.1,Apache-2.0
D0590,Taylor,AI,14.9,Germany,Atlas,TypeScript,4425,834,2286,72,168,433,374,2023-12-30,00:00,36,1354,1892,11.6,30,14,16.0,FAIL,1,No,No,Sprint-11,3632.2,GPL
D0130,Chris,DevOps,,Germany,Atlas,Python,-5,640,2459,112,213,473,376,26/01/2023,8PM,80,2945,1867,13.0,26,11,14.7,FAIL,1,Yes,Yes,Sprint-10,1366.3,Apache-2.0
D0111,Sam,AI,12.8,Germany,Atlas,Python,3187,57,3150,4,611,340,75,19/05/2025,25:61,30,664,2664,11.5,7,21,53.2, ,4,No,Yes,Sprint-4,356.3,MIT
D0212,Alex,DevOps,6.1,India,Forge,pyhton,-5,610,3435,142,918,76,268,27/12/2024,8PM,46,1005,673,6.9,1,2,69.6,Success,4,No,No,Sprint-9,1327.9,GPL
D0233, ,DevOps,9.4,Germany,Forge,Rust,263,90,4848,7,244,404,207,2023-03-08,00:00,39,2168,2239,12.7,17,0,6.0, ,7,No,No,Sprint-10,4861.1,GPL
D0694,Taylor,Frontend,,USA,Forge,Python,-5,603,5244,131,213,121,325,2023-01-04,25:61,62,4643,969,10.5,14,26,21.8,Success,3,Yes,No,Sprint-7,2134.0,MIT
D0228,Alex,AI,,India,Nova,Rust,999999,820,2371,130,822,420,172,2024-02-17,00:00,78,2003,1685,11.3,30,20,14.1,FAIL,9,Yes,No,Sprint-10,3188.2,MIT
D0038,Sam,Backend,,USA,Forge,pyhton,1798,880,2915,95,23,220,60,2024-03-30,00:00,3,3618,340,4.2,22,27,50.1, ,10,Yes,No,Sprint-1,2537.7,MIT
D0688, ,Backend,9.5,USA,Nova,python,1520,731,1754,156,134,457,50,2024-11-29,25:61,55,407,1992,9.3,16,3,22.5,FAIL,9,No,Yes,Sprint-6,606.9,Apache-2.0
D0248,Alex,Backend,7.0,USA,Atlas,TypeScript,490,492,485,57,948,129,350,17/03/2024,25:61,70,290,628,3.0,14,14,44.9, ,8,Yes,Yes,Sprint-8,4657.6,MIT
D0208,Taylor,DevOps,4.6,Germany,Nova,Java,-5,689,5888,85,426,290,437,2023-06-02,25:61,17,2031,2243,9.5,16,18,3.0, ,5,No,Yes,Sprint-3,4931.2,Apache-2.0
D0477,Alex,DevOps,,India,Nova,Java,1267,956,4806,86,898,114,230,12/04/2023,25:61,94,3566,1059,4.0,12,12,64.5,Failed,2,Yes,Yes,Sprint-11,4788.6,Apache-2.0
D0266, ,DevOps,,India,Nova,TypeScript,999999,489,5992,103,381,350,391,2023-02-07,25:61,81,1468,2859,5.1,10,22,38.0,FAIL,3,No,Yes,Sprint-9,2864.0,GPL
D0266,Taylor,AI,10.1,USA,Forge,Java,-5,594,217,11,430,125,219,18/09/2024,25:61,70,2288,1313,2.8,3,5,36.4, ,4,Yes,Yes,Sprint-5,2474.7,GPL
D0427,Chris,AI,,Germany,Nova,Go,-5,567,3888,174,685,374,391,27/10/2023,00:00,10,1713,279,3.2,26,1,22.1, ,8,Yes,Yes,Sprint-4,4149.7,MIT
D0219,Sam,Backend,,India,Nova,,824,247,5561,132,116,261,155,25/10/2023,8PM,68,2375,1717,12.6,30,24,58.8,Success,9,Yes,Yes,Sprint-4,4616.8,GPL
D0249, ,DevOps,13.9,India,Nova,,999999,931,4863,182,520,462,105,26/04/2024,8PM,50,4509,2890,13.8,30,14,5.8,Success,3,No,No,Sprint-1,614.1,GPL
D0317, ,Backend,,Germany,Forge,pyhton,-5,594,574,18,615,310,38,2024-10-13,8PM,24,1065,2266,8.6,2,24,56.7,Success,9,Yes,Yes,Sprint-1,2646.6,
D0356, ,DevOps,,USA,Atlas, PYTHON,-5,856,1997,19,214,189,74,2024-07-15,25:61,97,1551,2952,7.6,7,20,52.9, ,4,No,Yes,Sprint-12,3362.2,Apache-2.0
D0428,Sam,Platform,,Germany,Forge,TypeScript,4941,812,5061,120,454,149,5,2023-11-26,00:00,91,3047,492,3.0,27,29,46.3, ,2,No,Yes,Sprint-7,1441.9,MIT
D0142,Chris,Frontend,,USA,Forge,Rust,999999,217,3649,85,912,208,92,2024-02-17,00:00,22,859,1654,2.7,2,20,23.3, ,9,Yes,No,Sprint-4,548.6,Apache-2.0
D0689, ,Backend,7.0,USA,Forge,Rust,1865,695,4662,133,150,211,157,18/10/2024,00:00,27,234,1911,11.5,10,17,54.5,Success,6,No,No,Sprint-5,4786.5,MIT
D0407, ,DevOps,6.2,USA,Forge,Java,999999,500,2589,65,4,339,221,2024-04-08,8PM,36,2613,2174,10.3,27,24,26.7,FAIL,9,No,Yes,Sprint-2,2601.5,Apache-2.0
D0581,Sam,AI,2.9,Germany,Forge,pyhton,-5,916,2280,54,853,58,457,01/03/2025,25:61,3,4448,2121,10.7,29,7,22.2, ,9,Yes,No,Sprint-5,669.0,MIT
D0362, ,Backend,7.0,India,Atlas, PYTHON,999999,105,2536,149,236,112,145,2024-01-13,00:00,44,486,203,4.7,27,26,9.9,FAIL,4,Yes,Yes,Sprint-7,713.9,
D0330,Taylor,Frontend,,Germany,Atlas,python,-5,9,1846,115,752,160,259,11/01/2024,00:00,84,4371,1760,10.6,3,16,24.7,FAIL,2,No,No,Sprint-7,4432.5,
D0389,Taylor,Platform,5.0,India,Nova,pyhton,999999,614,2979,24,580,32,164,23/03/2023,25:61,75,4690,1967,3.0,8,5,24.2,Failed,10,Yes,No,Sprint-5,1623.1,
D0161,Alex,Frontend,11.6,India,Atlas, PYTHON,2181,453,4317,196,560,412,123,23/09/2024,00:00,8,1884,2663,3.7,25,24,44.3,Failed,3,Yes,Yes,Sprint-3,504.9,GPL
D0514,Sam,AI,,India,Atlas, PYTHON,-5,265,1531,92,182,69,192,2025-04-20,00:00,17,442,1457,0.2,25,12,1.2,FAIL,0,Yes,Yes,Sprint-5,2435.2,MIT
D0290, ,Platform,9.8,USA,Atlas,Rust,-5,244,107,112,917,379,418,26/05/2024,25:61,83,3767,1161,13.9,14,0,36.4,FAIL,8,Yes,Yes,Sprint-5,4459.7,
D0440,Taylor,DevOps,13.4,India,Atlas,TypeScript,3243,536,973,32,928,388,23,2023-02-20,00:00,42,2750,2408,8.7,3,8,17.9, ,2,No,No,Sprint-1,4996.5,MIT
D0479, ,Platform,,Germany,Forge,,999999,431,3129,137,0,440,106,2024-09-01,8PM,78,4344,376,12.2,30,4,6.0, ,6,No,Yes,Sprint-4,1085.1,Apache-2.0
D0378,Chris,DevOps,,India,Atlas, PYTHON,3666,290,2062,192,641,228,491,11/01/2024,8PM,76,1717,256,2.0,21,17,40.4,Failed,5,No,No,Sprint-6,349.2,Apache-2.0
D0068,Chris,Backend,0.9,USA,Forge,pyhton,-5,40,677,111,677,307,108,2024-05-26,25:61,85,741,20,12.1,9,29,23.5,FAIL,10,Yes,Yes,Sprint-3,4240.1,Apache-2.0
D0240, ,Frontend,8.8,India,Nova, PYTHON,4062,223,4084,94,364,29,412,2024-09-29,8PM,65,679,1493,2.9,12,14,8.3,Failed,7,Yes,Yes,Sprint-5,3555.0,MIT
D0143,Alex,Frontend,,India,Atlas,python,-5,613,2437,157,918,183,163,15/07/2023,00:00,51,1345,1811,8.8,1,4,61.5,Failed,8,No,No,Sprint-5,2773.7,MIT
D0024,Sam,DevOps,,India,Atlas,Java,4817,723,4083,158,499,154,62,2025-01-02,25:61,8,18,884,2.7,28,21,61.2,Success,7,Yes,No,Sprint-8,201.2,GPL
D0686,Taylor,DevOps,1.4,USA,Forge,Go,-5,173,5953,15,888,83,457,2025-03-21,8PM,5,2159,1989,2.7,13,17,57.8,Failed,4,No,No,Sprint-11,458.4,GPL
D0255,Taylor,Frontend,12.0,Germany,Atlas,Java,999999,475,2045,6,131,130,120,07/04/2023,00:00,51,2345,149,6.7,2,25,22.6,Failed,4,Yes,No,Sprint-6,358.4,GPL
D0388,Chris,Backend,,Germany,Atlas, PYTHON,1633,946,3616,5,283,319,196,2023-03-30,00:00,32,2417,711,11.3,10,24,69.2, ,8,No,No,Sprint-5,1035.3,Apache-2.0
D0395,Alex,Frontend,4.3,India,Forge,python,4343,520,1278,26,826,254,499,2023-10-14,00:00,51,1117,2458,11.2,2,0,21.8,Success,0,No,No,Sprint-2,4184.9,GPL
D0340, ,Frontend,9.9,India,Forge,TypeScript,-5,677,4032,149,892,139,467,14/03/2024,00:00,95,3157,1262,10.2,5,3,32.0, ,5,No,No,Sprint-3,4802.4,
D0693,Chris,DevOps,,India,Atlas,Rust,3965,703,3301,149,788,455,303,2024-06-25,25:61,29,3356,1033,1.2,3,30,29.2,Success,8,No,No,Sprint-9,888.5,GPL
D0249,Alex,Platform,2.3,India,Forge,pyhton,-5,108,3800,122,839,401,407,2023-01-07,25:61,47,407,370,11.7,23,11,1.0, ,6,No,Yes,Sprint-12,4768.2,GPL
D0467,Taylor,Platform,,Germany,Forge,TypeScript,-5,514,3701,94,262,373,41,21/11/2023,25:61,29,845,1915,5.2,11,25,48.9,FAIL,6,No,No,Sprint-10,3131.2,Apache-2.0
D0073,Alex,DevOps,14.9,Germany,Forge,,-5,938,4364,129,855,378,39,2023-03-12,8PM,43,2366,515,3.2,3,5,37.0,Failed,8,Yes,Yes,Sprint-5,1195.8,GPL
D0238,Taylor,Platform,,Germany,Nova,,2330,790,3794,105,290,280,370,2025-01-16,25:61,63,2512,1087,4.6,29,0,6.0,FAIL,4,Yes,Yes,Sprint-8,4795.0,GPL
D0586,Taylor,Platform,,Germany,Forge,Python,168,498,4090,40,453,315,66,2024-11-16,00:00,98,330,1473,11.5,18,18,2.2,Success,10,No,No,Sprint-4,2096.8,MIT
D0386, ,Backend,,Germany,Forge,TypeScript,-5,788,2256,39,271,91,8,31/03/2023,8PM,43,1141,2608,7.4,21,27,41.7,Failed,2,Yes,No,Sprint-11,3460.1,
D0410,Sam,Platform,7.2,India,Atlas, PYTHON,-5,579,11,186,207,107,97,2024-08-22,25:61,100,2248,1000,7.1,10,24,23.0,Failed,10,No,Yes,Sprint-4,1900.4,MIT
D0460,Chris,Frontend,2.6,USA,Nova,TypeScript,-5,897,4445,163,459,279,235,02/08/2024,00:00,68,1280,2938,0.8,17,3,53.0,Failed,1,No,Yes,Sprint-4,720.7,GPL
D0267,Chris,DevOps,,USA,Nova,pyhton,2125,463,4144,55,0,377,9,20/05/2024,8PM,71,950,424,1.8,29,4,60.0,FAIL,7,No,Yes,Sprint-9,1035.0,
D0520,Taylor,Frontend,,USA,Nova,pyhton,999999,312,3176,179,239,451,464,2024-06-13,25:61,9,978,226,11.9,10,9,25.6,Success,1,No,Yes,Sprint-9,2015.9,MIT
D0687,Alex,Backend,7.1,Germany,Forge,python,2347,694,2644,86,867,214,67,2023-06-16,25:61,74,4811,604,4.3,26,0,38.0,Failed,1,No,Yes,Sprint-1,1635.7,
D0370,Taylor,AI,,India,Forge,Java,-5,3,2272,2,612,308,170,2023-08-06,25:61,14,1076,731,12.6,13,6,58.5,Failed,6,Yes,No,Sprint-12,4610.5,Apache-2.0
D0132,Taylor,AI,3.5,USA,Nova,,-5,54,2308,98,791,346,136,2023-07-03,25:61,61,3168,170,10.0,10,3,71.5,FAIL,10,No,No,Sprint-8,3722.1,MIT
D0655, ,Frontend,14.8,Germany,Nova, PYTHON,-5,942,425,128,281,93,199,2024-06-30,8PM,43,2607,1754,3.7,24,15,40.2,Failed,2,Yes,Yes,Sprint-9,4257.2,
D0170,Sam,DevOps,,Germany,Forge,Java,999999,69,4635,187,798,139,305,15/04/2023,00:00,32,956,2216,3.6,23,28,20.5,FAIL,4,No,No,Sprint-7,1050.7,Apache-2.0
D0265, ,Platform,,Germany,Forge,Go,-5,930,4246,36,455,189,248,2025-06-05,25:61,82,2473,2199,3.9,8,13,41.6,Failed,10,Yes,No,Sprint-5,3135.9,GPL
D0575,Taylor,DevOps,1.5,USA,Nova,Go,999999,121,5044,86,231,281,202,27/02/2023,8PM,92,4928,1024,1.5,21,5,7.6, ,5,Yes,Yes,Sprint-10,4557.6,MIT
D0549, ,Frontend,7.9,Germany,Atlas,Rust,999999,634,334,190,273,272,465,10/03/2024,00:00,78,3687,880,11.9,24,16,0.7,FAIL,9,Yes,Yes,Sprint-5,11.6,GPL
D0423,Alex,Frontend,13.1,USA,Nova,python,1160,563,3387,121,114,64,117,05/02/2025,8PM,51,3219,2112,1.7,7,10,36.8,Success,2,No,No,Sprint-12,368.9,GPL
D0651,Sam,DevOps,,Germany,Forge,Python,999999,478,2729,22,562,29,18,04/05/2023,8PM,55,233,319,10.0,26,17,61.0,FAIL,3,No,Yes,Sprint-5,1353.3,
D0429,Taylor,AI,,USA,Forge,TypeScript,999999,642,4406,172,332,171,450,21/03/2023,8PM,95,3674,2731,2.4,1,9,58.6,Failed,6,No,Yes,Sprint-7,4105.5,
D0230, ,Frontend,11.0,India,Forge,Rust,-5,79,4699,34,346,69,440,2023-11-01,8PM,57,2043,1232,8.2,16,19,22.9,Failed,1,Yes,Yes,Sprint-7,482.4,MIT
D0559,Alex,Frontend,14.3,India,Nova,,3967,101,2963,119,957,84,176,2024-03-29,8PM,22,4587,568,8.4,13,6,50.6,Success,10,Yes,Yes,Sprint-8,1531.2,
D0318,Alex,Backend,,USA,Forge,Python,-5,352,2951,102,155,291,266,21/04/2023,00:00,46,4313,1461,11.5,29,6,57.9, ,3,No,Yes,Sprint-1,711.6,GPL
D0372,Chris,Backend,8.4,India,Nova,python,-5,92,261,64,824,326,154,15/02/2023,8PM,1,1089,2489,8.1,10,6,39.2,FAIL,2,No,Yes,Sprint-2,389.2,MIT
D0422,Alex,DevOps,,Germany,Atlas,Python,999999,14,4050,30,401,134,267,24/01/2023,00:00,98,1578,2501,9.2,24,10,67.0,Failed,5,Yes,No,Sprint-1,2473.5,MIT
D0363,Sam,AI,,USA,Nova,TypeScript,3122,731,2945,166,380,429,61,22/10/2023,8PM,49,1387,979,5.7,6,23,34.7,Success,1,Yes,No,Sprint-12,4098.6,MIT
D0581,Taylor,Platform,12.5,Germany,Nova,Python,-5,629,664,120,601,195,380,22/04/2023,00:00,90,1284,739,6.8,20,0,23.0,Success,2,No,Yes,Sprint-6,969.1,
D0079, ,DevOps,11.4,Germany,Atlas,Java,999999,916,694,145,558,268,488,2023-04-08,00:00,41,1844,1350,12.1,26,0,34.2,Failed,7,No,Yes,Sprint-5,4480.1,Apache-2.0
D0191,Chris,Backend,2.4,India,Forge,TypeScript,999999,505,1405,45,357,126,50,2023-07-21,25:61,73,1707,2482,9.0,19,29,49.8,FAIL,6,No,No,Sprint-6,4452.8,GPL
D0136,Sam,DevOps,2.8,USA,Nova,Go,-5,310,4950,156,145,6,121,28/05/2024,25:61,54,2376,2899,9.1,19,13,67.1,FAIL,8,No,Yes,Sprint-2,3896.4,
D0436,Sam,DevOps,1.7,India,Nova, PYTHON,-5,151,5037,63,243,254,70,27/03/2025,00:00,15,288,2551,7.7,17,3,35.8,FAIL,0,Yes,Yes,Sprint-11,3346.6,MIT
D0449, ,Frontend,11.4,India,Forge, PYTHON,-5,270,436,161,226,453,110,05/01/2023,25:61,26,365,2219,0.5,29,8,18.4, ,5,Yes,Yes,Sprint-12,463.2,MIT
D0578,Chris,Backend,,India,Forge, PYTHON,-5,909,4057,101,360,217,465,2023-02-24,8PM,45,980,2996,4.8,17,21,25.2,Success,9,Yes,Yes,Sprint-7,93.0,
D0139,Chris,AI,,USA,Forge,Java,4003,557,4281,18,803,425,419,29/10/2024,00:00,69,187,1638,11.0,26,4,49.4, ,10,Yes,Yes,Sprint-9,2094.0,
D0316, ,DevOps,,USA,Forge,TypeScript,4538,653,2684,193,763,347,74,22/01/2023,8PM,81,893,2311,6.5,10,30,27.7,Success,1,No,No,Sprint-9,2623.7,
D0599, ,DevOps,,Germany,Atlas,,1341,702,5001,118,252,139,387,08/10/2023,00:00,73,2397,1241,11.5,10,30,47.4,FAIL,9,Yes,Yes,Sprint-1,2491.4,MIT
D0485,Chris,AI,1.2,USA,Atlas,Rust,1253,29,3158,180,117,13,31,11/10/2024,25:61,32,3552,672,12.2,22,13,5.5, ,0,Yes,Yes,Sprint-12,1552.1,Apache-2.0
D0250,Sam,AI,,Germany,Nova,Java,-5,293,2305,161,590,288,12,2024-05-29,00:00,44,293,1546,10.2,14,15,8.5,FAIL,1,Yes,Yes,Sprint-8,2960.0,Apache-2.0
D0620,Alex,DevOps,9.7,India,Forge,,999999,677,4990,174,396,56,187,2024-05-04,00:00,45,4469,194,13.1,0,30,66.7,FAIL,1,Yes,No,Sprint-3,1621.5,MIT
D0419,Taylor,DevOps,,Germany,Forge,Go,-5,1000,5331,61,387,477,491,25/04/2023,25:61,61,9,2145,2.7,25,23,16.8,FAIL,5,Yes,No,Sprint-8,203.2,GPL
D0123,Sam,DevOps,13.5,Germany,Atlas,,4661,856,4909,148,291,281,380,24/10/2023,25:61,60,1402,1718,0.5,24,10,54.8,Failed,6,Yes,No,Sprint-2,3633.1,MIT
D0579,Chris,DevOps,12.9,USA,Forge,Rust,999999,995,1595,107,566,33,110,2023-03-13,8PM,16,2798,2870,12.6,2,26,53.5,Success,4,No,Yes,Sprint-3,815.6,MIT
D0516,Alex,Frontend,,India,Forge, PYTHON,4589,323,1523,143,193,478,84,19/02/2023,00:00,2,310,1034,11.6,22,9,54.2, ,6,No,No,Sprint-8,1762.5,Apache-2.0
D0158,Taylor,AI,,India,Forge,,-5,419,5627,85,96,18,8,26/05/2025,8PM,9,163,2880,13.8,4,21,63.0, ,9,No,No,Sprint-10,2006.4,
D0364,Sam,Frontend,,USA,Forge,TypeScript,999999,657,702,42,511,411,436,2023-03-14,00:00,22,2273,552,11.9,12,5,70.1,Success,2,Yes,Yes,Sprint-7,2320.6,MIT
D0282,Alex,Platform,11.6,USA,Nova, PYTHON,-5,512,622,81,714,86,41,2024-05-22,25:61,15,-38,2549,10.1,19,16,38.3, ,8,No,No,Sprint-9,4188.4,
D0339,Sam,Frontend,11.7,Germany,Forge,pyhton,-5,632,415,63,319,39,156,15/05/2023,8PM,74,553,1320,13.5,19,18,52.8,FAIL,3,Yes,Yes,Sprint-9,309.8,Apache-2.0
D0692,Sam,Platform,1.7,USA,Forge,Rust,-5,35,2333,55,753,46,325,07/02/2024,8PM,23,2972,1383,4.8,7,13,48.8, ,9,Yes,Yes,Sprint-9,4973.4,MIT
D0135,Taylor,DevOps,,Germany,Nova, PYTHON,999999,745,5289,7,555,408,491,14/09/2024,8PM,92,528,1756,12.5,16,20,63.2,FAIL,4,Yes,Yes,Sprint-8,2682.1,GPL
D0325,Alex,Platform,,Germany,Nova, PYTHON,-5,645,1330,119,790,329,59,2024-03-22,8PM,21,4558,1142,5.1,20,3,15.6,Success,0,Yes,No,Sprint-2,565.9,MIT
D0492,Alex,Backend,,USA,Forge,TypeScript,1388,186,4615,150,749,367,162,30/09/2024,00:00,32,1147,1233,9.0,5,13,32.4,Failed,3,No,No,Sprint-12,4770.1,MIT
D0459, ,Platform,,India,Atlas,,-5,267,1209,124,52,57,91,17/04/2023,8PM,8,266,2726,13.5,8,8,34.8, ,8,Yes,No,Sprint-4,2541.3,GPL
D0655,Alex,DevOps,3.6,India,Nova,,999999,943,415,50,701,366,369,2025-04-17,8PM,74,1770,1801,2.9,26,24,5.6,Success,2,Yes,No,Sprint-7,4636.3,MIT
D0588,Sam,Backend,5.0,USA,Forge,Java,1639,373,3310,126,800,31,82,27/06/2024,8PM,13,4527,2582,11.7,19,13,34.9,Success,0,No,No,Sprint-11,1103.9,
D0069,Sam,AI,,Germany,Atlas,Rust,2542,30,106,42,112,416,38,07/12/2024,25:61,88,1592,2120,11.4,18,21,6.5,Failed,4,Yes,No,Sprint-5,3375.2,
D0661,Sam,AI,1.4,Germany,Atlas,TypeScript,-5,398,2613,187,9,187,348,2024-06-24,8PM,37,3040,1174,6.0,16,12,12.8,Failed,2,No,No,Sprint-5,4077.1,GPL
D0083, ,AI,12.8,USA,Forge,Python,999999,175,5817,79,85,446,490,2024-08-05,25:61,22,1804,2341,4.4,19,4,2.7, ,7,No,Yes,Sprint-2,2097.0,MIT
D0144,Chris,Platform,,India,Nova,TypeScript,999999,617,2343,76,432,224,335,08/07/2023,8PM,67,2549,1080,5.0,24,29,51.8, ,7,No,No,Sprint-2,3597.7,Apache-2.0
D0227,Sam,AI,3.8,India,Forge,Python,-5,749,5433,109,380,296,96,04/11/2023,8PM,47,1155,1482,12.7,20,15,14.0,FAIL,1,No,No,Sprint-10,3229.9,
D0027,Alex,AI,,USA,Forge,Rust,4430,17,784,102,426,231,293,03/04/2024,00:00,77,1631,2377,1.3,3,21,43.9, ,9,No,No,Sprint-3,478.8,
D0514,Taylor,DevOps,,India,Nova,Python,999999,761,1805,43,244,152,443,30/12/2023,25:61,68,1396,861,9.2,5,12,65.9,FAIL,5,Yes,Yes,Sprint-6,900.2,MIT
D0656,Chris,Platform,6.1,Germany,Forge,,3261,110,3260,32,683,496,327,22/03/2023,8PM,28,-4,84,8.6,3,26,0.8,Success,9,Yes,Yes,Sprint-5,2134.6,
D0653,Sam,Backend,1.1,India,Nova,Java,999999,57,3407,101,413,151,159,2024-08-17,25:61,61,395,1881,0.9,21,14,5.3, ,4,No,Yes,Sprint-10,3368.4,GPL
D0220,Alex,Platform,,Germany,Nova, PYTHON,2437,143,4424,40,604,469,386,26/10/2024,00:00,5,1231,1520,9.9,25,30,37.2,Failed,7,No,No,Sprint-11,754.0,GPL
D0479,Chris,Frontend,8.0,India,Nova,,-5,282,4139,0,401,348,136,2024-05-17,00:00,57,2000,2100,1.8,21,22,50.1,Failed,5,No,Yes,Sprint-8,1946.0,GPL
D0347,Taylor,AI,,India,Forge, PYTHON,1414,746,877,83,357,239,246,2025-01-03,8PM,26,4595,1448,10.6,11,30,62.6,FAIL,4,Yes,Yes,Sprint-9,2947.8,MIT
D0313, ,Frontend,,Germany,Nova,Go,999999,969,4390,135,423,134,240,28/04/2025,25:61,44,83,2560,5.4,12,6,31.4,Failed,5,Yes,No,Sprint-8,118.1,
D0116,Alex,AI,,USA,Forge,Rust,2170,684,5412,66,244,161,363,2025-02-15,25:61,23,4896,957,13.5,4,22,39.1,Success,7,No,No,Sprint-1,1349.3,Apache-2.0
D0426,Chris,AI,8.9,USA,Nova,Python,999999,123,191,199,655,197,219,2024-09-26,8PM,86,3828,1233,4.5,14,21,5.9,FAIL,1,Yes,Yes,Sprint-1,4617.7,Apache-2.0
D0667,Taylor,Backend,1.2,USA,Atlas,Rust,-5,60,2876,90,709,107,126,2023-03-01,8PM,9,1408,2850,10.2,10,30,29.0,Success,3,No,Yes,Sprint-2,4320.1,Apache-2.0
D0670,Taylor,DevOps,7.5,Germany,Forge,Go,2124,344,1916,65,510,85,280,2023-08-07,8PM,64,4106,1998,3.9,6,9,22.9, ,2,No,Yes,Sprint-9,4600.8,MIT
D0202, ,AI,9.9,India,Nova,python,999999,215,2229,197,904,467,439,2024-09-18,8PM,92,2175,2881,10.0,10,0,17.1,Failed,1,No,No,Sprint-11,3795.4,MIT
D0576,Taylor,Frontend,11.3,Germany,Atlas,python,999999,577,2285,195,535,60,221,2023-10-05,8PM,21,2238,2578,4.1,4,17,8.8,Failed,5,No,No,Sprint-1,4566.1,
D0283, ,DevOps,,USA,Atlas,python,999999,259,3266,56,439,209,350,12/08/2024,00:00,28,1105,248,6.9,21,22,52.5, ,9,Yes,No,Sprint-8,3753.6,MIT
D0605,Sam,Platform,6.8,USA,Forge,pyhton,999999,858,4365,189,923,365,368,11/08/2023,00:00,92,2019,2956,0.8,1,8,50.8,FAIL,4,Yes,No,Sprint-2,2245.6,Apache-2.0
D0434,Chris,DevOps,,India,Nova,Go,999999,244,4048,183,963,431,111,18/10/2023,00:00,3,3341,1741,0.7,24,23,12.3,Failed,3,Yes,No,Sprint-1,1363.8,GPL
D0090, ,Backend,6.4,India,Atlas,Go,-5,998,4819,179,337,437,465,2024-02-16,8PM,84,2178,2236,6.9,24,11,61.4,FAIL,9,No,No,Sprint-9,1774.6,GPL
D0199,Alex,Backend,12.2,India,Forge,Python,3061,101,1319,169,183,82,50,2023-10-25,00:00,74,1599,2248,2.2,9,22,25.1, ,10,No,Yes,Sprint-6,332.1,GPL
D0117,Taylor,Backend,12.8,Germany,Nova,Python,-5,720,4781,169,677,383,472,02/01/2023,25:61,48,3281,16,2.5,28,27,42.9, ,1,No,Yes,Sprint-2,2109.0,MIT
D0349, ,DevOps,,Germany,Atlas,,-5,85,2529,166,209,368,172,17/06/2023,25:61,48,4380,2128,12.6,6,4,42.5,Success,7,Yes,Yes,Sprint-2,2021.3,Apache-2.0
D0282,Alex,DevOps,0.9,USA,Forge,python,-5,746,5687,39,131,242,287,07/11/2024,8PM,57,3484,2410,11.4,12,27,29.2,Success,9,Yes,No,Sprint-1,758.5,
D0553, ,Backend,,USA,Atlas,Rust,4759,234,4348,86,372,71,478,22/01/2025,8PM,100,979,2852,11.2,15,13,26.1,FAIL,9,Yes,Yes,Sprint-3,796.5,GPL
D0102,Sam,Frontend,,Germany,Atlas,Go,999999,114,1839,195,17,176,61,2024-03-12,25:61,89,887,2787,11.9,3,1,56.3, ,2,Yes,Yes,Sprint-6,3858.4,Apache-2.0
D0413,Alex,Backend,0.4,USA,Nova,Rust,966,462,643,12,450,199,291,2023-04-16,8PM,35,2178,913,9.3,28,5,43.5,FAIL,4,No,Yes,Sprint-4,2231.3,GPL
D0378,Chris,Backend,9.6,India,Nova,,1743,126,5581,177,232,40,32,29/12/2023,00:00,48,4916,2538,8.5,5,2,52.5,FAIL,4,No,No,Sprint-7,3370.4,
D0639, ,DevOps,,Germany,Atlas,,999999,392,3355,175,582,402,439,2023-02-24,25:61,42,737,1134,7.9,25,20,31.9,FAIL,7,No,Yes,Sprint-3,4465.5,GPL
D0155,Alex,AI,,India,Forge,TypeScript,1258,120,742,67,117,182,173,19/04/2023,00:00,88,1071,1105,8.8,12,30,29.2, ,9,Yes,No,Sprint-1,153.9,
D0228,Alex,DevOps,11.4,USA,Nova,Java,2849,834,2501,145,545,274,299,2024-10-10,25:61,21,1976,2797,5.4,4,10,11.8,Failed,1,Yes,No,Sprint-3,3128.4,
D0478,Sam,Frontend,10.4,India,Atlas,python,999999,654,2546,170,842,70,392,2025-04-12,00:00,19,1752,2244,0.3,23,9,51.7,FAIL,9,Yes,No,Sprint-9,225.6,Apache-2.0
D0571,Alex,Platform,11.5,Germany,Nova,,506,195,4289,139,821,189,451,02/02/2023,25:61,43,2792,264,3.8,5,21,51.4,Success,6,Yes,Yes,Sprint-4,4496.1,
D0016,Taylor,Frontend,10.4,India,Nova,,-5,505,4974,129,824,370,313,07/06/2024,8PM,24,1461,2953,11.1,15,24,50.8,Success,9,Yes,No,Sprint-2,4358.4,MIT
D0677,Chris,Backend,11.9,India,Atlas,pyhton,3264,128,1793,126,401,38,47,2024-03-03,8PM,57,3278,1449,8.3,6,15,0.8,Success,3,Yes,No,Sprint-9,1849.6,MIT
D0527,Alex,Backend,9.3,USA,Nova,python,-5,230,3829,200,748,92,418,19/02/2023,25:61,63,4164,2351,11.2,3,9,13.0,FAIL,10,Yes,Yes,Sprint-6,4046.7,Apache-2.0
D0009,Sam,Frontend,,USA,Atlas, PYTHON,999999,418,1311,38,289,436,377,2023-12-19,8PM,43,3327,2460,4.9,7,27,66.8,FAIL,4,No,No,Sprint-11,1016.9,MIT
D0352,Sam,Platform,,India,Nova,,999999,748,1454,23,653,465,33,2024-01-24,8PM,82,4100,1135,9.5,11,16,19.3,FAIL,10,Yes,Yes,Sprint-9,2131.5,Apache-2.0
D0505,Chris,AI,7.1,India,Forge,Java,-5,281,3093,198,314,131,140,23/11/2023,8PM,50,2477,1468,5.6,27,11,28.4,Success,4,No,No,Sprint-9,529.7,GPL
D0251,Taylor,Frontend,,India,Atlas, PYTHON,999999,961,3730,84,849,46,140,2024-09-16,25:61,40,1964,628,6.3,16,6,47.4,Failed,9,No,No,Sprint-11,3988.0,Apache-2.0
D0312,Taylor,Frontend,,Germany,Nova,Go,-5,58,5154,200,186,388,166,03/02/2025,00:00,4,4444,2288,6.8,23,17,45.9,Failed,3,Yes,Yes,Sprint-2,2742.4,MIT
D0289, ,Frontend,9.6,Germany,Forge,TypeScript,1644,817,410,195,576,118,135,2025-01-30,00:00,98,1429,1035,5.7,18,13,29.2, ,4,No,No,Sprint-9,919.8,MIT
D0384,Sam,DevOps,,Germany,Forge, PYTHON,-5,515,3986,174,377,331,239,2023-01-07,25:61,26,4949,65,11.8,7,3,66.0, ,5,No,Yes,Sprint-11,2293.3,MIT
D0461, ,Frontend,13.7,USA,Nova,Python,4017,513,3507,36,645,375,78,11/02/2023,00:00,62,650,399,7.2,21,30,42.9,Failed,1,Yes,Yes,Sprint-5,3295.5,MIT
D0467, ,Backend,,Germany,Forge,TypeScript,927,262,5,169,117,262,416,2023-03-03,00:00,31,940,2633,9.8,30,19,1.8, ,8,Yes,Yes,Sprint-2,2156.5,Apache-2.0
D0375,Taylor,Frontend,5.0,India,Atlas,pyhton,999999,895,2571,60,59,191,424,2024-07-22,00:00,15,4597,2687,8.0,2,30,26.9,Success,7,Yes,Yes,Sprint-7,4580.5,MIT
D0165,Chris,AI,7.6,India,Atlas,Rust,-5,282,1087,35,199,477,279,08/12/2023,25:61,52,1235,2383,7.6,23,29,26.5,Success,10,No,Yes,Sprint-1,2154.5,
D0575,Sam,Platform,11.7,USA,Nova,Rust,-5,782,4062,84,154,205,409,2023-11-09,00:00,90,3749,2800,11.4,28,29,55.4,Failed,6,No,Yes,Sprint-6,391.4,Apache-2.0
D0514, ,Backend,,Germany,Nova,TypeScript,999999,150,2340,14,772,273,211,01/07/2024,00:00,61,399,552,1.7,25,10,63.0,FAIL,8,Yes,No,Sprint-6,1677.6,Apache-2.0
D0036,Taylor,Platform,14.4,Germany,Atlas,Python,398,339,3489,64,827,338,293,2024-08-11,00:00,37,513,2241,5.2,0,2,48.7,Failed,1,Yes,No,Sprint-10,2990.8,GPL
D0064,Chris,AI,9.8,USA,Forge,,-5,692,3046,15,967,435,345,2024-10-16,8PM,43,859,1573,11.9,21,20,59.6,Success,1,No,No,Sprint-11,2953.8,GPL
D0385,Taylor,Platform,5.5,USA,Forge,Python,742,97,5066,156,128,103,436,03/07/2023,8PM,22,1521,1674,11.2,1,17,0.9,FAIL,3,Yes,Yes,Sprint-3,4162.7,
D0147, ,Backend,,USA,Forge,Java,999999,642,389,12,393,93,395,30/05/2025,8PM,53,4257,2179,7.8,2,5,38.5,Failed,5,No,Yes,Sprint-11,2365.4,MIT
D0219,Taylor,Platform,,USA,Forge, PYTHON,-5,513,4344,15,643,302,355,2024-07-08,25:61,64,1762,1682,5.9,9,16,22.5,FAIL,1,Yes,Yes,Sprint-7,4517.4,GPL
D0642, ,DevOps,,Germany,Forge,Go,999999,377,1361,21,314,87,191,2025-05-24,8PM,48,828,419,7.4,23,21,16.7,Failed,3,Yes,No,Sprint-2,4868.1,MIT
D0067,Alex,AI,,USA,Atlas,TypeScript,999999,796,1045,92,309,452,440,2023-09-18,8PM,54,2527,2302,10.3,9,27,59.9, ,2,No,No,Sprint-10,1123.0,GPL
D0327,Chris,DevOps,4.7,Germany,Forge,Python,3860,999,1345,42,718,266,427,2023-05-08,25:61,46,4265,988,7.0,10,23,34.2, ,3,No,Yes,Sprint-5,1502.5,Apache-2.0
D0236,Sam,Platform,,India,Forge,python,999999,662,4295,93,945,252,125,29/08/2024,00:00,4,1458,1719,12.8,15,20,12.6,Success,2,No,Yes,Sprint-7,3135.1,
D0501,Sam,DevOps,,Germany,Atlas,Go,-5,778,1629,32,970,70,489,08/04/2023,8PM,43,2241,1898,2.9,6,21,22.7,Success,6,No,No,Sprint-5,2929.5,MIT
D0573,Alex,DevOps,,Germany,Forge,Rust,999999,456,932,90,549,134,101,2025-02-22,00:00,56,3440,565,2.9,22,19,32.3, ,6,Yes,Yes,Sprint-10,3672.6,MIT
D0067,Chris,Backend,7.7,Germany,Forge,Go,-5,355,2295,46,852,355,399,20/08/2023,00:00,62,-34,1213,11.2,4,14,27.6,FAIL,3,Yes,No,Sprint-4,1738.7,GPL
D0628,Chris,AI,12.1,USA,Forge,Rust,464,482,420,43,690,409,267,2025-01-09,00:00,61,1638,706,10.4,13,14,61.4,Failed,1,Yes,Yes,Sprint-5,3066.5,MIT
D0353,Taylor,DevOps,2.5,Germany,Atlas, PYTHON,999999,523,4468,52,422,19,341,30/09/2023,00:00,51,4493,367,6.9,21,29,37.1, ,10,Yes,No,Sprint-1,1379.5,Apache-2.0
D0241,Sam,AI,12.0,India,Nova,Go,999999,609,1909,44,63,424,327,03/03/2023,00:00,85,346,2666,12.5,28,17,6.1,Failed,8,Yes,No,Sprint-10,2625.6,
D0676,Alex,DevOps,12.4,Germany,Nova,,999999,4,759,166,457,3,273,2023-01-29,25:61,60,2060,989,5.1,18,27,2.5,Success,1,Yes,Yes,Sprint-1,1193.8,Apache-2.0
D0673,Chris,Backend,14.7,India,Nova,,3226,608,2475,17,931,159,192,23/09/2023,25:61,36,1943,593,11.7,23,6,58.7,FAIL,4,Yes,Yes,Sprint-2,505.2,GPL
D0629, ,Backend,9.8,USA,Atlas,Rust,-5,294,2406,194,818,220,224,2025-05-15,00:00,54,2104,1455,6.5,15,16,15.5, ,5,Yes,No,Sprint-10,704.2,MIT
D0231,Chris,DevOps,3.5,USA,Atlas,TypeScript,2245,32,3620,78,526,284,484,15/03/2024,00:00,12,3139,1888,8.2,22,1,36.3,FAIL,4,Yes,No,Sprint-4,4277.3,
D0533,Alex,Platform,,India,Nova,,4692,7,949,139,111,130,475,2023-02-06,25:61,13,618,870,6.4,17,29,67.4,Failed,10,Yes,Yes,Sprint-3,3425.8,MIT
D0457, ,Backend,3.1,India,Forge,Python,-5,916,920,118,910,167,324,15/01/2025,00:00,29,3738,1920,1.0,0,18,56.5,FAIL,4,No,Yes,Sprint-1,740.3,
D0385,Alex,Backend,,Germany,Atlas,Python,999999,421,268,151,760,187,351,2024-04-20,8PM,46,2123,2673,13.9,29,22,1.0,FAIL,9,Yes,No,Sprint-4,4016.7,
D0033,Alex,AI,,India,Forge,Java,4171,865,899,194,633,186,394,27/11/2023,8PM,74,3994,388,1.6,18,3,1.6,Success,0,No,Yes,Sprint-3,197.1,Apache-2.0
D0156, ,AI,,USA,Atlas,Python,999999,276,3742,18,864,66,172,2024-05-11,00:00,58,4695,2980,1.6,29,18,30.2,Failed,10,Yes,No,Sprint-1,3836.7,
D0139,Alex,Frontend,,India,Atlas,Python,999999,905,1291,131,179,157,40,2023-07-14,8PM,68,3735,104,6.1,12,24,59.3, ,5,No,Yes,Sprint-7,4933.3,GPL
D0302,Taylor,Frontend,,Germany,Atlas,Rust,999999,64,990,33,118,23,11,11/02/2024,00:00,13,1217,2685,7.4,11,4,25.7, ,0,Yes,No,Sprint-6,2562.6,GPL
D0156,Sam,Platform,,Germany,Atlas,pyhton,999999,591,5904,24,807,274,438,2024-04-05,00:00,77,793,914,8.8,7,17,41.9,Success,1,No,Yes,Sprint-7,4013.7,Apache-2.0
D0137,Alex,Frontend,,Germany,Forge,Java,4189,829,1561,17,570,344,427,02/06/2024,25:61,78,3513,1403,6.5,11,5,13.8,Success,0,No,Yes,Sprint-6,3324.5,MIT
D0559,Alex,Platform,10.2,Germany,Nova,python,3468,915,104,129,864,340,326,2024-11-21,25:61,69,2102,410,3.8,8,2,15.8,FAIL,0,No,No,Sprint-11,1416.3,GPL
D0471, ,Platform,,India,Nova,,4558,671,2222,86,734,238,425,2025-06-07,00:00,82,412,2989,7.7,4,17,57.7,Failed,8,Yes,Yes,Sprint-1,4349.2,MIT
D0321,Sam,Platform,,Germany,Nova,Go,999999,539,424,190,943,387,278,20/10/2023,25:61,43,254,663,1.2,19,4,66.4,Success,9,No,No,Sprint-4,4581.7,GPL
D0158,Sam,Platform,10.9,India,Forge,pyhton,-5,428,4425,37,151,253,298,2024-12-17,25:61,64,1145,737,0.0,30,22,1.0,Failed,3,Yes,No,Sprint-4,2406.7,MIT
D0116,Sam,AI,12.4,India,Forge,TypeScript,3380,500,1800,176,668,160,208,2023-07-25,8PM,81,2767,1045,8.8,16,21,54.4,Success,1,Yes,Yes,Sprint-9,1246.8,GPL
D0143, ,DevOps,,India,Atlas,Go,999999,404,2748,38,812,8,221,21/09/2023,8PM,41,2208,482,7.3,30,4,63.2, ,7,No,No,Sprint-4,691.9,GPL
D0519, ,Backend,6.1,India,Nova,Go,-5,585,3738,141,820,251,329,2025-06-15,00:00,75,2609,552,2.0,11,13,9.9,Failed,2,No,No,Sprint-10,1082.7,
D0517, ,AI,12.1,Germany,Nova,,999999,189,1586,107,864,379,172,14/04/2025,00:00,15,3568,2817,6.8,7,24,11.7, ,9,Yes,No,Sprint-11,101.9,
D0515,Chris,Backend,,Germany,Forge, PYTHON,999999,506,4345,113,126,328,176,2023-04-19,8PM,60,325,368,13.2,10,21,57.9,FAIL,8,No,Yes,Sprint-1,4603.8,
D0674, ,AI,13.3,Germany,Nova, PYTHON,1747,391,1293,124,303,47,26,2023-01-31,8PM,80,4196,1581,4.4,5,22,55.7,FAIL,4,No,No,Sprint-8,3787.3,Apache-2.0
D0072,Alex,Backend,2.6,USA,Forge,python,1480,824,5053,89,352,316,179,20/06/2023,00:00,89,2209,2577,2.6,4,17,66.5, ,10,Yes,No,Sprint-6,317.1,MIT
D0538,Sam,Backend,,Germany,Atlas,,-5,996,3467,34,747,48,69,2024-03-24,8PM,37,1661,686,5.9,16,28,0.7,FAIL,8,No,No,Sprint-9,209.3,GPL
D0570,Chris,Platform,12.2,USA,Nova,TypeScript,-5,101,2334,4,531,380,245,2023-10-25,25:61,20,1807,2521,9.1,10,8,3.7,Success,6,No,No,Sprint-12,2143.1,Apache-2.0
D0314,Alex,Platform,,USA,Nova,Go,860,732,3491,44,632,92,276,2023-08-09,8PM,10,113,2249,9.6,24,7,28.9,Failed,7,No,Yes,Sprint-7,1614.3,
D0061,Chris,DevOps,3.0,Germany,Nova,python,-5,697,692,194,516,262,130,2024-01-15,00:00,39,823,472,0.3,14,11,20.7,FAIL,4,No,No,Sprint-9,2118.1,MIT
D0260,Chris,Platform,,Germany,Forge,python,3198,428,1670,105,685,182,20,2023-01-01,00:00,6,4414,566,9.4,10,0,33.9,FAIL,2,No,No,Sprint-12,231.1,GPL
D0182,Sam,Platform,8.2,India,Atlas,Rust,-5,770,5681,149,230,73,384,03/01/2023,8PM,40,3597,2720,13.5,4,0,40.0,FAIL,2,No,No,Sprint-7,3929.4,MIT
D0566,Taylor,Backend,4.1,India,Atlas,Go,-5,837,1689,190,940,82,496,2024-12-20,25:61,48,1881,10,1.9,22,6,23.4, ,4,No,Yes,Sprint-12,1422.4,MIT
D0339,Sam,Backend,,India,Atlas,Rust,999999,858,2151,153,160,50,162,19/04/2024,8PM,21,1216,1639,5.0,17,14,58.7,Success,5,Yes,Yes,Sprint-5,3245.6,
D0412,Alex,DevOps,9.1,India,Forge,TypeScript,-5,517,5215,56,711,275,207,21/02/2025,8PM,54,133,1228,2.9,19,1,29.3,Success,2,Yes,No,Sprint-10,4754.0,MIT
D0481,Sam,AI,,Germany,Atlas,Python,-5,709,4780,94,756,286,104,15/06/2025,25:61,70,2299,2171,14.0,25,15,53.0,Success,10,No,Yes,Sprint-1,231.9,GPL
D0159, ,Frontend,7.0,USA,Forge,Java,999999,157,1687,153,345,399,28,2023-09-27,00:00,17,2544,2573,2.9,3,3,56.3,Failed,0,Yes,Yes,Sprint-10,1195.6,MIT
D0058,Alex,Backend,12.1,Germany,Nova,Python,691,775,3368,96,814,393,369,02/02/2023,00:00,97,4823,136,6.3,27,4,59.4,Failed,0,No,No,Sprint-1,2917.3,
D0174,Sam,DevOps,12.0,USA,Forge,Go,561,550,95,1,185,275,295,2023-06-22,25:61,68,1163,2096,0.1,28,21,23.2,Failed,5,Yes,Yes,Sprint-3,4009.9,GPL
D0598, ,Platform,0.3,India,Forge,,-5,677,5343,181,797,29,300,2024-11-25,8PM,66,22,751,11.7,12,21,45.8,Failed,5,No,No,Sprint-11,2419.2,GPL
D0595,Chris,Platform,,India,Nova,,1843,307,3399,8,160,176,326,2023-07-28,00:00,57,2550,1118,2.1,6,6,49.5,FAIL,3,Yes,No,Sprint-3,2026.7,GPL
D0363,Chris,AI,10.7,India,Forge,TypeScript,999999,751,1262,22,665,498,232,29/08/2023,00:00,81,2811,1927,10.1,11,28,37.6,Success,5,Yes,Yes,Sprint-11,3833.2,
D0030,Taylor,Frontend,,Germany,Nova,Rust,999999,792,3748,41,520,62,42,15/08/2024,00:00,79,2988,2634,7.9,4,3,65.4, ,4,Yes,No,Sprint-9,1604.3,GPL
D0085,Sam,DevOps,,India,Atlas,Java,999999,298,4705,107,461,461,490,09/01/2024,25:61,17,3063,2974,4.3,10,8,46.8,FAIL,9,No,No,Sprint-7,4378.6,GPL
D0025,Sam,Frontend,2.4,USA,Atlas,pyhton,2216,824,1331,45,985,396,411,09/02/2024,00:00,82,4394,3000,9.3,29,12,23.3,FAIL,6,Yes,Yes,Sprint-11,201.1,Apache-2.0
D0120, ,Backend,1.4,USA,Forge,python,-5,700,1355,105,732,19,145,01/08/2024,25:61,72,1157,1439,12.1,20,2,30.8, ,4,Yes,Yes,Sprint-8,4231.6,GPL
D0548,Chris,AI,,India,Atlas,Python,999999,891,4921,183,694,495,331,2024-11-01,25:61,75,4195,1635,3.0,19,11,51.7,FAIL,8,No,No,Sprint-4,2813.1,GPL
D0245,Taylor,Backend,,India,Forge,python,2632,967,4447,172,545,455,492,2024-04-08,00:00,14,3789,1779,2.1,24,20,67.8, ,2,No,No,Sprint-1,1889.6,MIT
D0164, ,Frontend,,USA,Nova,Rust,999999,131,4274,147,847,157,169,16/03/2024,8PM,85,588,2005,2.2,7,12,27.9,FAIL,4,Yes,Yes,Sprint-3,3319.0,Apache-2.0
D0545,Sam,Backend,,USA,Atlas,Python,-5,121,127,169,44,343,184,2025-02-24,8PM,62,4503,2753,6.3,29,19,41.1,Success,10,Yes,Yes,Sprint-3,3705.1,Apache-2.0
D0529,Chris,AI,5.1,Germany,Nova,Python,4999,784,1915,50,56,269,456,20/01/2023,8PM,89,1856,2894,11.1,1,2,45.4,Failed,9,No,No,Sprint-11,294.1,MIT
D0598,Taylor,Backend,6.9,USA,Nova,,-5,109,4016,104,859,293,267,22/03/2025,00:00,40,2518,2642,12.8,3,17,60.4,Success,2,Yes,Yes,Sprint-3,2641.6,
D0696,Sam,AI,,Germany,Atlas,python,999999,14,4130,176,731,279,480,21/01/2024,00:00,75,273,2900,4.3,16,19,52.3, ,0,Yes,No,Sprint-4,4073.1,Apache-2.0
D0047,Sam,Frontend,13.3,USA,Atlas,Java,-5,805,2117,99,925,203,165,18/02/2025,25:61,98,4633,32,3.2,9,21,41.7,Success,7,Yes,Yes,Sprint-6,661.8,MIT
D0700,Alex,AI,,Germany,Nova,pyhton,-5,361,1619,191,103,70,290,2024-12-13,00:00,70,1005,915,6.4,24,22,65.5,Failed,8,No,Yes,Sprint-11,4822.7,GPL
D0273, ,Platform,5.1,India,Forge,python,3964,367,3888,50,685,392,378,2024-06-16,25:61,55,241,879,8.3,12,11,25.2,FAIL,4,No,Yes,Sprint-6,4613.1,Apache-2.0
D0003,Taylor,Frontend,6.1,India,Atlas,Java,1671,712,5116,88,623,209,378,29/03/2023,00:00,84,4797,2171,5.4,20,28,57.2,Success,8,Yes,Yes,Sprint-3,1577.3,GPL
D0068,Sam,Backend,,Germany,Forge,Java,-5,956,3900,52,218,131,381,2023-09-10,25:61,90,2587,2392,12.4,24,6,54.3,Failed,0,No,No,Sprint-5,2591.9,
D0267, ,DevOps,,India,Nova,Java,4187,530,4435,81,659,415,2,11/04/2025,8PM,59,1933,1374,11.5,4,26,31.9,FAIL,4,Yes,No,Sprint-10,1468.2,MIT
D0678,Alex,Backend,4.3,India,Nova,pyhton,-5,291,2778,161,226,167,195,24/09/2023,00:00,84,2925,1649,1.8,4,9,46.9,Success,1,No,No,Sprint-5,4531.7,MIT
D0346, ,AI,5.3,USA,Atlas, PYTHON,-5,594,3987,71,261,405,114,2023-04-16,8PM,58,932,2940,3.3,30,24,33.8, ,5,Yes,Yes,Sprint-10,678.0,Apache-2.0
D0544,Chris,DevOps,4.6,India,Nova,Python,1473,719,3925,108,105,188,370,2025-05-17,00:00,98,1300,765,6.5,25,17,30.3,Success,0,No,Yes,Sprint-6,3672.1,GPL
D0517, ,Backend,,USA,Atlas,python,999999,337,2829,29,709,348,374,18/05/2023,00:00,9,4546,1884,1.3,12,24,9.2,Failed,10,No,Yes,Sprint-4,1590.1,
D0179,Taylor,Frontend,10.2,USA,Nova,,458,969,5048,191,990,53,38,01/01/2023,8PM,59,998,138,9.3,3,27,43.9,Failed,6,Yes,No,Sprint-3,3529.1,Apache-2.0
D0336,Sam,Platform,10.6,India,Nova,Python,-5,224,3676,80,976,486,216,17/02/2023,8PM,96,4361,1472,8.7,2,14,34.8,Success,10,Yes,No,Sprint-9,844.7,
D0424,Alex,AI,14.9,USA,Atlas,TypeScript,-5,754,3087,163,517,351,20,04/10/2024,00:00,47,2933,1675,11.4,27,6,14.6,Failed,1,No,Yes,Sprint-2,2492.1,Apache-2.0
D0393,Chris,Frontend,,USA,Atlas,Go,67,61,35,160,919,318,197,28/07/2023,8PM,97,3088,507,10.5,9,6,26.5,Failed,6,No,Yes,Sprint-6,2594.2,
D0439,Chris,Platform,12.2,India,Forge,Rust,-5,727,4591,54,786,469,483,2025-04-19,25:61,35,2946,2876,2.4,11,24,30.6,Failed,0,Yes,No,Sprint-2,2697.9,MIT
D0645,Taylor,DevOps,,India,Atlas,python,999999,270,73,31,86,400,67,04/02/2024,00:00,56,2420,969,4.3,22,21,37.4,FAIL,5,Yes,Yes,Sprint-3,2322.2,MIT
D0099, ,Platform,2.2,Germany,Forge,TypeScript,999999,781,4489,184,497,383,1,13/01/2024,00:00,79,4814,62,12.8,6,25,11.6, ,5,No,No,Sprint-5,2814.0,
D0034,Sam,DevOps,,Germany,Forge,,999999,126,990,21,662,395,337,07/06/2025,00:00,21,4217,252,12.5,11,1,66.3,FAIL,2,No,No,Sprint-10,4680.5,
D0026, ,DevOps,11.8,USA,Nova,Go,999999,109,958,179,319,333,299,05/02/2023,8PM,49,1574,2774,4.1,27,27,63.7,Success,7,Yes,No,Sprint-9,3796.5,GPL
D0417,Alex,Frontend,14.5,Germany,Nova,python,999999,281,2130,47,456,225,92,2024-12-06,25:61,59,3572,1924,9.2,8,24,27.1,FAIL,9,Yes,Yes,Sprint-2,2668.4,
D0188,Chris,Frontend,,India,Forge, PYTHON,-5,628,1375,87,86,460,182,2025-06-09,00:00,41,3697,1341,2.1,30,17,50.2,Failed,3,No,Yes,Sprint-2,4998.1,
D0033,Chris,Backend,5.5,India,Forge,Rust,2409,560,3569,90,791,204,134,04/08/2023,25:61,100,3683,632,6.4,23,16,45.6, ,10,Yes,Yes,Sprint-3,4794.0,MIT
D0539,Sam,AI,,Germany,Forge,Python,999999,328,5,146,753,68,276,2024-09-12,25:61,80,292,1077,8.0,16,4,50.5, ,7,Yes,No,Sprint-10,2559.9,Apache-2.0
D0432,Alex,Frontend,,India,Nova,Rust,999999,301,3091,192,913,82,38,13/03/2024,25:61,55,733,1294,5.8,11,10,31.4,Success,1,Yes,No,Sprint-9,2568.7,GPL
D0009,Taylor,Frontend,,India,Nova,Python,999999,768,1464,96,37,115,477,07/02/2024,00:00,46,4632,332,6.4,26,25,37.0,Failed,7,No,Yes,Sprint-12,63.0,Apache-2.0
D0261,Taylor,DevOps,,USA,Atlas,python,-5,633,2867,164,383,91,96,2023-03-16,8PM,70,4170,1782,12.7,3,5,18.8,Failed,8,Yes,No,Sprint-4,1500.1,
D0700,Chris,AI,9.8,USA,Atlas,Rust,999999,133,1497,66,456,53,283,08/12/2023,8PM,8,4866,1791,10.7,11,1,26.2,FAIL,10,No,No,Sprint-11,4753.8,MIT
D0193,Taylor,AI,3.4,India,Forge,Python,-5,877,1530,16,351,265,289,29/12/2024,00:00,11,3724,753,0.9,20,15,16.1,Failed,9,Yes,No,Sprint-7,672.8,MIT
D0272,Taylor,Platform,13.0,India,Atlas,Java,999999,48,760,78,635,230,386,2024-07-15,8PM,15,1143,938,4.8,17,22,51.1,Success,1,No,No,Sprint-3,2897.9,
D0539,Taylor,Frontend,,USA,Atlas,Python,999999,304,1178,17,223,407,445,10/07/2023,8PM,49,142,403,8.1,4,8,62.5,Success,7,Yes,Yes,Sprint-7,1339.8,
D0452, ,DevOps,5.7,USA,Forge,Python,-5,866,4539,127,229,219,330,15/01/2024,00:00,96,3826,2524,8.7,3,13,8.3,Success,7,Yes,No,Sprint-6,2191.9,
D0224,Chris,AI,,USA,Forge,python,4698,962,464,73,299,48,128,02/07/2023,25:61,3,2225,41,4.7,24,8,4.6, ,0,Yes,No,Sprint-12,837.6,MIT
D0322,Taylor,Frontend,14.6,Germany,Nova,TypeScript,999999,298,2024,66,495,222,444,12/12/2024,8PM,80,547,919,6.3,0,15,16.4,Failed,10,Yes,No,Sprint-12,2518.3,MIT
D0441,Alex,Platform,,India,Atlas, PYTHON,506,842,3079,116,385,408,361,08/07/2023,8PM,70,900,1064,2.0,8,0,24.8, ,3,Yes,No,Sprint-7,3179.7,MIT
D0661,Taylor,Platform,,India,Forge,Rust,2532,568,2510,121,686,119,482,2025-02-24,8PM,33,2639,1744,5.0,7,25,7.9,Failed,5,Yes,Yes,Sprint-1,3539.1,
D0644,Sam,DevOps,,USA,Atlas,Python,2683,295,3391,198,481,296,272,2024-02-05,25:61,18,3195,2660,11.5,0,16,44.9, ,0,Yes,No,Sprint-3,633.1,Apache-2.0
D0187,Alex,Platform,14.4,USA,Forge,TypeScript,-5,579,1449,133,294,81,198,2023-01-23,8PM,21,4797,311,11.2,21,11,10.4,Success,5,Yes,No,Sprint-1,2723.1,GPL
D0094,Chris,Backend,14.3,Germany,Atlas,Go,1777,17,195,9,317,136,398,20/03/2023,25:61,82,4132,1531,10.2,24,20,59.7,Failed,4,No,No,Sprint-12,248.1,
D0178,Taylor,AI,,USA,Forge,Java,999999,603,3748,199,967,38,456,22/09/2023,8PM,16,2356,1215,12.8,24,19,0.7,FAIL,2,No,Yes,Sprint-9,4760.0,GPL
D0338,Alex,Backend,13.9,USA,Atlas, PYTHON,999999,400,3076,1,451,493,79,2024-01-13,00:00,97,1451,2680,6.2,19,5,71.2,Success,0,No,Yes,Sprint-2,3367.1,GPL
D0686,Sam,Platform,,Germany,Nova,,999999,997,4294,9,57,366,198,2024-05-03,00:00,29,1756,2514,7.2,19,29,20.7,Success,4,Yes,Yes,Sprint-12,3629.4,GPL
D0386,Sam,Frontend,4.2,Germany,Atlas,TypeScript,3270,533,335,151,510,72,267,2025-05-14,00:00,33,546,1803,5.2,6,27,39.2,Success,5,No,Yes,Sprint-2,1621.3,MIT
D0498,Taylor,AI,10.9,India,Atlas,,999999,540,2408,52,828,179,119,12/09/2024,25:61,32,3770,221,8.5,13,7,37.9, ,9,No,Yes,Sprint-10,2085.8,
D0613, ,Frontend,10.5,India,Nova,pyhton,462,127,293,155,912,168,286,2025-01-14,25:61,94,3842,230,5.2,22,27,13.9,FAIL,2,No,No,Sprint-10,4430.3,GPL
D0626,Taylor,DevOps,0.1,India,Atlas,python,999999,374,4093,50,954,206,74,2023-05-29,00:00,96,549,330,5.8,6,10,41.7,Failed,5,Yes,Yes,Sprint-5,3364.2,
D0370,Chris,DevOps,,India,Forge,TypeScript,-5,777,4330,44,842,458,485,18/01/2025,25:61,43,3382,500,13.0,1,21,43.0,Success,4,Yes,Yes,Sprint-5,4232.5,GPL
D0042,Chris,DevOps,,Germany,Atlas,,-5,136,4258,193,850,183,209,02/06/2025,8PM,64,3526,1632,10.1,6,12,7.2,Success,7,Yes,No,Sprint-2,1195.7,MIT
D0615,Taylor,Frontend,,USA,Atlas, PYTHON,-5,17,4893,107,248,402,332,2024-03-22,00:00,51,218,525,2.8,6,27,47.5, ,4,No,Yes,Sprint-12,2057.5,Apache-2.0
D0381, ,Backend,,Germany,Atlas,TypeScript,-5,577,1973,197,84,336,252,17/06/2023,25:61,89,1751,155,12.4,24,12,19.6,Failed,2,No,Yes,Sprint-8,2324.5,
D0200, ,Backend,5.2,Germany,Atlas,Rust,3103,210,4431,164,654,383,231,15/08/2024,25:61,1,4053,127,4.2,2,2,24.5, ,8,No,Yes,Sprint-6,439.5,GPL
D0450,Taylor,DevOps,,India,Forge, PYTHON,999999,447,2250,147,889,167,407,08/01/2025,00:00,96,227,2686,9.6,1,2,9.3, ,2,Yes,No,Sprint-4,4384.2,MIT
D0066,Sam,AI,12.1,India,Nova,Go,999999,573,2228,200,185,489,104,2025-05-07,00:00,97,4197,1363,1.8,22,12,14.1,Success,3,Yes,Yes,Sprint-7,3100.9,MIT
D0103,Chris,AI,10.3,Germany,Forge,Java,999999,624,1387,62,511,240,401,2025-03-18,8PM,35,4334,2393,0.4,24,20,10.3,FAIL,3,No,No,Sprint-11,3358.3,MIT
D0254,Chris,Backend,9.4,USA,Atlas,Java,4587,428,2237,143,800,67,449,06/04/2023,25:61,90,2070,2919,8.2,17,4,9.3,FAIL,3,No,No,Sprint-12,1837.4,MIT
D0685,Sam,DevOps,,India,Atlas,,999999,967,2129,119,436,463,209,2024-08-02,00:00,63,3593,492,12.8,18,6,63.9,Failed,4,No,No,Sprint-2,605.2,
D0458,Chris,Frontend,,USA,Forge,TypeScript,999999,144,1446,165,647,266,237,28/04/2025,8PM,57,3639,239,9.1,27,21,28.9,FAIL,1,Yes,Yes,Sprint-3,2584.3,
D0495, ,Platform,,India,Atlas,Rust,-5,221,2043,72,517,392,495,2023-07-09,00:00,37,1100,1515,11.6,17,22,65.5,FAIL,4,No,No,Sprint-2,383.7,MIT
D0232,Sam,Platform,5.3,Germany,Forge,python,-5,510,3253,119,16,401,16,15/01/2025,25:61,81,428,2911,6.8,10,24,25.1,Success,8,Yes,No,Sprint-2,3706.9,
D0454,Taylor,DevOps,,India,Nova,,999999,620,5281,113,404,273,480,29/01/2023,25:61,97,4304,1078,10.3,26,18,8.2,Success,8,No,Yes,Sprint-8,4960.1,MIT
D0558,Alex,Platform,7.6,Germany,Nova,Go,999999,604,1973,141,603,62,170,2024-11-23,25:61,87,962,585,6.9,11,26,32.1,Success,0,Yes,Yes,Sprint-11,3193.4,MIT
D0546,Alex,Backend,10.6,India,Nova,Python,3285,492,3637,122,454,196,302,23/09/2024,00:00,12,2703,1341,11.9,18,8,38.0,FAIL,7,Yes,Yes,Sprint-11,2493.2,GPL
D0689,Chris,Platform,,Germany,Forge,python,4460,724,2483,85,598,288,239,10/06/2024,8PM,60,4281,1492,8.0,27,4,45.0,Failed,2,Yes,No,Sprint-11,2860.1,
D0295,Sam,Backend,,India,Forge,Python,4016,359,5765,178,397,350,410,29/07/2024,8PM,35,205,2747,6.8,5,6,53.8,Failed,5,Yes,No,Sprint-1,3672.0,MIT
D0174,Sam,DevOps,,India,Forge,python,999999,776,1967,105,886,443,64,2024-02-09,8PM,73,3490,967,8.8,13,17,3.5, ,4,Yes,Yes,Sprint-12,3809.5,MIT
D0692,Chris,Platform,4.9,USA,Forge,Python,999999,282,4338,123,378,143,410,2024-10-02,8PM,22,1606,89,7.3,23,25,47.9, ,5,Yes,Yes,Sprint-10,4822.4,Apache-2.0
D0220,Sam,AI,2.4,USA,Forge, PYTHON,-5,550,2437,108,522,304,150,2023-03-28,25:61,28,4907,1529,9.2,7,11,34.7, ,10,Yes,Yes,Sprint-7,4308.6,GPL
D0329,Alex,AI,2.5,Germany,Nova, PYTHON,999999,663,3584,114,458,261,40,2025-05-08,8PM,98,2012,2749,3.5,15,4,23.3, ,6,No,Yes,Sprint-7,4314.2,MIT
D0432,Taylor,Platform,5.8,Germany,Atlas, PYTHON,-5,548,2842,97,423,202,429,2025-03-25,00:00,91,2362,847,13.4,17,8,1.7, ,0,No,No,Sprint-9,4568.6,GPL
D0678,Alex,Frontend,14.9,Germany,Forge,Python,-5,13,3868,196,350,404,95,23/11/2023,8PM,18,1541,2013,1.1,18,16,37.8,FAIL,1,No,Yes,Sprint-12,3868.3,
D0332,Taylor,AI,0.2,Germany,Atlas,Go,999999,740,4997,157,166,359,104,01/09/2023,00:00,64,508,1308,6.5,5,21,3.2, ,10,Yes,No,Sprint-11,2367.3,GPL
D0616, ,Backend,,USA,Forge,pyhton,2422,14,2425,126,312,230,41,2023-05-15,00:00,65,3820,2266,7.5,2,24,13.3, ,1,Yes,No,Sprint-8,1305.4,Apache-2.0
D0051,Taylor,DevOps,0.8,India,Nova,Go,4118,704,1149,193,598,441,48,19/02/2024,25:61,5,1695,366,1.6,4,3,4.3,Failed,7,No,Yes,Sprint-8,1015.3,MIT
D0431,Sam,Frontend,,Germany,Nova,python,-5,885,636,131,33,26,179,2024-03-20,00:00,21,753,2232,2.2,9,26,35.0, ,4,Yes,Yes,Sprint-11,2876.2,
D0652,Alex,AI,,India,Nova,,999999,477,24,196,761,178,23,2023-03-17,25:61,89,544,2833,1.2,7,11,23.5,Success,8,Yes,Yes,Sprint-1,4394.4,
D0051,Taylor,Frontend,1.5,Germany,Nova,pyhton,999999,64,1129,120,223,448,146,12/08/2024,8PM,44,2102,847,1.3,9,12,26.9,Failed,5,No,Yes,Sprint-10,800.6,GPL
D0551,Alex,DevOps,12.3,India,Forge,Rust,999999,815,4109,124,817,32,205,23/03/2025,00:00,15,4083,1156,6.5,14,24,44.6,Success,9,Yes,No,Sprint-2,3078.3,Apache-2.0
D0147,Chris,DevOps,10.0,Germany,Forge,TypeScript,999999,342,4847,155,53,342,257,11/03/2023,25:61,24,1728,2227,1.8,28,29,32.1,Success,9,No,No,Sprint-2,1706.8,Apache-2.0
D0375,Sam,AI,,India,Forge,TypeScript,4923,477,5341,108,867,480,279,2024-09-18,8PM,100,4092,2264,10.2,4,13,31.7,FAIL,5,Yes,Yes,Sprint-10,1428.7,Apache-2.0
D0377,Alex,Platform,,USA,Forge,,3567,281,1571,154,435,466,4,06/04/2025,8PM,49,3745,2950,8.4,23,6,16.4,FAIL,0,No,No,Sprint-4,4425.4,Apache-2.0
D0466,Taylor,Backend,0.5,Germany,Nova,,999999,545,2867,100,417,194,473,08/12/2023,00:00,94,2132,311,2.5,18,11,31.3, ,4,Yes,No,Sprint-6,1102.9,MIT
D0223,Alex,Frontend,,India,Forge,Rust,999999,63,5524,71,747,238,469,20/05/2025,8PM,22,4625,1480,13.7,2,26,17.6,Success,3,Yes,No,Sprint-9,1848.4,
D0609,Chris,Platform,13.4,India,Atlas,TypeScript,999999,943,5050,66,564,376,87,2025-01-09,8PM,62,-24,1662,0.3,27,17,53.3,Failed,4,No,Yes,Sprint-5,718.4,MIT
D0596,Alex,Backend,0.1,Germany,Forge,TypeScript,-5,494,395,130,921,223,210,04/03/2024,25:61,15,3394,1694,4.7,17,24,32.6,FAIL,0,No,Yes,Sprint-1,79.0,
D0528,Chris,DevOps,14.1,India,Forge,python,1051,425,3619,181,288,282,403,07/03/2025,25:61,59,4998,2184,5.8,22,8,25.6, ,0,No,Yes,Sprint-1,1204.0,MIT
D0544,Alex,Frontend,,USA,Nova, PYTHON,999999,865,4161,124,604,341,227,2025-01-30,25:61,84,3068,1310,9.5,30,29,65.9,Failed,10,Yes,Yes,Sprint-3,4743.4,MIT
D0373,Alex,Backend,3.7,India,Nova,pyhton,-5,280,2934,134,406,472,116,24/12/2024,25:61,38,3942,1584,13.7,9,24,33.9,Success,4,Yes,No,Sprint-8,29.2,Apache-2.0
D0630,Alex,Backend,3.4,India,Forge,TypeScript,3127,813,4547,169,846,450,322,2024-09-19,00:00,64,3601,2818,13.7,11,2,35.7,Success,6,Yes,Yes,Sprint-8,2820.9,
D0246, ,DevOps,,USA,Nova,Go,-5,111,922,83,211,219,474,05/12/2024,00:00,29,3469,2670,6.9,12,10,24.4,Success,10,Yes,No,Sprint-7,3699.9,
D0263, ,AI,0.7,USA,Nova,TypeScript,-5,574,1460,92,383,278,57,20/06/2023,00:00,84,2597,84,2.7,28,19,56.3, ,10,No,Yes,Sprint-2,4994.8,Apache-2.0
D0447,Chris,Frontend,11.7,Germany,Forge,Python,-5,408,1970,79,948,458,428,2023-11-16,00:00,66,4690,83,7.3,22,22,30.9, ,1,Yes,Yes,Sprint-7,1346.6,MIT
D0198,Alex,AI,,Germany,Atlas,Python,999999,826,668,153,304,213,124,22/09/2023,8PM,43,2271,2956,8.3,12,25,4.1,Failed,3,Yes,Yes,Sprint-10,2282.9,
D0366, ,Frontend,4.6,India,Nova,Go,999999,553,3327,146,995,4,469,01/04/2024,00:00,72,2300,1035,5.9,29,4,23.4,Failed,5,No,Yes,Sprint-2,4547.7,GPL
D0334,Chris,AI,,Germany,Atlas,Rust,-5,54,2821,4,382,269,183,09/09/2024,25:61,4,3174,1637,5.0,8,19,40.6, ,9,Yes,Yes,Sprint-5,320.0,MIT
D0590,Taylor,Platform,6.2,USA,Forge,Python,4056,460,5498,5,661,280,232,06/07/2023,00:00,98,1139,2379,0.3,3,12,63.5,Failed,5,Yes,No,Sprint-11,4632.5,Apache-2.0
D0133,Taylor,Platform,,India,Nova,Rust,-5,0,2085,7,970,419,143,2025-04-28,25:61,13,308,876,12.4,2,28,52.3,FAIL,9,No,Yes,Sprint-1,348.1,GPL
D0619,Chris,Frontend,,USA,Atlas,Go,999999,42,4213,125,420,88,285,2023-12-16,8PM,38,255,1560,12.6,4,14,38.7,FAIL,10,Yes,No,Sprint-2,601.2,GPL
D0614,Alex,Platform,,Germany,Forge,TypeScript,999999,564,719,51,563,386,421,13/06/2024,8PM,81,3239,2068,5.4,24,26,43.6, ,9,No,Yes,Sprint-6,2253.2,
D0149,Taylor,DevOps,,Germany,Nova,Go,-5,685,4728,196,428,11,366,2023-05-27,00:00,33,1527,2445,0.7,22,3,60.5,Success,0,Yes,No,Sprint-4,232.3,GPL
D0667,Chris,Platform,,USA,Nova, PYTHON,2697,649,1989,171,104,241,374,2024-08-27,8PM,13,1949,709,2.9,17,22,20.1,Success,1,Yes,No,Sprint-1,4304.0,MIT
D0275,Sam,Backend,10.9,Germany,Nova,,-5,252,4090,19,286,207,115,2024-10-06,00:00,7,4728,2885,13.1,14,30,46.7, ,6,Yes,Yes,Sprint-12,1037.1,
D0451, ,Frontend,,Germany,Forge,Go,-5,24,5317,182,109,328,43,2025-03-24,25:61,5,2235,2076,2.8,25,22,16.1,FAIL,9,No,No,Sprint-2,1948.6,GPL
D0578,Taylor,Backend,,India,Nova,,999999,501,5857,166,511,188,407,09/05/2025,8PM,32,1481,1790,6.4,9,3,69.6,FAIL,4,No,No,Sprint-6,2047.8,MIT
D0174,Chris,AI,,USA,Atlas, PYTHON,999999,378,534,102,471,430,256,02/08/2024,00:00,97,1105,1740,0.2,10,21,61.8,Success,3,No,Yes,Sprint-6,4595.0,GPL
D0204,Alex,Platform,,USA,Nova,pyhton,3179,329,703,158,149,361,433,2023-01-11,00:00,12,3549,1611,11.2,21,30,4.9, ,3,No,Yes,Sprint-5,1239.3,Apache-2.0
D0167,Sam,AI,,India,Forge,python,-5,890,4556,42,978,136,59,13/07/2023,00:00,97,3516,2762,7.0,8,21,3.9,Failed,6,No,No,Sprint-3,1145.1,Apache-2.0
D0244,Sam,Frontend,13.3,India,Atlas,TypeScript,999999,878,5503,57,604,205,269,2024-01-10,25:61,19,3544,781,1.3,20,21,70.9,FAIL,9,Yes,Yes,Sprint-10,2280.0,Apache-2.0
D0393,Sam,DevOps,,Germany,Forge,Python,-5,121,3614,152,938,85,496,10/03/2023,00:00,74,3987,1106,12.0,10,2,61.0,FAIL,3,Yes,Yes,Sprint-3,114.3,
D0059,Chris,Frontend,7.5,India,Atlas,Java,999999,90,284,173,702,349,477,29/08/2024,00:00,89,3161,696,1.7,18,12,38.7,Failed,3,Yes,No,Sprint-5,2138.2,MIT
D0340,Alex,AI,,Germany,Nova,,1525,506,5740,51,486,347,422,2024-09-28,25:61,76,3283,1089,11.9,24,14,59.0,Failed,6,Yes,No,Sprint-3,4818.3,
D0140,Sam,DevOps,6.3,India,Atlas, PYTHON,999999,401,3125,127,502,232,30,28/04/2023,00:00,62,1131,2282,13.9,12,8,39.5, ,2,Yes,No,Sprint-11,4886.1,
D0155,Alex,Platform,,USA,Forge,TypeScript,999999,30,217,8,41,307,182,30/04/2025,25:61,24,1792,89,8.8,10,15,52.8,FAIL,4,Yes,Yes,Sprint-12,3300.2,GPL
D0589, ,Backend,12.6,Germany,Atlas,TypeScript,999999,851,3261,116,940,285,384,2024-03-13,25:61,92,4212,451,3.0,25,4,3.0,Success,2,Yes,No,Sprint-10,574.1,MIT
D0624,Chris,Platform,,USA,Atlas,Go,-5,34,1653,20,524,442,140,07/12/2024,00:00,37,2492,1354,6.5,10,3,61.0,Success,6,Yes,Yes,Sprint-2,2330.7,GPL
D0529, ,Frontend,8.7,Germany,Atlas,pyhton,-5,9,5457,4,874,1,287,2023-09-23,25:61,41,4071,2603,0.7,26,28,30.2,Failed,8,Yes,No,Sprint-4,3899.1,Apache-2.0
D0161,Taylor,AI,,India,Atlas,pyhton,1721,876,65,160,36,92,267,2023-09-28,00:00,17,3386,511,9.5,16,16,40.1, ,3,Yes,No,Sprint-9,583.0,MIT
D0667, ,Backend,12.7,USA,Atlas,Python,3162,223,4388,189,285,329,192,2023-07-19,25:61,34,3098,1086,12.8,8,2,12.9,FAIL,5,No,Yes,Sprint-1,643.9,MIT
D0599,Sam,Backend,,Germany,Forge,TypeScript,-5,384,4478,32,376,297,411,2025-02-03,8PM,54,3919,2007,1.9,19,28,25.5,Success,7,Yes,Yes,Sprint-11,4875.8,
D0591,Taylor,AI,12.4,USA,Atlas,Python,3399,615,3254,79,560,142,149,2024-07-15,8PM,1,457,2058,12.8,0,1,20.4,FAIL,10,No,Yes,Sprint-1,3189.0,GPL
D0556,Taylor,AI,,USA,Nova,,999999,86,2376,32,208,297,139,2024-09-25,8PM,93,1169,2790,9.8,20,25,30.3,FAIL,8,Yes,No,Sprint-7,3645.3,Apache-2.0
D0344,Chris,DevOps,,India,Atlas,Java,4260,570,1569,23,387,182,158,10/04/2024,25:61,47,2457,1885,1.0,1,10,67.8,FAIL,9,No,No,Sprint-12,3666.5,GPL
D0473,Alex,DevOps,9.0,India,Atlas, PYTHON,-5,785,1311,87,557,87,214,11/09/2023,00:00,95,1728,1485,9.6,27,2,35.0, ,4,Yes,Yes,Sprint-1,3169.8,
D0233,Alex,AI,,India,Forge,Python,247,105,4525,28,389,33,373,2024-03-06,00:00,43,4255,2048,1.7,19,9,5.2,Failed,4,No,Yes,Sprint-8,2840.3,GPL
D0368, ,Frontend,,Germany,Nova,Rust,4015,668,4859,174,126,169,450,23/07/2023,25:61,67,1454,1894,6.2,11,7,37.4, ,6,No,No,Sprint-8,3261.5,MIT
D0308,Alex,Backend,,USA,Atlas,,-5,755,1747,79,702,240,75,02/07/2024,25:61,28,2562,2832,13.6,10,1,56.7,Failed,0,No,Yes,Sprint-9,3509.5,MIT
D0696, ,AI,,USA,Atlas,Go,-5,189,2738,110,333,499,431,12/10/2024,00:00,60,67,2542,11.9,17,18,62.8, ,9,Yes,No,Sprint-10,1900.6,Apache-2.0
D0447,Taylor,DevOps,,India,Forge,Go,-5,150,5628,98,320,89,343,14/11/2023,8PM,13,1272,1919,7.8,6,20,60.1, ,6,No,No,Sprint-11,299.6,GPL
D0515,Alex,Frontend,8.3,India,Nova,TypeScript,3418,781,300,146,916,401,237,03/01/2023,25:61,39,4556,1162,5.9,28,17,64.0,Failed,6,No,No,Sprint-4,1937.7,Apache-2.0
D0007,Sam,Platform,,USA,Nova,Java,-5,884,5893,79,490,82,314,26/02/2023,25:61,22,5,834,7.6,25,22,51.2,Success,8,Yes,Yes,Sprint-8,1130.7,GPL
D0296,Alex,Platform,13.4,India,Atlas, PYTHON,-5,646,3415,154,309,5,177,2025-05-31,8PM,59,4178,2753,1.3,8,7,11.9,Success,10,No,No,Sprint-8,4354.2,MIT
D0271,Sam,Frontend,,India,Nova,pyhton,1438,861,1242,199,172,287,247,02/07/2023,00:00,30,3243,2632,11.7,20,20,26.8,Success,4,Yes,Yes,Sprint-9,2501.8,Apache-2.0
D0402,Taylor,Backend,0.7,Germany,Forge,python,-5,813,3220,49,386,175,448,24/01/2023,8PM,94,958,2196,14.0,17,29,37.7,Failed,1,Yes,Yes,Sprint-2,56.7,
D0505,Sam,Frontend,10.1,USA,Nova,,999999,636,2080,15,4,259,26,2024-03-12,8PM,13,3674,1225,7.1,15,28,56.1, ,4,Yes,Yes,Sprint-4,83.5,
D0219,Alex,DevOps,11.6,Germany,Atlas,,-5,23,4485,152,448,139,460,22/11/2023,8PM,100,450,786,0.3,8,5,14.0, ,2,Yes,Yes,Sprint-1,2264.5,GPL
D0462, ,AI,14.4,Germany,Atlas, PYTHON,566,941,3454,1,355,266,58,02/11/2023,25:61,56,3121,1021,11.4,15,24,55.2,FAIL,10,Yes,Yes,Sprint-9,4104.9,
D0510,Taylor,DevOps,,India,Atlas,pyhton,4897,274,3186,56,354,463,329,2024-05-08,25:61,11,59,1855,12.4,3,1,17.5, ,4,No,Yes,Sprint-1,980.1,
D0344,Alex,Platform,,India,Atlas,Python,4763,915,4696,0,407,433,94,21/10/2024,8PM,50,425,554,10.7,23,8,27.0,Success,6,Yes,Yes,Sprint-10,1274.6,MIT
D0180,Alex,Platform,12.6,Germany,Forge,python,-5,657,1978,108,988,497,205,04/07/2024,8PM,51,4190,1839,12.8,22,18,40.4,FAIL,5,No,No,Sprint-11,1311.5,GPL
D0408,Taylor,Frontend,,Germany,Forge,Go,999999,691,1717,169,639,227,100,2023-02-18,25:61,52,1636,14,9.6,11,10,3.0, ,7,No,Yes,Sprint-11,1446.2,MIT
D0220,Chris,Platform,,India,Atlas,Go,3308,560,3819,37,433,279,12,11/07/2023,8PM,100,2748,2262,8.2,1,22,44.9,Failed,10,Yes,No,Sprint-10,3351.7,
D0586, ,AI,,India,Nova,pyhton,3335,551,4428,68,17,20,341,02/05/2025,00:00,54,-38,1963,11.8,11,26,25.5,Success,6,Yes,Yes,Sprint-3,2683.3,GPL
D0423,Chris,DevOps,7.8,Germany,Forge,Go,3370,540,776,27,891,411,228,2024-05-23,25:61,60,335,209,9.8,22,25,35.6,Success,5,Yes,No,Sprint-1,754.2,GPL
D0544, ,Frontend,,India,Atlas,,-5,612,402,147,930,335,118,03/12/2024,8PM,81,4170,2797,8.7,27,20,1.8,Failed,1,No,Yes,Sprint-5,3820.3,
D0502, ,Platform,7.5,USA,Atlas,Rust,999999,869,428,105,236,209,456,2024-02-11,00:00,62,3973,1723,8.5,10,22,2.0, ,4,Yes,No,Sprint-8,1935.8,
D0174,Chris,Platform,11.5,USA,Atlas,python,650,317,5255,82,245,76,312,2024-11-27,00:00,27,978,2174,8.0,6,24,64.9, ,1,No,No,Sprint-8,466.3,Apache-2.0
D0027,Taylor,Frontend,,India,Nova,Rust,-5,171,5480,28,96,359,149,07/07/2024,8PM,58,917,2227,0.7,13,17,62.3,FAIL,8,No,Yes,Sprint-10,4507.1,GPL
D0033,Sam,Backend,9.1,India,Nova,TypeScript,-5,267,432,153,849,2,68,21/01/2024,25:61,31,290,104,10.9,15,29,46.6,Success,6,Yes,Yes,Sprint-6,551.9,
D0556,Chris,AI,11.1,India,Atlas, PYTHON,-5,786,3265,174,106,166,124,2024-10-27,25:61,3,471,2766,4.4,16,26,12.8,Success,2,No,Yes,Sprint-10,679.6,MIT
D0278,Taylor,DevOps,,India,Atlas,Python,999999,560,4081,160,403,166,474,30/10/2023,00:00,5,4935,2809,10.2,2,2,54.4,Failed,5,Yes,Yes,Sprint-1,1216.1,
D0504,Alex,Frontend,9.8,USA,Nova, PYTHON,999999,840,730,14,923,75,157,2024-02-08,25:61,22,1048,821,10.7,15,1,1.5,FAIL,10,Yes,Yes,Sprint-5,4507.0,Apache-2.0
D0331, ,Frontend,11.4,India,Nova,pyhton,1172,677,2201,30,596,477,450,28/10/2023,00:00,34,919,831,8.9,1,13,11.0,Success,4,Yes,No,Sprint-10,2020.3,
D0190,Chris,DevOps,,Germany,Nova,Rust,999999,954,5280,22,724,50,73,2024-08-01,00:00,43,949,1888,13.8,18,1,60.0,Failed,10,No,Yes,Sprint-12,2417.0,
D0641, ,Frontend,0.1,USA,Atlas,python,-5,321,4022,159,675,158,442,2024-02-07,25:61,39,4125,2752,10.4,16,0,45.5,FAIL,6,Yes,Yes,Sprint-9,1988.6,
D0176,Chris,Frontend,,Germany,Atlas,TypeScript,999999,172,2449,96,356,249,124,2024-09-18,8PM,34,1308,1700,7.4,20,24,58.8,Success,8,No,No,Sprint-8,1569.0,
D0525, ,DevOps,,Germany,Forge,Python,154,828,3697,128,53,263,366,12/06/2023,25:61,93,3357,2798,12.9,17,21,21.1,Failed,7,No,Yes,Sprint-5,1751.9,MIT
D0201,Sam,DevOps,9.7,Germany,Forge,Python,-5,966,2809,14,499,284,425,2025-01-20,8PM,75,1182,1920,9.0,20,18,62.4, ,1,No,Yes,Sprint-10,3833.5,
D0254,Chris,Frontend,,USA,Nova,TypeScript,-5,910,3285,10,401,100,494,19/04/2025,00:00,82,4898,173,2.1,27,17,70.1,FAIL,4,No,Yes,Sprint-12,4523.2,MIT
D0124,Alex,Backend,0.2,USA,Atlas,Java,-5,212,1343,6,639,75,197,20/03/2025,25:61,11,1459,245,5.5,22,3,14.5, ,4,Yes,No,Sprint-4,736.4,Apache-2.0
D0076,Taylor,Frontend,,India,Nova,python,999999,649,313,23,882,356,414,2023-04-03,25:61,42,279,2009,0.4,9,10,10.6,Success,8,No,No,Sprint-3,466.3,GPL
D0697, ,DevOps,,India,Atlas,TypeScript,999999,781,38,198,630,36,333,24/07/2023,25:61,61,4446,2670,9.2,10,3,25.1,FAIL,0,Yes,Yes,Sprint-5,776.0,GPL
D0527,Sam,AI,9.2,India,Atlas,Python,999999,330,2780,6,684,34,465,28/09/2023,25:61,68,2818,2451,8.6,16,2,63.0,FAIL,2,No,Yes,Sprint-12,2141.3,Apache-2.0
D0248,Alex,DevOps,,USA,Atlas,Java,-5,413,1306,146,165,386,478,07/10/2024,25:61,2,2493,0,2.8,27,20,25.7,Success,9,No,Yes,Sprint-6,3017.4,Apache-2.0
D0109,Sam,Backend,,USA,Atlas, PYTHON,-5,61,910,8,280,378,347,09/12/2023,25:61,84,401,2985,4.5,10,8,41.7,FAIL,1,No,No,Sprint-6,3748.6,Apache-2.0
D0026,Sam,Frontend,,USA,Forge,python,999999,146,807,34,787,166,63,19/04/2023,25:61,78,2380,1038,11.9,0,0,71.6,Success,4,No,Yes,Sprint-5,2705.9,Apache-2.0
D0186,Chris,Platform,14.3,USA,Forge,python,999999,61,4878,46,545,250,199,2025-03-26,00:00,60,901,2636,13.1,1,8,14.3,Failed,0,Yes,No,Sprint-9,701.8,MIT
D0555,Taylor,DevOps,8.6,India,Atlas,Java,4217,278,148,177,838,374,421,06/11/2024,00:00,66,2686,1926,7.6,10,18,8.2,FAIL,2,No,Yes,Sprint-2,2768.3,Apache-2.0
D0163, ,AI,14.4,India,Atlas,python,999999,799,4003,106,337,426,183,03/06/2024,8PM,56,2148,348,0.7,3,6,40.3, ,0,Yes,No,Sprint-12,2010.7,Apache-2.0
D0392, ,DevOps,,Germany,Atlas,Python,1523,373,5825,104,439,296,213,15/02/2023,8PM,78,4089,2367,4.2,14,10,8.0, ,2,No,Yes,Sprint-2,703.3,
D0010,Chris,Frontend,,Germany,Atlas,Rust,999999,802,4344,63,678,252,242,2025-04-27,00:00,16,1590,283,4.8,28,9,10.0, ,1,No,Yes,Sprint-2,536.4,GPL
D0523,Taylor,AI,,Germany,Forge,python,-5,531,379,67,592,19,165,17/02/2025,25:61,72,362,259,9.7,19,5,61.9,FAIL,8,Yes,No,Sprint-5,1683.8,
D0336,Chris,DevOps,9.8,India,Forge,,-5,415,1449,40,336,55,261,2024-11-13,00:00,81,2156,1160,11.8,24,29,28.7,FAIL,4,Yes,No,Sprint-1,4680.0,MIT
D0569, ,DevOps,1.4,India,Forge,Java,-5,837,843,146,461,71,140,2025-05-14,25:61,76,4898,2217,1.2,2,12,60.7,FAIL,10,Yes,Yes,Sprint-6,2327.3,MIT
D0382,Chris,Frontend,8.1,USA,Atlas,Rust,2992,93,1862,76,57,61,171,14/02/2025,00:00,48,3791,2499,6.7,22,12,61.7,Failed,3,No,Yes,Sprint-2,1754.5,Apache-2.0
D0156,Alex,DevOps,1.3,USA,Forge,python,-5,81,5591,31,1,143,60,2024-01-15,8PM,40,1631,348,8.2,16,30,55.6,Success,8,Yes,No,Sprint-12,802.7,GPL
D0022,Chris,AI,0.2,India,Nova, PYTHON,999999,882,5182,158,487,171,307,03/08/2024,8PM,1,4546,1456,1.7,20,22,58.7,FAIL,1,No,No,Sprint-9,1298.7,
D0514,Sam,Platform,,India,Forge,,2178,263,1638,106,108,255,303,12/11/2024,25:61,71,4278,2858,7.0,4,16,3.9,Success,4,No,Yes,Sprint-10,3421.0,MIT
D0353, ,AI,,Germany,Forge,python,-5,809,72,102,247,184,407,25/05/2023,8PM,9,3599,1597,5.6,28,2,19.7,FAIL,7,Yes,No,Sprint-5,4343.5,MIT
D0547, ,Platform,3.7,Germany,Forge,pyhton,999999,942,2157,20,165,242,379,12/03/2023,8PM,5,1814,637,9.8,15,0,46.7,Failed,8,Yes,Yes,Sprint-4,4328.5,
D0068,Taylor,Platform,,India,Nova,Java,999999,700,1706,24,375,385,317,2025-02-06,25:61,3,3144,2982,3.3,18,8,40.7,Success,0,Yes,Yes,Sprint-2,3944.0,Apache-2.0
D0051,Taylor,Frontend,,USA,Nova,Go,758,401,5165,6,235,246,55,10/01/2025,8PM,77,3076,1446,11.8,21,3,42.0,FAIL,6,No,Yes,Sprint-3,3854.6,GPL
D0147, ,Frontend,7.1,Germany,Forge,pyhton,2794,839,5897,195,309,390,402,2025-06-09,25:61,3,418,2669,7.4,27,19,25.7,Failed,10,No,No,Sprint-12,2730.3,MIT
D0621, ,Platform,11.0,USA,Forge,Rust,22,137,2489,18,61,227,413,04/01/2025,25:61,55,3006,1,3.8,23,29,25.5,Success,8,No,No,Sprint-11,4630.6,MIT
D0645,Alex,Backend,,India,Atlas, PYTHON,-5,748,5091,44,80,128,329,2023-08-16,25:61,78,2985,1163,2.7,25,8,6.3,Failed,5,No,No,Sprint-10,3413.8,
D0165,Taylor,Backend,8.5,USA,Atlas,TypeScript,-5,908,3418,60,18,186,66,2024-05-12,00:00,72,3108,718,12.2,4,0,4.9, ,0,Yes,Yes,Sprint-4,2702.7,MIT
D0459,Chris,AI,,India,Nova,TypeScript,999999,444,2914,153,272,283,14,19/09/2023,8PM,7,326,1163,6.8,11,4,54.5, ,3,No,Yes,Sprint-10,3394.0,MIT
D0090,Taylor,Frontend,,USA,Forge,TypeScript,-5,538,2958,163,495,402,279,26/02/2023,25:61,27,3456,1676,6.7,18,19,4.0,FAIL,1,No,No,Sprint-5,3810.3,
D0115, ,Platform,,Germany,Nova,Java,1020,967,1114,73,983,252,361,2024-04-25,25:61,6,831,324,13.2,17,9,63.4,Failed,8,No,No,Sprint-3,1802.3,MIT
D0280,Chris,DevOps,,India,Forge,Python,4888,538,866,127,326,244,398,2023-01-21,00:00,50,2720,1477,1.4,1,18,18.0,Failed,4,Yes,No,Sprint-2,3987.9,Apache-2.0
D0541,Taylor,AI,,Germany,Nova,Java,999999,540,411,106,664,5,194,2024-10-11,00:00,95,284,402,13.0,21,7,4.2,Success,6,Yes,Yes,Sprint-4,4360.7,
D0082,Sam,Frontend,,India,Atlas,,-5,348,3743,33,954,160,233,2023-01-30,8PM,22,1631,1113,7.1,24,14,71.6,FAIL,9,Yes,Yes,Sprint-7,4774.9,
D0534,Chris,Frontend,,USA,Atlas,TypeScript,999999,145,5422,9,679,29,283,2024-03-24,00:00,37,718,734,10.9,21,10,42.9,FAIL,10,Yes,Yes,Sprint-7,1043.5,GPL
D0426,Taylor,DevOps,,Germany,Atlas,Rust,-5,840,1432,143,271,167,224,2023-07-21,00:00,89,1473,2958,9.5,19,15,49.2,Success,5,Yes,Yes,Sprint-12,1811.2,Apache-2.0
D0647, ,Backend,,Germany,Atlas,,999999,251,300,71,617,152,183,2023-11-11,25:61,33,386,418,4.5,16,28,0.9,Failed,2,Yes,No,Sprint-12,2066.4,
D0361, ,Backend,8.3,USA,Nova,Rust,999999,822,2892,96,274,494,30,2025-01-17,25:61,42,4824,2863,0.7,30,5,53.6,Failed,7,No,Yes,Sprint-6,246.9,MIT
D0602,Taylor,AI,,Germany,Nova,Java,2131,206,3559,10,849,401,251,2024-06-04,00:00,86,2677,1054,9.9,15,29,65.2,Success,8,No,Yes,Sprint-4,4117.2,GPL
D0354,Alex,AI,7.4,India,Nova,TypeScript,999999,324,3813,161,364,163,80,2024-12-21,00:00,39,1842,1946,0.1,7,28,69.9,Failed,4,No,Yes,Sprint-10,404.2,Apache-2.0
D0519,Taylor,AI,0.3,USA,Atlas,Rust,-5,939,1868,66,293,171,479,2025-05-31,25:61,9,2701,2605,12.7,6,7,46.8,Success,6,Yes,Yes,Sprint-3,1167.0,MIT
D0653,Sam,AI,1.1,India,Forge,Java,4202,241,5448,148,199,276,303,29/01/2023,00:00,85,2046,2334,4.4,9,29,63.0,FAIL,1,No,Yes,Sprint-7,1183.0,Apache-2.0
D0246,Chris,Frontend,,India,Forge,Python,-5,121,5049,51,442,233,171,19/04/2025,8PM,48,768,697,9.8,25,27,1.6,Failed,3,Yes,Yes,Sprint-4,4066.8,MIT
D0473, ,Backend,,Germany,Forge,Python,-5,20,259,80,829,2,57,2024-12-14,00:00,32,4498,1192,13.9,6,3,11.9,Success,9,Yes,No,Sprint-4,42.6,GPL
D0673,Taylor,AI,,India,Atlas,Go,2921,897,3163,3,728,332,351,17/04/2024,8PM,95,4478,1553,8.8,20,10,57.5,FAIL,9,No,No,Sprint-2,2096.6,Apache-2.0
D0490,Chris,AI,,India,Forge,python,2262,700,5032,125,984,294,80,02/06/2025,00:00,85,4828,174,6.9,9,0,4.1,FAIL,1,No,No,Sprint-7,2978.5,
D0477, ,DevOps,1.8,Germany,Atlas,python,1989,676,5605,87,561,186,197,2023-03-21,00:00,68,3254,2916,9.5,20,29,7.0, ,2,No,Yes,Sprint-2,2448.2,GPL
D0514,Taylor,Platform,,USA,Forge,Go,2974,511,5492,97,574,48,268,2023-01-28,8PM,66,516,1423,9.9,9,20,51.9, ,4,No,No,Sprint-5,4059.8,Apache-2.0
D0014, ,Frontend,,India,Atlas,Java,999999,317,5119,159,57,112,221,07/05/2025,00:00,80,338,2834,13.6,4,1,54.3,Success,9,Yes,No,Sprint-5,2008.3,
D0180,Alex,Platform,,Germany,Atlas,,999999,0,1543,64,350,404,311,18/03/2025,00:00,31,3596,1688,1.6,5,6,11.2,Failed,10,No,No,Sprint-11,1151.3,Apache-2.0
D0657,Alex,AI,7.1,USA,Atlas,pyhton,-5,295,1609,155,49,272,119,2023-02-09,25:61,94,4715,1694,4.4,27,25,17.9,Failed,2,No,Yes,Sprint-4,3540.3,MIT
D0249,Alex,AI,12.0,USA,Atlas,Rust,-5,955,5662,83,646,194,167,14/07/2023,00:00,4,4005,2890,9.0,16,11,25.7, ,5,Yes,Yes,Sprint-11,4535.4,GPL
D0438, ,Platform,2.6,USA,Forge,Go,999999,11,1014,143,514,48,336,2025-03-27,00:00,60,3862,1709,5.0,1,1,8.4,Failed,6,Yes,No,Sprint-3,3600.4,MIT
D0517,Alex,AI,2.4,India,Nova,,-5,190,5598,83,16,255,196,2025-03-21,8PM,4,274,2555,3.2,5,2,54.4,FAIL,2,No,No,Sprint-6,4818.5,GPL
D0032,Sam,Backend,,India,Atlas,Java,-5,872,945,5,753,63,278,2025-01-30,8PM,77,4038,989,5.6,8,12,4.5,Failed,5,Yes,Yes,Sprint-8,2514.8,Apache-2.0
D0305,Chris,DevOps,,USA,Forge, PYTHON,-5,706,5970,110,290,379,203,04/09/2024,25:61,64,2054,1809,5.5,10,3,64.3,Failed,3,Yes,Yes,Sprint-10,3939.4,MIT
D0231,Sam,Platform,6.1,India,Atlas,python,999999,839,2968,107,435,441,440,28/05/2023,00:00,100,4039,1716,13.9,19,3,9.2,Success,1,No,Yes,Sprint-1,4461.9,Apache-2.0
D0079,Chris,Platform,9.1,Germany,Atlas,Go,999999,360,855,8,674,328,221,05/10/2023,25:61,92,1070,244,3.1,30,4,51.1,FAIL,5,No,Yes,Sprint-1,2458.7,MIT
D0065,Alex,Frontend,,Germany,Atlas,Go,-5,53,5358,12,348,150,182,2023-12-28,8PM,58,4821,62,1.3,3,18,22.3,Success,3,No,Yes,Sprint-8,1979.4,
D0488,Sam,DevOps,10.8,USA,Nova,python,4277,49,1480,94,931,273,358,2025-03-19,00:00,27,1811,952,6.9,5,4,36.0, ,3,No,Yes,Sprint-2,59.6,
D0330,Alex,AI,3.4,USA,Nova,,3728,219,5841,47,505,373,276,12/10/2024,00:00,37,1521,933,1.2,5,25,31.0,Success,8,No,Yes,Sprint-1,4527.6,
D0359,Alex,Backend,10.7,USA,Nova, PYTHON,-5,877,2752,98,430,421,103,2023-07-30,8PM,50,1936,1231,4.0,26,4,20.3,FAIL,7,No,No,Sprint-12,166.9,MIT
D0030,Sam,AI,4.7,India,Atlas,TypeScript,817,589,5015,7,937,441,3,08/02/2024,25:61,24,411,606,11.0,22,27,56.9,Failed,7,Yes,No,Sprint-9,4689.8,GPL
D0161,Alex,AI,7.0,Germany,Nova,pyhton,999999,447,5516,118,43,297,102,2023-03-26,8PM,26,3541,2969,0.3,17,1,63.8,Success,9,Yes,No,Sprint-6,4564.4,Apache-2.0
D0517, ,DevOps,,Germany,Atlas,,999999,741,3480,37,261,306,193,28/10/2023,00:00,34,1762,629,4.8,29,11,44.9,Success,4,Yes,Yes,Sprint-10,3362.8,GPL
D0350,Alex,DevOps,4.4,Germany,Forge,Python,999999,418,919,96,991,118,82,2024-06-14,8PM,27,809,1258,11.6,14,14,63.3,Success,1,Yes,Yes,Sprint-10,2767.1,MIT
D0465,Taylor,Backend,,Germany,Nova,Python,-5,487,5363,16,68,370,217,19/10/2024,8PM,57,3957,2590,0.3,1,28,28.2,FAIL,6,No,No,Sprint-2,3311.1,Apache-2.0
D0079,Alex,Platform,8.1,USA,Forge, PYTHON,944,617,280,78,498,108,49,2024-03-30,00:00,81,1793,844,8.2,22,14,25.6,Failed,5,Yes,Yes,Sprint-1,991.1,GPL
D0103,Chris,Frontend,,India,Forge,Python,4669,733,4286,174,337,349,93,2024-07-08,8PM,35,3438,1702,9.9,16,17,11.5,FAIL,8,No,Yes,Sprint-11,2953.8,MIT
D0283,Chris,Frontend,,USA,Forge,pyhton,999999,138,1109,136,743,257,184,12/04/2025,8PM,11,3886,877,11.8,2,21,71.7,Success,9,Yes,Yes,Sprint-12,4188.0,
D0258,Alex,DevOps,4.8,India,Nova,Go,3622,926,5023,73,335,388,9,31/03/2023,8PM,69,3406,1827,0.6,9,11,53.4,Failed,2,No,Yes,Sprint-8,4113.4,MIT
D0546,Sam,Backend,,Germany,Forge,Python,-5,770,421,36,276,1,460,2023-10-17,8PM,92,4741,2438,4.4,10,8,51.4,Success,4,No,No,Sprint-3,1485.3,MIT
D0472,Alex,AI,,USA,Atlas,,-5,7,4167,157,522,204,426,11/11/2023,00:00,15,557,2496,12.4,8,23,13.9,FAIL,10,Yes,No,Sprint-11,3925.6,
D0183,Chris,Platform,,India,Forge,Java,397,286,5754,170,95,374,180,29/01/2023,00:00,53,3703,2863,8.8,29,21,38.2,Failed,8,Yes,No,Sprint-7,4042.4,GPL
D0428, ,AI,7.6,India,Forge,python,-5,821,2646,79,167,69,282,2023-05-31,00:00,5,4908,1688,13.1,17,4,69.4, ,1,Yes,Yes,Sprint-4,2554.3,Apache-2.0
D0694, ,DevOps,12.5,India,Nova,Rust,-5,169,3170,172,610,34,279,04/07/2024,25:61,35,1651,2979,12.0,15,27,60.8,Success,2,No,No,Sprint-4,4906.6,
D0439, ,Frontend,13.8,USA,Nova,python,999999,519,1651,104,391,463,63,12/06/2024,8PM,59,4829,2472,5.2,5,29,56.3, ,9,Yes,No,Sprint-3,3614.7,
D0622, ,Platform,,USA,Atlas, PYTHON,4791,575,2563,80,608,57,448,10/01/2023,8PM,27,4054,823,9.1,17,5,20.0, ,4,No,Yes,Sprint-1,3240.7,
D0159,Taylor,Backend,9.5,USA,Forge,Go,4042,946,4155,174,227,220,215,2024-03-08,00:00,97,3587,1305,3.7,30,16,16.2,Success,10,No,No,Sprint-11,3086.1,
D0441,Chris,AI,,USA,Forge,Rust,999999,711,4138,184,277,70,170,01/11/2024,8PM,76,3601,2229,7.2,3,5,65.0,Failed,2,No,No,Sprint-9,2746.5,
D0477,Alex,Frontend,0.5,Germany,Forge,,999999,779,835,66,438,192,299,09/03/2024,25:61,93,809,2605,2.6,5,13,64.0,FAIL,3,Yes,Yes,Sprint-3,582.6,Apache-2.0
D0564, ,Frontend,8.2,USA,Nova,,999999,628,4771,131,12,48,164,31/10/2024,25:61,26,942,546,7.7,22,2,59.5, ,9,No,No,Sprint-10,1448.0,GPL
D0204, ,Frontend,,USA,Forge,Go,140,307,5352,110,884,147,232,2023-07-20,25:61,85,1672,1375,1.4,23,1,59.9,Success,4,Yes,No,Sprint-8,1446.5,MIT
D0498,Chris,AI,14.8,Germany,Atlas,,487,609,709,49,170,87,283,02/11/2023,00:00,41,1909,1845,10.8,30,24,46.2, ,4,No,Yes,Sprint-1,1365.2,
D0374,Sam,Frontend,,Germany,Nova,Go,999999,675,877,19,424,163,7,2023-10-29,8PM,19,4440,894,6.1,11,4,46.0,Success,4,No,No,Sprint-8,2590.0,GPL
D0502, ,Backend,7.0,India,Nova,,313,10,2523,35,968,22,186,2023-08-22,25:61,21,178,1468,2.4,25,12,27.7,FAIL,1,No,Yes,Sprint-4,627.9,MIT
D0561,Alex,Frontend,9.7,USA,Nova,Go,-5,733,4300,186,518,474,207,16/01/2025,8PM,61,11,1024,3.2,2,19,45.1,Failed,8,No,No,Sprint-7,2431.9,Apache-2.0
D0509,Alex,DevOps,6.7,USA,Forge,Java,999999,253,3979,162,177,338,278,05/12/2024,00:00,89,2301,2644,13.0,6,27,1.3,Success,4,No,No,Sprint-11,3702.0,MIT
D0025,Sam,AI,,India,Forge,TypeScript,-5,449,4495,142,20,45,149,2024-12-29,25:61,74,1711,709,9.9,27,12,44.6,Success,9,Yes,Yes,Sprint-5,385.1,GPL
D0045,Sam,Frontend,,Germany,Nova,Java,-5,806,4071,78,979,220,41,29/01/2025,25:61,18,3240,1854,8.0,9,15,71.7,Success,10,No,Yes,Sprint-2,4932.3,Apache-2.0
D0409,Alex,Platform,,Germany,Atlas,Python,-5,986,2143,119,818,454,182,18/07/2024,8PM,12,2524,2830,4.5,22,0,11.2,FAIL,3,No,Yes,Sprint-5,2527.5,GPL
D0163,Sam,AI,,Germany,Nova,Rust,3696,584,4334,17,479,492,168,28/01/2025,00:00,76,3957,630,6.2,25,29,46.5,Failed,6,No,Yes,Sprint-2,1726.4,Apache-2.0
D0541,Taylor,Frontend,10.1,Germany,Forge, PYTHON,-5,442,3270,167,632,297,448,2024-05-07,00:00,19,698,1439,4.2,8,22,45.2,Failed,8,Yes,Yes,Sprint-4,2509.2,MIT
D0261,Taylor,Frontend,12.4,India,Forge, PYTHON,2782,37,3264,48,325,483,168,30/09/2024,00:00,79,4560,2391,4.1,8,28,57.8,Success,6,No,No,Sprint-1,2043.3,GPL
D0167,Sam,DevOps,,India,Nova,Java,-5,486,4288,93,515,201,124,20/09/2024,25:61,15,340,2498,9.9,3,11,24.7,FAIL,10,No,No,Sprint-2,2337.8,MIT
D0044,Sam,DevOps,,Germany,Nova,python,4290,755,5491,180,545,470,270,24/04/2025,25:61,22,1133,1203,3.4,24,28,25.0,Failed,0,Yes,No,Sprint-1,1955.8,
D0068,Taylor,DevOps,,India,Forge,,-5,939,4117,157,928,483,83,08/03/2024,00:00,100,2487,1600,13.0,22,2,22.3,FAIL,7,No,Yes,Sprint-5,3494.4,Apache-2.0
D0081,Sam,AI,,Germany,Atlas,python,999999,196,3687,146,298,192,348,2024-10-01,25:61,29,391,2412,5.0,22,7,50.2,Success,9,Yes,No,Sprint-1,442.5,Apache-2.0
D0268,Alex,Platform,7.3,Germany,Atlas,Python,999999,349,1436,182,588,198,86,2023-12-23,25:61,4,2536,434,4.7,0,30,19.9,Failed,8,Yes,No,Sprint-2,4004.3,
D0132,Taylor,Frontend,,India,Atlas, PYTHON,4483,492,4576,169,61,118,76,03/06/2023,25:61,74,88,1941,5.8,2,2,38.5,Failed,6,Yes,No,Sprint-9,1368.3,Apache-2.0
D0491,Alex,AI,,India,Nova, PYTHON,999999,589,4428,87,771,486,221,2023-05-09,00:00,59,4736,1154,10.9,20,13,68.9,Failed,7,No,Yes,Sprint-6,2962.7,Apache-2.0
D0243,Sam,Backend,2.1,USA,Atlas, PYTHON,999999,673,4719,172,945,55,173,2024-01-13,8PM,22,3544,1944,5.1,26,28,42.1,FAIL,6,Yes,Yes,Sprint-3,647.9,Apache-2.0
D0299,Taylor,DevOps,10.7,Germany,Forge,python,999999,163,5232,73,341,140,339,13/09/2024,00:00,60,1432,245,12.4,20,18,71.8,FAIL,6,No,No,Sprint-6,3934.8,GPL
D0680,Taylor,DevOps,14.5,Germany,Forge,,999999,440,2992,44,416,81,204,2025-05-24,8PM,1,2925,2320,12.8,24,13,1.0, ,7,No,Yes,Sprint-5,2337.3,Apache-2.0
D0536, ,Backend,5.2,Germany,Forge,python,-5,201,159,155,489,67,138,11/03/2024,00:00,43,2699,2270,10.6,3,11,53.4, ,2,No,Yes,Sprint-11,292.8,
D0217,Chris,Platform,,USA,Atlas, PYTHON,3803,970,2086,139,355,392,143,26/06/2023,8PM,74,3027,1563,5.1,7,9,61.9,Failed,6,No,No,Sprint-3,454.0,MIT
D0513,Chris,Platform,,India,Atlas,TypeScript,-5,325,3144,15,801,118,365,2024-11-15,25:61,82,203,791,3.6,6,1,33.3,Success,7,Yes,Yes,Sprint-12,1768.1,Apache-2.0
D0682,Taylor,AI,13.6,USA,Atlas,Go,999999,548,403,90,675,92,217,23/03/2024,25:61,1,3402,2481,11.2,14,25,54.9, ,2,No,Yes,Sprint-12,1161.8,MIT
D0009,Alex,DevOps,,India,Nova,python,999999,656,2205,103,877,500,85,2023-11-26,25:61,38,3875,847,1.3,29,0,56.8, ,4,Yes,No,Sprint-3,3596.7,GPL
D0382,Sam,Frontend,,India,Nova,Go,-5,731,2431,13,534,125,405,05/05/2025,00:00,20,3656,1613,3.8,24,3,16.7, ,1,No,No,Sprint-3,1954.6,Apache-2.0
D0589,Sam,AI,11.7,USA,Forge,,254,133,5122,38,207,271,420,2023-09-01,8PM,95,865,2940,13.6,11,19,46.5,Failed,10,Yes,Yes,Sprint-1,280.9,GPL
D0042,Sam,Platform,,Germany,Forge,Rust,319,208,5419,44,420,293,304,27/01/2024,25:61,9,4202,2150,13.8,27,19,56.6,FAIL,6,Yes,Yes,Sprint-5,4215.8,GPL
D0014,Alex,Platform,,USA,Forge,Rust,999999,272,508,126,272,264,408,2024-09-24,8PM,100,2566,2973,5.2,27,12,49.8,FAIL,1,Yes,Yes,Sprint-10,4869.9,Apache-2.0
D0493,Sam,Frontend,10.6,Germany,Forge, PYTHON,-5,826,3111,105,690,315,49,2024-12-14,25:61,57,4329,1279,11.0,0,1,13.9,Failed,6,No,No,Sprint-4,2067.6,Apache-2.0
D0599, ,Platform,,USA,Forge,Rust,999999,863,1778,47,327,92,380,2023-02-15,25:61,60,4852,1357,3.6,15,18,29.0,FAIL,10,Yes,Yes,Sprint-1,326.7,MIT
D0334,Alex,Frontend,,USA,Atlas,python,-5,178,1836,52,186,428,379,25/12/2023,00:00,34,2105,605,2.4,9,10,70.1,Failed,1,No,No,Sprint-7,4379.9,GPL
D0262,Alex,AI,3.7,India,Forge,TypeScript,-5,641,3350,71,731,458,189,22/03/2025,25:61,7,2301,908,7.2,14,22,47.8,Failed,1,Yes,Yes,Sprint-4,3486.4,GPL
D0449,Alex,DevOps,,India,Atlas,Go,-5,358,1580,172,361,406,256,2024-03-29,00:00,6,1340,2298,12.8,1,19,43.5,Failed,3,No,Yes,Sprint-10,4689.5,
D0427,Sam,AI,11.5,India,Atlas,Go,3698,632,4779,3,720,192,474,19/06/2024,8PM,3,305,1085,11.0,13,0,18.2,Success,8,Yes,Yes,Sprint-8,1398.9,MIT
D0544,Sam,Frontend,,USA,Nova,TypeScript,2724,348,5337,105,38,255,257,2024-12-13,25:61,13,1530,1161,7.1,24,28,43.1, ,4,No,No,Sprint-1,2248.0,Apache-2.0
D0509,Chris,Platform,9.3,USA,Nova,Java,999999,787,4901,99,265,225,5,05/01/2024,00:00,39,2137,2489,8.0,30,8,9.2,Success,10,Yes,No,Sprint-2,1258.4,MIT
D0198,Taylor,AI,,USA,Nova,TypeScript,3334,427,495,69,783,181,4,17/09/2023,25:61,71,500,1650,13.5,2,1,23.4,Failed,4,No,No,Sprint-10,3976.3,GPL
D0381,Sam,Platform,1.5,India,Nova,python,-5,582,414,171,205,122,389,2024-07-07,8PM,2,4143,2084,9.5,0,15,13.7,FAIL,0,No,Yes,Sprint-2,1322.0,GPL
D0511,Chris,Frontend,0.1,India,Nova,Python,2941,814,2098,155,792,305,494,09/11/2023,8PM,82,4901,1263,7.1,29,29,25.8,FAIL,9,No,Yes,Sprint-9,1353.3,
D0350,Chris,DevOps,6.4,USA,Nova,,2909,994,5224,69,18,454,468,02/12/2024,00:00,21,1540,2480,12.9,23,6,15.9,Failed,9,No,Yes,Sprint-1,3110.7,MIT
D0217,Chris,DevOps,,USA,Forge,Go,3863,511,1521,66,746,45,27,2023-12-01,8PM,72,3927,2892,10.3,11,20,1.9,Failed,1,No,Yes,Sprint-4,1506.4,Apache-2.0
D0653,Sam,Frontend,,USA,Atlas,Java,999999,64,3004,192,311,186,402,2023-08-28,00:00,62,2961,1349,5.7,12,20,5.4,FAIL,7,Yes,Yes,Sprint-12,1132.2,GPL
D0695,Alex,Platform,,India,Nova, PYTHON,999999,639,4467,50,539,151,351,2024-01-15,00:00,88,4824,362,8.7,3,30,66.6, ,4,No,No,Sprint-10,1963.5,Apache-2.0
D0189,Taylor,Platform,,USA,Atlas,python,1810,130,2071,51,459,311,412,2024-07-28,8PM,74,4356,52,10.3,20,4,31.3,FAIL,4,Yes,Yes,Sprint-4,2449.8,Apache-2.0
D0564,Alex,Platform,0.8,India,Forge,Python,999999,681,2060,38,653,241,192,2023-10-27,25:61,33,2140,1313,13.0,23,8,21.4, ,10,Yes,No,Sprint-12,3701.5,MIT
D0566,Sam,DevOps,7.5,USA,Atlas,Python,999999,910,5093,51,139,117,151,2025-02-06,00:00,43,2548,1198,6.2,6,27,8.8,Failed,0,Yes,Yes,Sprint-2,1868.9,
D0384,Chris,DevOps,11.9,Germany,Nova,Java,-5,683,1529,132,656,482,490,08/03/2024,00:00,100,-24,1163,5.6,21,19,27.2,Success,4,No,Yes,Sprint-11,12.3,MIT
D0666,Alex,AI,,USA,Forge,TypeScript,999999,152,5579,20,551,80,311,2025-04-10,00:00,1,968,507,10.0,9,24,44.5, ,9,Yes,Yes,Sprint-8,3224.4,GPL
D0009,Taylor,Platform,,USA,Nova,TypeScript,999999,997,2582,18,731,163,398,03/02/2025,00:00,4,4395,288,5.6,5,28,57.4,FAIL,7,No,No,Sprint-5,1467.1,MIT
D0014,Sam,AI,7.4,India,Forge,,999999,848,931,108,442,272,471,2024-11-16,25:61,88,307,501,2.2,10,14,56.8,Success,5,Yes,Yes,Sprint-11,3658.7,
D0077,Chris,Frontend,,USA,Forge, PYTHON,-5,824,1506,96,386,483,124,06/06/2024,8PM,97,3100,592,10.5,24,18,46.0,FAIL,8,No,No,Sprint-11,2829.0,GPL
D0137,Sam,Backend,1.1,USA,Atlas,Python,1174,385,3676,195,241,493,174,2024-03-25,8PM,71,2035,915,5.3,15,20,49.2,Failed,3,No,No,Sprint-6,3473.5,Apache-2.0
D0676,Sam,DevOps,,India,Atlas,,-5,102,5957,120,531,338,283,10/11/2024,8PM,98,1935,1537,3.4,6,4,11.7,FAIL,4,No,Yes,Sprint-2,2514.8,
D0281, ,DevOps,10.0,USA,Nova,TypeScript,999999,71,1271,60,312,430,479,22/03/2024,25:61,55,587,807,13.9,12,12,57.9,Success,8,No,Yes,Sprint-11,2304.5,Apache-2.0
D0492, ,Backend,5.5,Germany,Atlas,TypeScript,999999,30,2507,185,714,322,468,2025-01-25,8PM,46,1719,2625,11.7,0,6,16.6, ,7,No,Yes,Sprint-1,3397.6,GPL
D0087,Chris,AI,10.7,USA,Atlas,pyhton,3416,722,670,128,775,256,456,2024-04-15,00:00,56,2632,1675,4.1,7,7,0.4,Success,0,No,No,Sprint-6,1369.3,Apache-2.0
D0594, ,AI,1.6,India,Nova,Rust,972,724,405,138,209,393,281,12/04/2024,25:61,61,1776,2261,10.9,9,9,56.4,FAIL,3,No,Yes,Sprint-7,174.1,
D0607,Alex,Platform,9.2,Germany,Nova,pyhton,999999,442,2501,47,278,356,135,2025-04-27,25:61,12,3482,1074,8.7,21,6,41.9,FAIL,9,Yes,No,Sprint-3,2646.6,Apache-2.0
D0184,Taylor,DevOps,,USA,Forge,Python,-5,298,4848,117,953,328,40,2023-04-03,25:61,13,464,2981,13.7,27,29,43.7,Success,0,No,No,Sprint-8,691.3,GPL
D0481,Alex,AI,14.5,Germany,Forge,Rust,-5,272,1572,69,123,214,422,20/11/2023,00:00,57,2432,2598,5.0,22,29,48.3,FAIL,3,Yes,Yes,Sprint-6,399.3,
D0224, ,Platform,,USA,Atlas,TypeScript,999999,20,4490,74,506,255,195,2025-03-29,00:00,90,3406,1895,12.6,23,13,12.2,Failed,0,No,No,Sprint-3,4826.2,Apache-2.0
D0588,Alex,Platform,11.0,India,Nova,Go,-5,210,4060,40,815,96,422,2024-06-28,00:00,71,4953,927,11.2,26,14,13.0,Failed,6,No,Yes,Sprint-9,1835.3,MIT
D0623, ,Platform,,India,Nova,Python,-5,935,2428,63,69,405,49,15/12/2023,00:00,48,3948,1155,13.2,21,7,46.9, ,9,No,Yes,Sprint-6,1470.0,MIT
D0669,Sam,Platform,,USA,Nova,,1318,999,4450,199,843,112,143,2023-03-14,8PM,86,14,2964,2.3,18,12,12.7,FAIL,7,Yes,No,Sprint-5,835.8,
D0214, ,DevOps,3.6,USA,Forge,TypeScript,2016,462,5713,127,846,22,424,11/06/2024,25:61,61,4867,2398,4.8,2,23,30.6,FAIL,3,Yes,Yes,Sprint-2,3072.3,MIT
D0670,Taylor,Backend,5.5,Germany,Forge,Python,1499,70,4991,124,274,203,354,17/06/2025,25:61,94,661,1192,8.5,17,0,47.5,Failed,4,Yes,Yes,Sprint-11,830.1,Apache-2.0
D0588,Chris,AI,,USA,Nova,python,911,87,589,54,756,39,443,20/02/2025,00:00,87,4605,1462,13.9,14,14,64.6,Failed,4,No,Yes,Sprint-1,52.4,MIT
D0631,Sam,Platform,10.7,Germany,Nova,Java,-5,577,406,186,312,124,70,2025-04-09,00:00,54,718,198,2.2,0,28,0.2,FAIL,6,No,Yes,Sprint-9,949.1,MIT
D0261,Alex,DevOps,0.8,USA,Forge,TypeScript,999999,41,4589,64,178,393,389,23/06/2023,8PM,87,235,2994,11.3,10,4,65.2,FAIL,8,Yes,No,Sprint-2,2079.4,MIT
D0619, ,DevOps,7.0,India,Atlas,pyhton,3298,454,1300,131,142,493,465,2024-04-13,25:61,67,4130,1425,11.8,29,17,40.9,Success,6,Yes,Yes,Sprint-9,597.2,GPL
D0328, ,Backend,12.3,Germany,Forge,,999999,983,4500,100,186,231,359,2023-02-28,00:00,88,4885,2071,7.3,6,15,36.9, ,6,No,No,Sprint-3,1171.0,
D0112, ,Frontend,,India,Atlas,,-5,142,3630,166,733,128,215,21/01/2023,25:61,77,3439,2974,2.9,19,13,3.7,FAIL,7,No,No,Sprint-1,138.3,
D0150, ,Frontend,9.3,India,Atlas,Go,1745,455,4025,114,641,496,225,2023-01-12,8PM,10,4062,2286,3.9,19,27,70.3,Failed,9,Yes,No,Sprint-10,455.8,Apache-2.0
D0296,Chris,Backend,12.0,India,Nova,Java,999999,563,1292,25,644,345,133,16/01/2025,8PM,48,2153,1901,10.5,4,7,44.9, ,1,Yes,No,Sprint-3,1610.5,MIT
D0223,Taylor,DevOps,4.9,USA,Atlas,Java,999999,299,5976,59,946,166,106,2025-01-07,25:61,84,16,473,12.2,9,13,65.1,FAIL,3,No,Yes,Sprint-7,4988.4,
D0274,Taylor,DevOps,2.9,Germany,Atlas, PYTHON,999999,439,717,195,924,214,494,2023-09-24,25:61,27,2745,2749,9.1,16,18,70.2, ,8,No,Yes,Sprint-7,1266.1,GPL
D0330,Chris,Backend,6.4,USA,Nova,,2369,216,5720,15,664,28,435,19/09/2024,00:00,95,2540,9,9.5,27,30,41.2, ,4,No,No,Sprint-9,4852.9,Apache-2.0
D0463,Sam,Backend,8.6,USA,Atlas,pyhton,1119,83,547,187,131,244,155,12/07/2023,00:00,19,4181,984,1.8,19,24,61.1, ,4,Yes,No,Sprint-11,1437.6,
D0539,Alex,Backend,,India,Nova,Rust,-5,755,2220,108,228,152,227,2023-12-02,8PM,42,4849,1833,3.5,2,26,63.0,Failed,10,No,No,Sprint-2,17.3,MIT
D0228,Taylor,Platform,9.4,USA,Forge,Python,2366,482,467,168,236,234,332,2025-04-05,8PM,85,777,270,2.0,8,24,13.8, ,2,Yes,No,Sprint-8,3806.1,MIT
D0667,Sam,Backend,,India,Nova,Go,-5,0,1536,86,241,25,319,21/06/2023,00:00,95,2665,1078,11.0,2,18,58.1,Failed,3,Yes,No,Sprint-1,3411.6,Apache-2.0
D0247, ,Frontend,,Germany,Forge,Rust,-5,54,1616,199,94,284,460,2023-04-20,8PM,53,4994,2357,0.5,25,27,30.8, ,8,Yes,No,Sprint-3,3396.9,GPL
D0698, ,Frontend,1.6,Germany,Atlas,pyhton,999999,876,4196,25,421,443,269,27/04/2023,8PM,52,2533,766,8.3,20,3,39.8, ,8,Yes,No,Sprint-8,2188.2,GPL
D0431,Sam,Platform,,Germany,Forge,pyhton,-5,420,5490,132,903,218,284,04/10/2024,25:61,50,30,1459,6.5,19,26,18.2,Failed,3,No,No,Sprint-10,2295.1,GPL
D0400,Chris,DevOps,3.4,Germany,Atlas,,3984,921,4681,116,574,111,389,2023-09-13,00:00,79,1708,521,6.3,19,16,41.2, ,0,No,Yes,Sprint-5,1672.8,GPL
D0101,Taylor,AI,,India,Nova,,-5,396,1121,50,608,184,72,30/10/2023,00:00,20,643,427,7.2,5,20,0.5,Success,10,Yes,No,Sprint-4,421.9,GPL
D0471,Taylor,Platform,7.8,India,Nova,Python,999999,156,1889,164,612,91,135,2024-07-19,8PM,61,2540,2676,11.4,28,19,64.7,Failed,4,No,No,Sprint-9,3582.5,MIT
D0032,Sam,Backend,,India,Atlas,Java,-5,492,2755,170,526,86,104,2024-07-01,00:00,84,4619,1455,0.6,15,18,0.1, ,0,Yes,Yes,Sprint-6,32.4,Apache-2.0
D0396, ,Frontend,15.0,India,Atlas,TypeScript,999999,895,3453,176,313,0,334,2024-11-30,00:00,33,4142,2791,7.1,24,13,69.6,FAIL,5,Yes,Yes,Sprint-1,4824.7,Apache-2.0
D0123,Chris,Platform,,India,Atlas,Python,999999,930,3425,11,823,91,271,2024-12-02,25:61,55,3038,1738,9.3,11,23,51.5, ,3,Yes,No,Sprint-12,4438.1,MIT
D0500,Sam,Backend,,Germany,Nova,Go,-5,575,4059,84,808,256,487,2025-01-02,00:00,15,3255,2790,5.6,20,5,51.8, ,1,No,Yes,Sprint-9,2184.8,MIT
D0202,Alex,Backend,7.8,India,Forge,python,-5,759,258,87,10,2,276,2024-12-22,25:61,93,3867,1879,0.7,22,12,9.8, ,0,No,Yes,Sprint-11,4424.7,Apache-2.0
D0366, ,Frontend,6.9,USA,Forge,TypeScript,-5,414,555,22,85,457,178,01/03/2024,8PM,71,3042,1127,11.3,8,0,50.6,FAIL,0,Yes,No,Sprint-9,2004.8,Apache-2.0
D0444,Chris,Frontend,7.6,India,Nova,Go,999999,545,1830,194,87,46,168,23/09/2023,00:00,1,850,83,8.3,27,23,1.8,Success,4,Yes,No,Sprint-8,1104.8,MIT
D0283,Chris,Platform,,Germany,Nova,,338,171,768,34,32,375,165,01/11/2024,00:00,63,362,2635,3.0,1,11,51.2,FAIL,6,Yes,Yes,Sprint-3,2978.2,GPL
D0612,Sam,Platform,4.5,USA,Forge,,999999,619,725,200,542,132,138,02/02/2025,00:00,20,4057,2527,6.9,26,17,14.0, ,1,Yes,No,Sprint-12,400.6,GPL
D0528,Chris,DevOps,,Germany,Forge,,2815,99,2698,154,263,60,249,18/03/2025,8PM,7,4133,1966,11.9,8,27,50.7, ,9,Yes,No,Sprint-9,4777.7,Apache-2.0
D0610, ,Frontend,3.9,India,Atlas,Rust,1333,633,394,90,475,391,143,2025-03-31,25:61,35,4422,1634,13.0,22,29,16.5, ,3,No,Yes,Sprint-5,1437.3,Apache-2.0
D0289,Sam,DevOps,,Germany,Nova,TypeScript,2314,913,1705,158,665,366,312,2024-12-27,00:00,60,3462,726,3.1,21,4,33.4,Failed,2,Yes,No,Sprint-2,69.0,Apache-2.0
D0581,Taylor,Backend,7.0,India,Atlas,,999999,539,238,187,810,290,426,2023-09-15,00:00,61,3813,860,8.9,18,27,26.7,Failed,3,Yes,Yes,Sprint-11,1022.8,
D0698,Sam,AI,,USA,Nova, PYTHON,-5,569,2913,109,604,366,1,2024-09-11,25:61,36,2892,859,8.6,24,20,39.8,Failed,3,Yes,No,Sprint-12,1243.9,
D0597,Chris,AI,,USA,Atlas,Rust,999999,375,109,55,448,380,190,20/12/2024,00:00,60,4019,1160,13.4,4,7,40.7,Success,4,Yes,No,Sprint-11,1105.3,MIT
D0585,Chris,Backend,1.5,Germany,Atlas,pyhton,-5,219,5550,140,333,347,353,04/12/2023,00:00,75,4533,1227,3.7,13,18,53.2, ,4,Yes,Yes,Sprint-4,2975.0,MIT
D0227,Taylor,DevOps,3.3,Germany,Forge,TypeScript,3093,363,2958,86,364,146,493,27/04/2023,25:61,73,4356,35,0.2,9,16,2.2, ,10,No,Yes,Sprint-1,2027.4,GPL
D0236, ,Frontend,14.0,USA,Forge, PYTHON,678,117,5018,21,407,24,342,09/05/2024,00:00,23,288,877,4.7,23,0,33.9,Failed,9,Yes,Yes,Sprint-4,2821.2,GPL
D0385,Taylor,DevOps,,USA,Forge,TypeScript,1705,67,1693,88,117,219,172,2023-04-07,8PM,75,2606,1018,10.2,16,22,14.1, ,5,No,No,Sprint-10,2327.5,MIT
D0452,Chris,Platform,,India,Forge,Java,971,136,2359,147,972,338,477,22/11/2024,8PM,17,396,2205,10.4,14,27,6.0,Failed,1,Yes,Yes,Sprint-10,194.3,MIT
D0021, ,DevOps,13.6,USA,Nova, PYTHON,-5,72,270,177,910,135,244,2025-04-08,25:61,57,3438,117,6.5,30,3,29.2,FAIL,3,Yes,No,Sprint-8,316.7,GPL
D0070, ,Frontend,11.0,India,Atlas, PYTHON,-5,663,2,104,14,365,140,2024-01-16,8PM,9,2235,2277,6.3,5,1,50.5,Failed,7,No,No,Sprint-2,4346.9,GPL
D0191,Alex,AI,,Germany,Nova,,999999,824,1043,16,48,219,314,2024-12-07,00:00,99,1187,2117,5.2,6,10,3.3,Success,2,Yes,Yes,Sprint-2,3765.8,MIT
D0407,Chris,Backend,14.4,Germany,Forge,,-5,956,970,170,514,231,50,2023-08-23,00:00,5,3938,604,9.3,10,14,62.6,Success,5,No,No,Sprint-8,1546.1,MIT
D0654,Alex,Platform,1.4,USA,Nova, PYTHON,-5,975,5696,155,140,65,24,2023-10-25,25:61,87,3260,32,11.2,28,20,30.4,Failed,0,Yes,Yes,Sprint-3,2061.9,Apache-2.0
D0338,Alex,AI,,Germany,Atlas, PYTHON,999999,336,608,71,592,418,265,23/03/2023,00:00,17,2950,2991,5.3,17,16,52.0,FAIL,1,No,Yes,Sprint-11,4115.9,Apache-2.0
D0448,Sam,DevOps,,India,Nova,,999999,685,6000,132,694,349,159,11/09/2024,8PM,17,438,467,10.5,19,16,10.0,Success,6,No,No,Sprint-4,2769.9,
D0644, ,DevOps,14.3,USA,Nova, PYTHON,999999,945,791,130,677,96,477,2024-08-19,8PM,91,2516,1299,3.9,20,2,24.3,FAIL,7,No,Yes,Sprint-6,928.3,GPL
D0019,Sam,AI,5.0,USA,Forge,,1686,942,4531,14,448,336,42,2025-01-31,8PM,3,2903,1942,5.6,24,25,35.2,FAIL,2,Yes,No,Sprint-6,4821.9,GPL
D0347,Chris,Frontend,3.6,Germany,Forge,pyhton,3333,385,563,130,821,345,125,2024-11-14,00:00,10,4349,2364,8.0,22,27,9.1, ,2,Yes,Yes,Sprint-4,1444.9,
D0692, ,Frontend,12.6,Germany,Nova,Rust,2758,687,1860,109,888,228,175,07/12/2024,00:00,95,4509,1303,0.3,10,10,14.5,Failed,10,No,Yes,Sprint-6,137.8,GPL
D0678,Taylor,AI,1.3,USA,Forge,Go,2874,717,5863,34,759,76,6,07/07/2024,25:61,1,1668,703,0.8,17,15,8.2, ,5,Yes,No,Sprint-6,217.0,Apache-2.0
D0235,Sam,Platform,2.6,USA,Forge,Java,-5,954,205,188,404,85,456,16/03/2023,00:00,38,3721,2316,3.8,7,0,12.9, ,9,No,Yes,Sprint-8,2067.0,Apache-2.0
D0460,Alex,Backend,,India,Atlas, PYTHON,999999,802,241,187,884,298,210,21/06/2024,8PM,69,2059,2084,11.0,9,0,16.0,Success,3,No,Yes,Sprint-4,1706.4,
D0652,Alex,Backend,,India,Forge,,4590,362,538,83,415,54,418,2024-06-03,8PM,99,4384,1683,13.4,4,22,71.3, ,3,No,No,Sprint-10,1065.6,Apache-2.0
D0459,Alex,DevOps,7.5,India,Atlas, PYTHON,-5,803,3701,165,787,99,479,2025-03-18,8PM,22,2221,1204,9.4,17,21,14.5, ,10,No,No,Sprint-9,1960.3,Apache-2.0
D0425,Alex,Frontend,,Germany,Atlas,Python,999999,27,1220,67,116,24,317,2023-11-08,00:00,49,3763,551,0.7,15,3,46.4,Success,2,No,Yes,Sprint-5,833.0,GPL
D0024, ,Platform,7.3,Germany,Atlas,python,999999,205,4333,62,139,349,124,2023-12-23,8PM,21,3002,2130,12.8,12,22,26.6,Success,0,No,No,Sprint-1,1914.2,Apache-2.0
D0257,Taylor,AI,13.5,USA,Forge,pyhton,-5,509,4561,123,939,460,395,2024-07-25,00:00,8,4195,1875,1.6,4,18,61.7,Failed,8,Yes,No,Sprint-4,2303.2,Apache-2.0
D0573,Taylor,Platform,,India,Nova,Java,999999,42,3848,26,453,444,380,2023-01-23,25:61,9,2701,2788,8.3,29,21,55.7,FAIL,10,No,Yes,Sprint-5,4498.3,MIT
D0227,Taylor,Frontend,,Germany,Nova,Python,999999,605,1195,22,775,496,107,2023-09-17,00:00,8,4470,208,9.9,25,3,48.7, ,5,Yes,Yes,Sprint-4,79.2,MIT
D0488,Taylor,Frontend,,USA,Atlas,,333,49,2501,126,497,445,51,2024-09-12,8PM,30,4997,1500,11.7,28,19,10.7,Success,0,Yes,Yes,Sprint-7,4029.6,Apache-2.0
D0376,Taylor,AI,11.8,Germany,Nova,Python,999999,946,4675,160,350,343,490,01/01/2023,8PM,44,972,858,7.7,0,3,27.2, ,3,Yes,No,Sprint-7,83.2,MIT
D0405, ,Backend,3.7,India,Nova,,-5,453,5769,119,332,119,221,2024-07-03,00:00,35,201,2431,3.3,11,14,44.8,FAIL,1,Yes,No,Sprint-7,2496.0,Apache-2.0
D0423, ,Platform,,Germany,Forge,TypeScript,-5,244,3396,159,303,307,273,30/12/2024,8PM,76,1041,1779,1.5,19,26,34.6,FAIL,7,Yes,No,Sprint-5,600.5,MIT
D0394,Taylor,Backend,,Germany,Nova,Python,547,516,828,84,413,149,123,03/07/2024,8PM,95,963,871,13.5,15,28,29.8, ,3,No,Yes,Sprint-11,1133.5,
D0288, ,Platform,,USA,Forge, PYTHON,4231,672,445,3,474,263,94,2024-02-04,8PM,36,1769,343,13.0,13,21,12.2,Failed,6,No,Yes,Sprint-3,4224.8,MIT
D0200, ,Platform,,USA,Forge,Rust,-5,486,1303,70,266,135,371,2023-11-30,25:61,21,1601,1163,12.0,4,15,28.1,Failed,5,Yes,No,Sprint-8,2849.9,Apache-2.0
D0664,Chris,Frontend,,Germany,Nova,Go,-5,191,1767,8,387,18,255,02/02/2023,00:00,5,3229,380,1.5,22,13,50.4,FAIL,9,Yes,Yes,Sprint-9,2603.9,
D0512,Sam,Frontend,,Germany,Forge,,-5,439,2768,154,971,148,87,24/02/2023,25:61,27,2904,29,11.3,21,13,9.3,FAIL,9,No,No,Sprint-4,3969.5,MIT
D0358,Sam,Backend,0.8,Germany,Atlas,pyhton,3880,105,3609,183,622,0,471,2025-03-31,00:00,3,2855,759,5.7,25,23,41.1,Success,1,Yes,No,Sprint-2,4476.6,Apache-2.0
D0289,Alex,Frontend,,India,Nova,python,-5,207,3008,64,419,68,132,12/04/2023,8PM,41,2291,2787,10.6,21,16,15.5,FAIL,10,Yes,No,Sprint-3,810.2,Apache-2.0
D0557,Taylor,DevOps,,Germany,Nova,TypeScript,-5,4,5776,195,774,377,251,04/04/2024,8PM,2,1881,2117,10.3,24,1,63.4,Failed,2,No,Yes,Sprint-3,1991.1,Apache-2.0
D0589,Sam,Frontend,8.3,India,Atlas,Java,999999,570,5469,31,206,228,159,19/02/2025,8PM,38,204,2040,11.6,18,17,37.2,FAIL,3,Yes,Yes,Sprint-11,4870.0,
D0088,Sam,Backend,9.2,India,Nova,Go,3953,99,4901,36,104,341,331,2023-09-11,25:61,44,1975,2914,2.1,30,0,50.1, ,8,No,Yes,Sprint-8,4858.2,GPL
D0015,Chris,Platform,6.0,USA,Atlas,python,999999,211,2971,170,11,126,18,2023-07-22,8PM,70,84,2271,4.2,9,12,62.2, ,1,No,Yes,Sprint-1,61.7,Apache-2.0
D0250, ,Backend,,India,Forge, PYTHON,999999,688,5529,139,451,307,246,2025-02-20,00:00,94,1466,486,5.3,15,15,1.1, ,3,Yes,No,Sprint-6,931.9,
D0506,Taylor,DevOps,3.4,India,Forge,Rust,-5,650,2578,46,679,240,338,18/05/2023,25:61,17,375,1530,13.0,29,3,16.6,Success,8,Yes,No,Sprint-12,2682.3,Apache-2.0
D0350,Chris,Frontend,,Germany,Nova,Java,1422,742,4807,160,997,53,273,30/04/2024,00:00,99,240,732,3.2,29,5,61.8,Failed,1,No,No,Sprint-4,111.7,MIT
D0345, ,Backend,4.2,India,Nova,Go,999999,801,3442,34,969,467,494,10/02/2023,00:00,41,2555,2577,7.0,27,8,46.3,Success,5,Yes,Yes,Sprint-4,2874.2,MIT
D0189,Chris,DevOps,1.7,Germany,Forge,Go,-5,210,1513,176,484,412,38,2025-05-29,8PM,23,950,94,3.7,24,0,65.6, ,2,Yes,No,Sprint-8,721.7,GPL
D0345,Taylor,Platform,,India,Nova,pyhton,1443,953,2323,128,474,3,421,20/08/2023,00:00,45,4931,2460,11.0,7,24,50.1,FAIL,3,Yes,Yes,Sprint-5,3576.5,GPL
D0258,Chris,Platform,,India,Nova,Rust,999999,291,3746,127,871,56,3,2024-06-08,25:61,69,940,1889,4.6,7,23,53.3,FAIL,6,No,Yes,Sprint-4,1597.0,
D0143, ,Frontend,3.8,India,Forge,,-5,57,5655,53,132,303,5,24/07/2023,00:00,37,4306,2911,10.9,26,11,50.2, ,4,Yes,Yes,Sprint-2,2170.1,GPL
D0026,Chris,Backend,,USA,Atlas,python,-5,190,4793,13,289,363,353,03/01/2024,25:61,52,2703,2153,1.0,3,22,22.9,FAIL,9,Yes,Yes,Sprint-6,3810.3,GPL
D0684,Alex,AI,,Germany,Forge,,-5,975,1431,136,526,223,443,2024-10-25,25:61,72,4729,444,6.6,30,16,48.5,Failed,5,No,No,Sprint-9,3584.3,MIT
D0122,Taylor,Backend,7.6,USA,Nova,Go,999999,786,2619,9,855,139,436,2025-03-22,25:61,49,3568,2443,10.5,20,2,33.4,Success,3,No,Yes,Sprint-4,3034.7,GPL
D0577,Sam,DevOps,6.1,USA,Nova,python,-5,249,5331,162,251,242,298,2024-05-22,25:61,86,146,2207,1.4,5,16,1.3,Failed,0,Yes,Yes,Sprint-12,2478.2,MIT
D0158,Chris,Frontend,3.3,India,Nova,Rust,999999,333,5402,22,883,476,492,11/04/2025,00:00,17,3383,2969,11.7,27,6,15.7, ,2,No,Yes,Sprint-7,4247.0,MIT
D0067,Alex,Frontend,,India,Forge,pyhton,1103,143,2281,7,308,145,185,19/10/2024,8PM,90,2966,1283,11.7,18,20,48.9,FAIL,5,No,No,Sprint-10,1359.7,GPL
D0399,Taylor,AI,,Germany,Nova,Go,999999,269,2576,34,579,247,186,2024-01-01,25:61,20,2251,871,11.1,7,24,56.6,Success,4,Yes,No,Sprint-5,848.9,GPL
D0562,Sam,DevOps,1.6,Germany,Forge,TypeScript,4087,916,1285,127,814,354,26,2024-02-16,25:61,77,3895,1092,0.4,20,29,11.6,Failed,7,No,Yes,Sprint-4,2990.5,GPL
D0644,Chris,Frontend,11.5,USA,Atlas, PYTHON,-5,919,3247,168,415,27,481,2025-01-04,8PM,36,4980,1890,9.2,15,11,42.1, ,9,Yes,No,Sprint-9,4740.4,GPL
D0466,Alex,Platform,,USA,Forge,Python,-5,849,4672,133,0,289,184,27/05/2025,00:00,24,3754,14,0.1,30,19,24.2,Success,10,No,Yes,Sprint-4,1879.0,
D0447,Sam,Backend,,Germany,Forge,Rust,-5,263,4072,196,1,21,427,02/03/2023,25:61,30,2399,268,1.1,5,21,16.8,FAIL,8,No,Yes,Sprint-5,4726.4,GPL
D0190, ,Backend,,USA,Atlas,Go,-5,37,3888,27,435,215,128,07/04/2024,00:00,34,111,47,7.8,29,7,53.9,FAIL,3,No,No,Sprint-10,4561.1,GPL
D0057,Alex,Backend,,USA,Nova,,3795,972,779,118,296,21,408,2025-06-11,25:61,55,2737,2135,9.3,6,12,41.0,Success,4,No,Yes,Sprint-6,1130.6,
D0524,Chris,Frontend,6.9,India,Forge,Rust,999999,139,949,63,65,242,52,30/07/2024,00:00,46,3454,2488,5.4,3,7,66.8, ,10,Yes,Yes,Sprint-2,3793.6,GPL
D0503,Alex,DevOps,,Germany,Nova,Rust,999999,754,5016,44,252,228,492,2023-04-05,8PM,38,539,441,0.9,14,9,20.0,Failed,8,No,Yes,Sprint-6,2208.9,
D0123,Taylor,Platform,10.9,USA,Nova,pyhton,999999,921,4590,35,768,471,486,2023-12-05,00:00,2,4341,2572,0.4,21,16,14.4, ,2,Yes,Yes,Sprint-9,520.8,
D0533,Taylor,Frontend,5.8,Germany,Atlas,Python,4620,383,2619,110,546,158,268,21/01/2023,00:00,95,2358,2837,10.0,29,0,2.6,Success,8,No,Yes,Sprint-5,3504.5,Apache-2.0
D0235,Taylor,Backend,9.2,Germany,Atlas,Rust,-5,856,2479,150,782,18,314,2024-11-07,00:00,96,3144,634,12.7,29,9,20.8, ,0,Yes,Yes,Sprint-11,1996.9,
D0215, ,AI,11.7,Germany,Nova,python,999999,98,3249,97,858,480,419,16/11/2024,25:61,37,4529,731,7.1,9,28,55.8,Success,5,Yes,No,Sprint-2,4167.1,Apache-2.0
D0143,Chris,AI,11.1,USA,Nova,,4673,444,4330,120,391,324,320,2024-05-27,25:61,20,2044,2339,7.0,11,18,50.9,Success,0,No,No,Sprint-10,2839.4,GPL
D0540,Chris,Frontend,10.8,USA,Forge,Go,1903,293,3426,87,780,464,184,2025-03-20,25:61,62,190,863,8.3,0,16,68.5,Failed,9,Yes,No,Sprint-1,2864.2,
D0571,Alex,Frontend,,India,Nova, PYTHON,2653,512,311,163,147,190,171,13/02/2024,00:00,72,3140,2923,12.5,30,29,19.1,FAIL,2,Yes,No,Sprint-3,1369.6,
D0335,Alex,Frontend,10.1,USA,Atlas,python,999999,367,2162,59,143,355,54,2024-06-01,00:00,69,495,2834,4.5,7,23,45.3,Success,5,Yes,Yes,Sprint-10,3117.1,Apache-2.0
D0141,Sam,Frontend,3.4,USA,Forge,Rust,2872,296,1807,42,200,265,411,2024-02-22,25:61,24,1142,796,13.7,10,21,62.4,Success,10,Yes,Yes,Sprint-12,2971.0,Apache-2.0
D0020, ,Frontend,6.3,USA,Nova,Rust,1655,837,4903,178,722,311,63,2024-12-03,8PM,93,2532,185,5.9,0,19,24.4,Success,10,No,No,Sprint-4,2320.1,
D0026, ,DevOps,8.9,USA,Nova, PYTHON,-5,707,2853,11,718,385,131,2023-02-15,00:00,52,4010,1004,3.0,11,9,57.5,Success,2,No,Yes,Sprint-10,4351.5,MIT
D0465,Taylor,DevOps,,India,Atlas, PYTHON,4972,834,4282,74,972,422,336,10/05/2025,25:61,54,3459,1251,10.8,14,4,10.6,FAIL,2,No,Yes,Sprint-2,2192.3,MIT
D0451,Alex,Frontend,,Germany,Forge,Python,999999,162,694,65,789,385,43,31/10/2023,25:61,45,3795,1963,12.3,9,23,32.1, ,8,Yes,No,Sprint-2,4350.2,GPL
D0504,Taylor,DevOps,7.8,USA,Forge,python,3327,388,530,144,885,366,33,2023-04-30,8PM,21,884,2156,12.7,27,28,5.3, ,7,Yes,No,Sprint-11,2821.3,GPL
D0325,Taylor,DevOps,,Germany,Atlas,Python,999999,125,795,35,313,419,500,18/03/2024,8PM,1,4504,92,12.6,8,22,15.3, ,1,No,No,Sprint-1,774.5,
D0235,Taylor,Platform,,India,Forge,python,-5,356,5070,85,666,322,429,2023-09-01,25:61,93,2742,2782,2.4,6,0,49.9,FAIL,2,Yes,Yes,Sprint-12,3868.0,MIT
D0295, ,Frontend,,Germany,Nova,pyhton,-5,431,4539,78,753,472,266,21/08/2024,8PM,84,4341,2222,7.8,23,29,5.4, ,7,Yes,Yes,Sprint-1,2649.2,GPL
D0343,Sam,Backend,8.8,India,Nova, PYTHON,-5,102,5656,158,683,426,486,09/03/2023,8PM,79,766,70,4.4,21,4,54.5,Success,0,No,No,Sprint-1,357.4,
D0389, ,Frontend,4.6,India,Forge, PYTHON,1006,797,5304,197,274,451,318,16/03/2023,00:00,73,150,2204,3.7,28,26,68.9,Failed,8,Yes,No,Sprint-2,2792.2,MIT
D0399,Alex,Backend,,India,Atlas,,-5,406,1759,147,235,231,489,2025-03-26,8PM,12,1846,1543,4.6,9,29,49.3,Success,3,No,Yes,Sprint-11,1018.6,GPL
D0503, ,AI,,Germany,Nova,python,-5,371,149,147,772,488,49,2024-10-01,00:00,25,4171,2781,3.2,6,4,49.8, ,3,Yes,No,Sprint-3,2146.4,Apache-2.0
D0002, ,AI,6.1,India,Forge,Python,-5,461,3690,3,313,199,21,2024-12-12,00:00,52,3092,2393,11.9,13,12,19.8,FAIL,7,Yes,Yes,Sprint-10,3859.9,MIT
D0614,Chris,AI,,India,Atlas,Java,2599,333,4418,70,248,209,255,2024-06-09,25:61,73,4999,23,3.5,22,16,18.1,Failed,4,Yes,Yes,Sprint-5,3644.9,MIT
D0651,Sam,Backend,12.9,India,Forge, PYTHON,999999,422,138,76,727,212,451,23/08/2023,00:00,72,3367,755,1.1,18,15,34.0, ,3,Yes,No,Sprint-5,3903.9,MIT
D0488, ,Platform,,India,Nova,Rust,4608,129,5419,131,422,52,259,2023-01-17,00:00,43,1979,1981,4.3,29,23,39.1,Failed,2,Yes,Yes,Sprint-9,1288.2,Apache-2.0
D0290, ,AI,,USA,Atlas, PYTHON,3266,368,5236,196,768,122,94,08/04/2023,00:00,26,92,954,10.7,23,2,71.4, ,10,No,Yes,Sprint-10,107.6,Apache-2.0
D0086,Alex,DevOps,,USA,Forge,TypeScript,4438,865,1588,76,50,107,400,2024-10-11,8PM,24,3141,1213,9.7,18,15,44.7, ,1,Yes,Yes,Sprint-2,2375.3,GPL
D0413,Alex,Platform,,Germany,Forge,Rust,-5,250,2174,192,567,114,188,09/04/2024,25:61,40,452,2888,1.5,22,21,28.1,Failed,8,Yes,Yes,Sprint-11,3432.9,MIT
D0127, ,Backend,2.3,USA,Forge, PYTHON,999999,270,4873,181,304,397,12,2023-09-26,25:61,66,770,741,2.9,29,21,14.0,FAIL,8,Yes,No,Sprint-10,2960.8,Apache-2.0
D0192,Alex,Frontend,,Germany,Nova,Python,2546,791,1859,133,451,224,265,2023-01-22,25:61,82,4118,1561,1.8,17,2,36.7,FAIL,5,No,Yes,Sprint-6,2790.0,GPL
D0178,Alex,Platform,4.9,Germany,Atlas,Rust,-5,450,68,3,662,288,96,2025-02-16,8PM,17,4492,928,12.4,20,27,63.6,FAIL,3,No,No,Sprint-2,2178.6,MIT
D0174,Chris,AI,1.2,India,Nova,python,999999,670,2907,53,364,69,423,2024-06-26,00:00,85,3113,923,1.5,11,23,3.6,Success,5,No,Yes,Sprint-6,1476.7,MIT
D0186,Sam,Platform,,USA,Nova,Go,-5,44,1379,172,385,194,146,2024-05-07,25:61,16,1497,2985,10.4,1,12,18.4,Failed,1,Yes,No,Sprint-5,4867.4,
D0599,Alex,DevOps,,USA,Forge,Rust,2669,95,1591,49,488,247,256,2024-12-20,25:61,90,4220,205,8.3,1,30,66.3,Failed,0,No,Yes,Sprint-10,2502.3,GPL
D0096,Taylor,Frontend,5.7,India,Nova,,923,477,1041,2,735,392,195,15/12/2023,25:61,37,3822,293,1.8,7,15,35.6, ,4,No,Yes,Sprint-1,1683.1,
D0427, ,Platform,,USA,Forge,Go,999999,728,2430,38,376,28,172,2023-03-22,8PM,96,2550,74,0.7,11,6,4.3, ,9,Yes,No,Sprint-10,3324.6,MIT
D0235,Taylor,AI,13.3,Germany,Forge,Go,3147,41,4204,175,695,90,383,2024-10-20,25:61,78,43,2623,8.3,14,10,54.2,Success,5,Yes,Yes,Sprint-4,1284.6,MIT
D0516,Sam,Platform,7.1,Germany,Forge,TypeScript,999999,391,2455,26,895,444,373,07/01/2023,00:00,63,246,1303,1.0,3,18,35.8,Success,4,No,Yes,Sprint-9,3895.0,
D0441, ,DevOps,1.4,India,Nova,TypeScript,999999,788,4655,88,260,445,19,2024-05-19,8PM,21,472,2255,5.1,24,10,70.5,Success,5,Yes,No,Sprint-4,1689.0,GPL
D0419,Taylor,Frontend,7.1,Germany,Forge,python,-5,688,2052,186,5,451,168,2023-04-15,8PM,63,1760,2882,10.5,27,25,56.9,Failed,6,Yes,No,Sprint-11,4003.6,
D0297,Sam,AI,3.3,Germany,Forge,Rust,3764,926,4188,146,831,20,200,2023-12-18,00:00,57,3493,2907,10.5,0,6,57.0, ,9,Yes,No,Sprint-5,675.2,MIT
D0367,Taylor,DevOps,13.6,India,Atlas,Go,-5,270,2675,113,692,437,21,2025-02-23,8PM,11,4440,2642,10.8,10,4,32.4, ,8,No,Yes,Sprint-12,3158.3,GPL
D0540,Alex,Platform,,Germany,Atlas,Rust,291,481,5634,125,23,322,257,2024-03-18,8PM,26,1484,2854,5.3,12,26,6.7,FAIL,7,Yes,Yes,Sprint-7,1956.3,GPL
D0334,Sam,Platform,2.3,USA,Atlas,Python,-5,269,2696,171,680,340,20,2023-10-25,8PM,30,1792,2563,9.2,16,17,37.7,Failed,0,No,Yes,Sprint-3,3220.2,GPL
D0628, ,AI,,Germany,Forge,Go,-5,370,2786,189,820,265,337,2025-01-26,00:00,39,1698,2817,2.3,29,22,46.8, ,9,No,No,Sprint-6,485.5,
D0038,Alex,Platform,,USA,Forge,,-5,182,228,142,864,89,389,2024-07-04,8PM,62,598,2688,7.6,9,3,64.8, ,7,Yes,No,Sprint-2,3750.9,MIT
D0220,Chris,AI,6.4,USA,Atlas,Go,999999,211,1634,15,814,30,70,27/09/2023,00:00,44,9,1669,3.8,1,3,5.3, ,10,Yes,No,Sprint-6,1074.8,MIT
D0106,Alex,DevOps,,Germany,Forge, PYTHON,-5,729,1664,82,165,49,20,2023-09-13,00:00,81,543,2422,2.8,21,16,27.5,Success,0,No,Yes,Sprint-4,3604.1,GPL
D0439,Alex,Frontend,1.2,India,Atlas,python,999999,110,323,67,142,398,101,2024-04-05,8PM,77,4204,1509,3.2,11,21,4.1,FAIL,10,No,Yes,Sprint-10,3327.4,GPL
D0007,Taylor,AI,,India,Forge,,3881,83,1026,116,436,178,155,05/12/2023,00:00,70,2965,731,9.5,28,9,7.2,Failed,8,No,No,Sprint-4,3946.5,GPL
D0575,Taylor,DevOps,,USA,Atlas,Java,999999,878,3676,34,173,467,17,19/10/2023,00:00,28,45,2197,4.5,8,22,7.1, ,9,No,No,Sprint-10,1354.1,Apache-2.0
D0632,Sam,Frontend,,USA,Nova,Rust,2088,875,1732,100,634,231,179,31/01/2025,25:61,77,1962,214,3.5,0,7,3.6,Success,10,Yes,No,Sprint-10,1051.6,GPL
D0578,Chris,DevOps,7.1,Germany,Forge,Go,999999,593,2710,118,678,373,205,20/02/2025,00:00,87,695,1621,0.4,16,23,51.3, ,5,No,No,Sprint-12,853.5,
D0314,Alex,Backend,,India,Forge, PYTHON,4144,339,4478,134,460,243,471,13/08/2023,25:61,29,3001,2582,7.8,29,20,47.0, ,10,No,Yes,Sprint-2,141.4,GPL
D0269,Taylor,Frontend,,USA,Atlas,Java,-5,395,4150,40,868,349,469,2023-12-25,25:61,47,3061,1555,11.1,7,10,51.4,Success,2,No,No,Sprint-10,3433.8,MIT
D0057,Sam,Backend,15.0,USA,Forge,,999999,504,2889,121,221,414,112,2024-06-20,25:61,27,1940,1273,12.1,8,22,12.6,FAIL,4,No,Yes,Sprint-11,243.4,GPL
D0594, ,Platform,14.5,India,Atlas, PYTHON,4156,425,564,116,730,371,171,04/04/2025,00:00,76,4122,1957,1.4,20,27,12.7,Success,1,No,Yes,Sprint-6,3656.8,GPL
D0291,Alex,Frontend,,Germany,Forge,Rust,2790,568,37,52,72,302,113,25/09/2024,00:00,66,4496,1020,5.6,12,12,4.8,FAIL,0,Yes,No,Sprint-3,1964.2,GPL
D0303, ,Frontend,,India,Forge, PYTHON,-5,984,610,78,874,33,184,2023-06-14,00:00,93,781,1388,5.5,1,9,44.4,FAIL,1,Yes,No,Sprint-4,4583.9,MIT
D0498,Sam,Backend,,USA,Atlas,pyhton,487,442,26,71,386,392,94,10/04/2024,00:00,27,2660,2357,5.4,19,16,30.8, ,6,No,No,Sprint-2,3204.3,Apache-2.0
D0631, ,AI,1.6,USA,Nova,Java,2298,98,527,99,650,111,408,11/03/2025,00:00,93,4297,411,2.0,8,27,71.7,Success,9,Yes,No,Sprint-4,1692.5,MIT
D0691,Sam,DevOps,12.6,USA,Atlas,pyhton,140,125,2243,150,862,160,251,06/06/2023,25:61,7,3617,2184,5.8,11,1,63.3,Failed,4,Yes,Yes,Sprint-11,1056.1,
D0519,Alex,Platform,10.0,India,Atlas,pyhton,999999,836,2242,151,387,228,373,2024-12-15,00:00,16,382,650,5.9,10,10,68.7,FAIL,0,No,No,Sprint-2,2483.3,
D0682,Chris,Backend,14.0,Germany,Atlas,Java,-5,901,3422,74,809,142,172,2025-02-19,8PM,74,1491,780,4.8,25,12,2.3,FAIL,4,No,No,Sprint-3,1918.8,MIT
D0623, ,AI,1.3,India,Atlas,Go,-5,58,3647,50,421,259,348,03/12/2024,8PM,92,2217,2588,10.9,13,9,3.8,FAIL,2,No,Yes,Sprint-2,4697.7,GPL
D0076,Taylor,Frontend,13.8,USA,Nova,TypeScript,1584,196,1139,125,292,367,78,27/11/2024,00:00,65,1407,16,5.9,28,16,49.3,FAIL,10,No,No,Sprint-4,3726.0,MIT
D0488, ,Backend,,USA,Forge,python,999999,616,771,22,977,113,360,2024-08-08,8PM,1,1558,1424,2.2,29,30,57.6,FAIL,8,No,No,Sprint-2,2339.8,Apache-2.0
D0181, ,Backend,10.9,USA,Nova,,1588,330,898,163,365,266,50,09/05/2024,8PM,88,472,2470,1.0,24,20,3.7,Success,10,No,Yes,Sprint-5,447.7,Apache-2.0
D0361,Alex,Backend,11.9,India,Nova,Go,-5,462,3416,133,430,425,488,15/07/2023,25:61,79,2573,1714,6.8,7,22,68.1,FAIL,1,Yes,Yes,Sprint-4,4163.2,GPL
D0368,Sam,Platform,,India,Forge,pyhton,999999,794,4588,196,628,139,64,2025-05-27,8PM,5,3723,2272,13.3,20,18,41.4,Success,8,No,Yes,Sprint-2,4034.2,Apache-2.0
D0549,Alex,AI,,Germany,Atlas, PYTHON,-5,926,4912,32,976,259,173,2024-06-08,00:00,22,738,2083,11.9,12,21,25.6,FAIL,7,No,No,Sprint-4,3982.7,
D0636,Sam,Platform,14.3,India,Forge,python,-5,305,1045,109,405,156,243,2023-01-26,00:00,13,1379,2581,4.8,1,14,38.7,Success,1,No,Yes,Sprint-8,4067.6,
D0198,Taylor,Frontend,3.3,USA,Atlas,Go,-5,809,2262,106,124,130,470,2024-02-17,00:00,38,2352,1791,0.7,12,19,28.6,Success,1,No,Yes,Sprint-4,4413.7,GPL
D0132,Alex,DevOps,,USA,Forge, PYTHON,822,639,3071,46,421,130,25,2023-03-08,00:00,19,508,2154,3.3,0,28,18.8,Failed,4,Yes,Yes,Sprint-5,4178.3,
D0182,Alex,Frontend,9.7,India,Forge, PYTHON,4751,195,3340,11,644,444,349,11/02/2023,25:61,44,3415,2790,11.3,1,10,8.1,Failed,7,No,No,Sprint-5,2989.7,Apache-2.0
D0700,Sam,Backend,10.6,India,Forge,Java,-5,133,1085,2,505,143,113,06/04/2023,25:61,32,2877,1532,7.9,19,14,46.2,FAIL,3,No,No,Sprint-8,2902.7,Apache-2.0
D0378,Sam,AI,6.3,India,Atlas,Rust,-5,664,5336,97,293,61,360,2023-04-22,8PM,27,1883,1224,8.4,24,20,7.6, ,4,Yes,No,Sprint-9,1396.5,MIT
D0155, ,DevOps,,Germany,Atlas,,-5,653,1293,60,592,361,382,10/06/2025,00:00,71,3935,1992,2.2,7,29,21.8,FAIL,9,No,Yes,Sprint-2,1893.4,MIT
D0590,Alex,DevOps,1.1,Germany,Forge,,999999,357,2995,160,877,45,68,2025-04-13,00:00,46,353,665,2.8,1,11,18.9,FAIL,5,No,Yes,Sprint-1,20.6,
D0532,Sam,Backend,,India,Forge, PYTHON,999999,153,3800,144,200,46,418,2023-12-03,25:61,62,4366,2789,4.5,10,30,30.7,FAIL,9,Yes,No,Sprint-6,2749.2,
D0319,Chris,AI,,Germany,Forge,pyhton,-5,332,984,110,304,358,336,2023-02-14,25:61,50,3693,2282,3.5,22,23,5.0,Failed,7,Yes,Yes,Sprint-2,2285.1,Apache-2.0
D0304,Taylor,Frontend,7.3,Germany,Nova,,999999,509,3823,29,809,357,100,2024-06-24,25:61,63,3405,1634,2.6,3,11,69.7, ,7,Yes,No,Sprint-6,101.0,GPL
D0219, ,DevOps,,USA,Forge,TypeScript,999999,783,360,44,649,85,42,2025-05-07,25:61,18,4772,1587,4.9,29,24,4.0,FAIL,0,No,No,Sprint-7,1904.0,GPL
D0421,Chris,Platform,,Germany,Atlas,Python,-5,792,1204,179,382,198,142,2023-05-21,25:61,23,254,714,1.3,22,22,33.2,FAIL,7,Yes,Yes,Sprint-12,2509.3,GPL
D0083,Alex,Backend,1.7,India,Nova,python,-5,384,813,87,398,49,94,10/11/2023,25:61,86,4710,2125,11.8,0,5,60.0,Success,9,Yes,Yes,Sprint-12,4945.3,
D0180,Alex,AI,,India,Atlas,Rust,999999,308,1537,79,401,46,216,2023-11-16,00:00,55,2595,1923,5.0,9,30,20.3,Success,8,No,Yes,Sprint-7,3097.3,Apache-2.0
D0273,Sam,Platform,0.9,Germany,Forge,python,3211,103,3440,96,390,356,75,2023-05-28,00:00,84,1672,686,9.9,14,19,53.5, ,6,No,No,Sprint-6,1451.9,GPL
D0434,Alex,AI,5.2,USA,Atlas,python,-5,517,5821,65,653,156,10,2024-08-18,25:61,57,4819,2848,5.3,4,22,3.0, ,10,Yes,No,Sprint-6,3733.9,MIT
D0429,Alex,Backend,,Germany,Forge,Rust,4979,808,2306,114,484,391,372,15/03/2024,8PM,93,1214,489,4.2,3,8,28.8,Failed,10,Yes,No,Sprint-11,797.2,GPL
D0503,Chris,Frontend,,Germany,Atlas,TypeScript,4031,237,1616,13,63,72,276,06/02/2023,00:00,17,1852,1598,2.1,13,2,62.1,FAIL,0,No,No,Sprint-12,792.7,
D0471,Alex,Frontend,,India,Atlas,Java,999999,719,3213,105,329,222,57,15/03/2025,00:00,79,3479,2702,3.6,26,28,29.6, ,0,Yes,Yes,Sprint-2,708.9,GPL
D0126,Alex,AI,,Germany,Forge,Go,-5,116,4319,10,901,398,89,16/01/2024,8PM,10,3890,901,4.9,27,16,47.9,FAIL,9,Yes,Yes,Sprint-4,4396.0,GPL
D0381,Alex,Frontend,,India,Forge,Java,770,540,3444,29,0,308,41,27/07/2023,25:61,75,3103,1001,0.2,8,11,18.1,Success,2,Yes,No,Sprint-11,3402.4,
D0140,Alex,Frontend,,India,Forge,Go,1900,443,4622,121,132,24,400,29/01/2025,00:00,18,4855,2726,2.4,3,6,4.3,Failed,0,Yes,No,Sprint-12,1032.9,
D0389,Alex,Frontend,2.4,Germany,Atlas,,999999,607,2392,6,23,218,205,2023-09-03,8PM,89,1697,2108,13.4,13,18,40.1,FAIL,9,Yes,No,Sprint-5,3055.8,MIT
D0529,Chris,DevOps,2.0,USA,Atlas,python,-5,102,4013,197,864,24,34,17/07/2023,25:61,29,1408,1566,3.6,2,3,9.8,Failed,8,Yes,No,Sprint-8,4582.3,MIT
D0229,Alex,DevOps,14.5,Germany,Nova,Rust,999999,350,2094,154,760,412,24,2023-09-17,25:61,45,859,1569,3.0,25,12,22.1, ,4,No,Yes,Sprint-1,1884.2,
D0652,Sam,Backend,4.1,USA,Atlas,python,999999,85,3368,164,151,380,17,2024-10-02,8PM,83,104,2917,11.7,17,25,20.9,FAIL,8,Yes,No,Sprint-3,348.1,Apache-2.0
D0415, ,AI,,USA,Atlas,python,-5,448,4885,35,372,132,457,12/02/2023,25:61,4,736,1239,13.0,17,12,59.1,Success,8,Yes,Yes,Sprint-9,2111.1,Apache-2.0
D0201,Alex,Platform,13.2,India,Nova, PYTHON,999999,942,786,51,887,304,339,2025-04-16,25:61,77,919,1104,10.2,9,8,19.7,FAIL,8,No,Yes,Sprint-4,674.2,
D0239,Taylor,DevOps,10.0,USA,Atlas,Python,999999,633,5744,6,395,62,92,25/03/2025,00:00,77,2108,642,5.1,15,11,61.1,Success,4,Yes,Yes,Sprint-1,2136.5,MIT
D0210,Taylor,DevOps,6.1,India,Nova,Go,2104,16,1610,15,823,410,3,15/05/2025,8PM,53,4770,1734,10.8,19,5,61.8, ,7,No,No,Sprint-10,4787.0,GPL
D0594,Taylor,Frontend,13.4,India,Forge,,999999,670,3122,151,21,77,421,2024-06-10,25:61,77,1708,1002,11.5,7,17,60.5, ,10,No,No,Sprint-12,590.5,Apache-2.0
D0676,Taylor,Backend,13.3,Germany,Atlas,TypeScript,999999,832,3583,87,836,308,111,2024-09-15,8PM,55,2417,1892,2.5,0,7,15.2,Success,1,No,Yes,Sprint-10,596.7,
D0078,Chris,Backend,3.3,USA,Forge, PYTHON,772,395,5022,48,512,331,8,2023-06-12,00:00,60,320,1683,12.0,0,22,41.6,Failed,4,Yes,Yes,Sprint-1,1266.8,GPL
D0303,Taylor,AI,6.7,Germany,Forge,pyhton,422,117,3708,3,428,369,399,18/08/2023,25:61,99,3516,1274,1.1,6,4,12.9,Success,7,No,No,Sprint-3,3150.0,
D0009,Alex,DevOps,5.2,USA,Forge,pyhton,999999,363,4350,174,195,47,419,2023-02-07,25:61,49,4536,2227,1.6,20,17,11.8,Success,6,No,Yes,Sprint-2,3364.8,GPL
D0067,Taylor,Platform,,India,Nova,Go,-5,664,605,172,884,496,111,2024-08-27,8PM,78,4111,2531,5.7,22,15,57.5, ,10,No,No,Sprint-12,4727.0,
D0453, ,AI,,USA,Atlas,,-5,410,5112,177,44,476,422,2024-08-08,8PM,70,4869,2679,5.7,18,19,42.5,Success,8,Yes,Yes,Sprint-5,2649.7,
D0122,Alex,Frontend,6.6,USA,Nova,pyhton,-5,714,5144,95,665,16,372,2025-01-26,8PM,14,2005,1961,12.2,13,26,4.9,FAIL,6,No,Yes,Sprint-3,4473.0,GPL
D0324,Sam,AI,13.0,USA,Nova,pyhton,859,59,5469,93,375,323,183,11/07/2023,00:00,14,2967,841,13.3,3,16,48.4,Success,8,Yes,No,Sprint-9,4829.4,
D0561, ,DevOps,6.3,USA,Atlas,Go,4825,887,2434,13,145,367,157,26/02/2024,00:00,24,2628,1717,3.5,14,11,23.7,Failed,1,Yes,No,Sprint-1,1161.6,GPL
D0339,Chris,Platform,,USA,Nova,python,999999,831,2894,176,9,97,93,19/01/2024,25:61,70,1025,1169,12.8,13,13,13.3,Failed,3,No,No,Sprint-10,3188.5,GPL
D0299,Taylor,Backend,10.7,India,Atlas,Python,957,412,3353,118,914,249,423,2024-08-20,25:61,50,4889,1877,9.9,27,7,55.4,FAIL,3,Yes,No,Sprint-12,2048.5,Apache-2.0
D0507,Chris,Platform,1.8,USA,Forge, PYTHON,-5,92,460,54,19,288,458,03/02/2024,00:00,92,4582,946,12.6,5,10,58.0,Success,8,No,No,Sprint-10,1364.5,MIT
D0302,Chris,DevOps,7.9,India,Atlas,Python,4193,878,1557,10,714,54,236,2024-11-11,25:61,27,4390,2759,1.4,3,9,4.8,Success,7,Yes,Yes,Sprint-3,2480.9,MIT
D0353,Alex,AI,3.7,Germany,Atlas,TypeScript,3147,577,893,82,12,275,129,11/05/2024,8PM,61,-4,2168,3.3,1,25,54.5,Failed,6,Yes,Yes,Sprint-10,294.3,MIT
D0390, ,Platform,,Germany,Atlas, PYTHON,-5,608,1948,22,69,189,348,2023-01-15,00:00,32,2049,1867,7.3,30,24,4.8,FAIL,1,Yes,No,Sprint-6,3173.0,
D0474,Sam,DevOps,,India,Nova,Python,-5,668,1660,101,528,173,305,22/05/2025,00:00,25,54,1347,0.5,22,12,54.8,Success,6,No,No,Sprint-5,828.3,
D0577,Alex,Backend,,India,Nova, PYTHON,999999,655,1698,146,996,147,16,18/03/2025,25:61,33,817,2994,4.8,14,23,27.5,FAIL,10,Yes,Yes,Sprint-10,4263.1,
D0283,Chris,AI,,India,Atlas,pyhton,-5,471,4061,167,9,142,351,2025-05-25,25:61,95,989,308,11.7,20,10,27.5,Failed,10,Yes,No,Sprint-9,1229.2,MIT
D0178,Chris,DevOps,4.0,India,Atlas,Rust,999999,211,2395,163,89,139,142,2025-01-25,8PM,21,3085,1520,10.2,24,10,55.9,Success,4,No,Yes,Sprint-9,4358.8,MIT
D0291,Chris,DevOps,,USA,Atlas, PYTHON,1369,340,4706,101,22,189,367,2023-06-13,00:00,2,1761,2489,10.3,13,25,22.8,Failed,5,Yes,No,Sprint-6,2278.5,GPL
D0621, ,AI,,India,Atlas,TypeScript,-5,39,53,198,20,418,305,18/04/2025,8PM,16,3290,1431,1.8,25,6,55.5,Success,9,No,No,Sprint-12,2583.9,Apache-2.0
D0131,Alex,Frontend,,USA,Forge,Go,658,635,3438,109,549,167,69,2025-05-06,25:61,36,228,242,10.9,8,30,42.1, ,0,No,Yes,Sprint-1,2090.0,
D0451,Sam,Frontend,,India,Forge,Go,-5,844,1574,112,901,181,496,13/04/2024,8PM,57,774,2097,8.7,6,20,58.1,Success,8,Yes,Yes,Sprint-2,2946.7,GPL
D0345,Taylor,AI,12.9,USA,Nova,pyhton,1209,966,612,132,587,220,63,30/04/2025,25:61,51,2741,17,9.3,26,27,35.4, ,0,Yes,No,Sprint-9,2054.1,MIT
D0441,Sam,Backend,,India,Nova,pyhton,999999,160,5143,199,696,349,167,2024-02-22,00:00,21,4981,1876,9.9,6,20,71.8,Failed,8,No,Yes,Sprint-10,4846.1,Apache-2.0
D0235,Sam,Platform,9.4,Germany,Atlas,Rust,1656,135,3142,80,226,342,389,2023-08-30,8PM,21,1269,1499,10.9,18,1,2.4,Failed,0,Yes,No,Sprint-11,3169.1,Apache-2.0
D0532,Chris,DevOps,,Germany,Forge,TypeScript,999999,712,3518,64,97,434,68,2025-03-16,8PM,52,3720,186,11.9,4,15,59.0,FAIL,8,Yes,No,Sprint-1,334.4,Apache-2.0
D0167,Alex,Frontend,12.7,USA,Nova,pyhton,-5,108,1693,101,230,130,476,2025-03-17,00:00,15,289,2332,10.5,16,5,52.1,FAIL,2,Yes,Yes,Sprint-12,1205.5,MIT
D0624,Chris,AI,4.8,Germany,Nova,Go,-5,968,137,132,388,247,11,2025-02-06,25:61,41,3716,2804,13.6,12,25,24.0, ,1,No,Yes,Sprint-8,4511.9,Apache-2.0
D0168,Chris,AI,10.1,Germany,Forge,pyhton,999999,618,5585,90,595,464,223,01/12/2024,25:61,11,4177,675,11.4,18,3,34.1,Failed,6,Yes,Yes,Sprint-2,3644.2,MIT
D0696, ,Frontend,,USA,Nova,Python,999999,711,2315,11,408,227,225,04/11/2023,00:00,31,2359,2009,0.5,6,19,12.6, ,0,Yes,Yes,Sprint-9,381.1,
D0596, ,DevOps,10.3,USA,Forge,Python,4966,568,3700,86,910,446,66,2023-06-02,25:61,44,2914,1731,9.8,1,12,65.0, ,5,Yes,No,Sprint-9,2400.6,MIT
D0324,Sam,Backend,,Germany,Nova,Python,1525,45,3192,134,452,138,401,2023-08-30,25:61,52,3090,1517,2.4,8,21,41.7,FAIL,4,No,No,Sprint-9,2515.7,
D0031,Chris,Frontend,9.2,USA,Forge,Python,999999,798,4250,44,465,494,305,14/02/2024,25:61,29,4042,850,11.7,15,10,11.5,FAIL,4,No,No,Sprint-12,1283.9,MIT
D0632,Taylor,Backend,12.9,USA,Nova,python,-5,575,4105,46,601,294,122,22/11/2024,25:61,46,334,1592,10.6,14,12,6.6,FAIL,5,Yes,No,Sprint-2,530.6,Apache-2.0
D0492,Chris,Platform,,Germany,Nova,pyhton,3544,728,4431,45,327,271,148,2024-02-08,8PM,1,2299,2495,8.1,28,26,64.9,FAIL,3,Yes,No,Sprint-1,4258.1,
D0563, ,DevOps,,India,Atlas,python,-5,59,4616,43,663,169,100,2024-09-17,25:61,96,2406,2610,11.9,0,4,36.7,Failed,3,Yes,No,Sprint-4,1055.6,Apache-2.0
D0552,Alex,AI,,Germany,Atlas,Rust,1433,264,2318,133,346,3,456,22/03/2024,8PM,22,4866,1640,13.0,15,11,14.7,FAIL,10,No,No,Sprint-2,2133.3,MIT
D0602, ,Backend,8.4,Germany,Nova,Go,999999,701,243,43,53,80,86,2023-11-18,8PM,3,3331,1184,1.9,28,19,36.1,Success,10,No,No,Sprint-11,4761.7,GPL
D0066,Sam,Platform,,Germany,Atlas,,999999,909,346,85,529,430,234,2023-03-19,8PM,92,987,400,6.3,30,15,60.7,FAIL,5,No,Yes,Sprint-3,1243.0,MIT
D0538,Alex,DevOps,,India,Forge,Go,999999,515,1361,107,214,159,467,06/09/2023,8PM,4,2168,35,13.0,30,15,35.1, ,8,Yes,No,Sprint-7,1060.7,MIT
D0612,Chris,DevOps,14.0,India,Atlas,python,-5,513,69,184,283,33,222,02/12/2024,25:61,4,3003,291,8.9,24,22,62.4, ,5,Yes,No,Sprint-2,1382.9,GPL
D0160,Chris,Backend,,USA,Atlas,Python,-5,809,2733,102,52,282,355,2024-09-30,25:61,96,957,81,4.9,15,4,40.8, ,9,No,No,Sprint-1,2733.1,
D0607,Chris,Backend,1.7,Germany,Forge,pyhton,-5,864,3675,91,891,33,268,19/01/2023,00:00,94,2353,2343,4.4,23,29,19.3, ,7,No,Yes,Sprint-7,3584.7,Apache-2.0
D0076,Taylor,AI,,USA,Forge,Go,-5,240,5343,55,811,112,412,2024-08-11,00:00,91,2008,244,3.4,13,19,69.4,FAIL,8,No,Yes,Sprint-8,11.2,GPL
D0577,Sam,AI,,Germany,Atlas,pyhton,4077,47,277,7,491,260,119,26/08/2023,8PM,51,4054,633,2.6,22,19,8.2,Failed,8,No,Yes,Sprint-11,4983.9,GPL
D0436,Chris,Platform,6.2,India,Forge,TypeScript,1498,152,2901,143,403,39,451,2024-07-08,8PM,21,4934,2547,13.6,29,5,58.8, ,3,No,No,Sprint-11,3371.7,
D0610,Taylor,Backend,,India,Atlas,Java,4696,544,441,115,614,264,498,14/09/2024,8PM,26,1305,1469,11.1,1,27,45.2,Failed,10,Yes,Yes,Sprint-1,2013.3,MIT
D0610,Alex,DevOps,,USA,Atlas,TypeScript,999999,637,875,74,352,491,425,2023-10-18,25:61,42,558,792,1.0,6,7,12.2, ,1,No,Yes,Sprint-4,1942.2,GPL
D0301,Chris,DevOps,,Germany,Nova,Python,-5,898,2679,170,867,315,6,07/01/2024,00:00,24,824,1766,1.1,29,7,23.6, ,5,Yes,Yes,Sprint-11,4463.1,GPL
D0126,Alex,AI,3.9,Germany,Nova,python,4411,934,5585,2,579,329,60,2023-11-28,8PM,64,3078,2719,11.7,12,2,15.8,FAIL,7,Yes,No,Sprint-12,3562.5,
D0022,Alex,Backend,5.0,India,Forge,pyhton,999999,916,4966,44,86,177,371,2023-06-28,8PM,15,4829,2893,1.9,30,23,6.2,Failed,7,Yes,Yes,Sprint-6,668.5,Apache-2.0
D0627,Alex,AI,,USA,Forge,,3038,823,4031,39,262,167,346,10/01/2025,00:00,7,3818,2660,13.8,20,10,6.0,Failed,3,Yes,No,Sprint-4,3611.7,GPL
D0415,Chris,Platform,,Germany,Nova,,999999,841,801,165,254,117,384,26/04/2025,00:00,40,849,1999,3.3,11,14,50.8,Failed,10,Yes,Yes,Sprint-10,4385.2,GPL
D0026,Taylor,Platform,6.6,USA,Nova,python,1150,426,480,15,154,14,322,2024-12-24,8PM,66,2272,55,11.9,1,27,11.5,FAIL,6,No,Yes,Sprint-5,1004.2,
D0196,Sam,Frontend,,USA,Atlas,python,999999,809,5167,119,362,19,273,21/03/2025,00:00,8,330,1488,12.6,19,13,48.2,FAIL,6,No,No,Sprint-12,462.2,Apache-2.0
D0274,Taylor,Backend,,Germany,Forge,TypeScript,-5,342,5422,179,366,63,134,2023-09-21,25:61,88,3384,2217,7.7,16,8,17.8,Success,1,Yes,Yes,Sprint-10,1941.7,Apache-2.0
D0598, ,Frontend,8.9,Germany,Forge, PYTHON,-5,241,1654,89,959,54,5,2024-05-03,8PM,27,3326,671,13.7,4,7,23.8,FAIL,7,No,Yes,Sprint-9,1806.9,
D0136,Alex,Frontend,,India,Nova,pyhton,-5,505,5980,119,798,15,465,2024-06-22,8PM,15,1691,1570,1.6,25,10,20.3,Failed,9,No,Yes,Sprint-9,1798.0,
D0619,Chris,Frontend,,Germany,Forge,Python,999999,139,4161,8,503,488,400,27/02/2025,00:00,99,235,1511,9.9,2,21,53.1,Success,8,Yes,Yes,Sprint-4,3863.1,Apache-2.0
D0429, ,Backend,,India,Atlas, PYTHON,999999,888,1688,125,252,21,497,2023-12-28,00:00,68,4072,390,8.6,21,4,38.8,Failed,2,No,Yes,Sprint-7,2226.3,Apache-2.0
D0247, ,DevOps,13.5,USA,Nova,TypeScript,4491,343,3006,84,146,40,357,21/10/2024,25:61,41,2937,309,10.7,1,8,12.0,FAIL,7,Yes,Yes,Sprint-5,20.0,Apache-2.0
D0427,Sam,Backend,11.9,USA,Forge,Rust,672,594,1463,152,255,337,241,27/06/2024,25:61,59,4376,2802,9.4,12,30,35.6,FAIL,9,Yes,No,Sprint-10,3226.8,Apache-2.0
D0687, ,Frontend,,Germany,Nova,TypeScript,999999,114,5673,30,989,103,160,17/03/2023,00:00,48,460,1142,0.5,8,1,20.7, ,3,No,No,Sprint-1,3133.6,
D0479,Chris,AI,6.2,Germany,Nova,,999999,447,2731,136,903,362,323,26/12/2023,00:00,39,348,80,6.5,21,17,65.5,Failed,5,Yes,Yes,Sprint-9,2512.0,MIT
D0561,Chris,Platform,,Germany,Nova,Go,999999,765,4166,43,597,104,246,2023-02-15,8PM,15,3757,2933,13.8,16,16,38.6,Success,1,Yes,No,Sprint-4,4630.4,MIT
D0119, ,Backend,6.5,Germany,Atlas,Rust,999999,376,2434,8,332,287,352,2023-09-06,25:61,54,3989,1949,13.4,26,5,70.5,FAIL,6,Yes,Yes,Sprint-8,1015.7,GPL
D0184,Alex,DevOps,9.8,USA,Atlas,Java,-5,696,2694,151,823,399,92,24/01/2025,00:00,50,3232,2868,5.2,27,21,29.7,Failed,8,No,Yes,Sprint-11,1915.6,Apache-2.0
D0641,Chris,DevOps,,Germany,Atlas,Go,-5,788,2148,55,810,339,345,17/12/2023,25:61,65,4862,1927,1.1,22,12,66.0, ,1,Yes,No,Sprint-1,333.6,GPL
D0056,Chris,Frontend,,Germany,Forge,Go,-5,662,4010,117,410,86,37,16/11/2024,8PM,9,4946,1790,9.9,9,24,60.0,Success,0,Yes,No,Sprint-7,4929.9,MIT
D0601,Taylor,AI,,USA,Atlas, PYTHON,1516,662,2557,188,149,487,268,2023-10-23,00:00,46,2422,133,12.2,28,30,40.1,Success,2,Yes,No,Sprint-8,2979.3,MIT
D0503, ,AI,,USA,Nova,Python,2985,920,628,144,802,100,228,2024-01-10,25:61,51,1093,2900,1.1,27,11,28.9,Success,0,Yes,No,Sprint-10,2613.5,Apache-2.0
D0117,Sam,DevOps,12.6,India,Nova,TypeScript,2765,727,1220,84,467,168,477,05/02/2024,00:00,98,4932,787,7.6,17,23,41.1,Failed,6,Yes,Yes,Sprint-7,3668.1,GPL
D0494,Taylor,DevOps,,India,Forge, PYTHON,3547,20,3248,117,565,322,179,02/06/2023,8PM,14,2179,287,11.5,15,29,24.9,Failed,3,Yes,Yes,Sprint-6,4408.0,
D0551, ,Platform,,India,Atlas,Rust,999999,747,1510,107,726,76,131,2023-07-18,8PM,30,4288,484,11.3,16,29,37.7,Success,8,No,No,Sprint-5,4630.8,GPL
D0364,Taylor,Backend,,India,Nova,Java,-5,691,5343,83,259,63,353,27/01/2023,25:61,31,159,1591,11.7,27,27,2.6,Success,1,Yes,Yes,Sprint-5,2601.5,
D0381,Sam,Backend,,India,Nova,Python,999999,767,3249,109,450,62,5,06/08/2023,25:61,54,971,1225,10.3,23,6,17.7,FAIL,1,Yes,Yes,Sprint-10,4475.0,
D0347,Chris,Frontend,,USA,Nova,Java,2346,798,1175,75,114,377,220,2023-02-16,00:00,66,241,2713,9.4,13,22,34.1, ,3,No,Yes,Sprint-1,94.9,
D0696,Alex,AI,2.1,Germany,Atlas,pyhton,-5,662,2108,149,85,152,363,26/04/2023,25:61,12,1350,110,9.1,5,7,3.1,FAIL,5,Yes,No,Sprint-8,3027.0,GPL
D0380,Sam,Frontend,9.9,Germany,Forge, PYTHON,3783,413,3304,86,994,388,393,15/03/2025,8PM,80,2811,1936,4.6,20,5,22.5,Failed,0,Yes,Yes,Sprint-3,562.0,
D0482,Alex,Frontend,7.6,Germany,Atlas,Python,999999,456,1887,79,872,12,348,2024-07-14,25:61,25,811,394,1.3,19,5,11.4,Success,5,Yes,No,Sprint-10,3957.9,GPL
D0003,Alex,Backend,14.8,India,Atlas,Python,-5,473,2670,198,329,12,298,20/01/2025,00:00,5,3201,2956,9.7,2,0,53.2,Success,2,No,Yes,Sprint-5,4014.4,Apache-2.0
D0294,Taylor,Platform,7.3,USA,Atlas,Java,-5,279,1030,50,889,428,260,2023-02-11,8PM,46,3724,2024,3.6,27,23,51.5, ,9,No,No,Sprint-1,4538.1,Apache-2.0
D0010,Sam,DevOps,,Germany,Forge,,999999,768,14,29,817,238,363,28/05/2024,8PM,79,1935,2045,10.8,10,13,70.0,Failed,0,Yes,No,Sprint-6,3875.6,GPL
D0187,Alex,Platform,,Germany,Nova,Python,2163,163,1494,112,156,254,248,14/01/2023,00:00,67,4013,2994,4.8,24,26,41.9,Failed,1,No,No,Sprint-11,237.3,Apache-2.0
D0219,Chris,Platform,14.7,USA,Nova,python,-5,212,1719,94,992,372,193,2024-03-11,8PM,26,1538,1524,11.5,28,22,50.9, ,3,No,No,Sprint-6,2197.1,
D0278,Taylor,Frontend,10.8,Germany,Nova,Go,2733,59,4029,81,756,267,65,06/01/2023,8PM,37,968,2535,6.1,21,1,10.8,FAIL,3,Yes,No,Sprint-3,1602.8,
D0694,Taylor,Frontend,3.0,Germany,Forge,Rust,999999,30,4855,44,258,37,399,21/05/2023,25:61,25,895,1838,3.2,21,4,31.7,FAIL,3,No,No,Sprint-10,3325.3,MIT
D0072, ,Platform,13.6,USA,Atlas,Python,999999,718,4632,91,828,173,363,16/02/2024,25:61,86,796,1118,4.4,7,20,27.2,Success,4,No,No,Sprint-12,2931.7,MIT
D0499,Taylor,DevOps,,India,Atlas,Python,999999,397,1650,187,367,159,448,16/03/2024,25:61,81,4528,418,12.6,17,23,50.7,FAIL,7,No,No,Sprint-8,3140.4,
D0638,Taylor,Platform,,USA,Nova,Python,1713,631,5016,7,331,299,234,2024-02-24,8PM,10,2878,2560,14.0,26,19,16.9,Success,9,Yes,Yes,Sprint-8,3268.6,Apache-2.0
D0423,Sam,Backend,,Germany,Nova, PYTHON,2397,713,2785,65,41,494,207,27/03/2024,25:61,58,2582,1140,13.8,10,21,59.8,Failed,6,Yes,No,Sprint-5,1133.0,
D0507,Chris,Frontend,,Germany,Forge,Rust,-5,311,4590,149,670,111,463,08/08/2023,25:61,23,3996,1208,1.0,11,28,68.9, ,1,Yes,Yes,Sprint-12,4279.4,
D0012,Sam,Frontend,8.3,Germany,Nova, PYTHON,-5,684,3584,125,237,364,97,17/09/2024,00:00,41,2997,2818,4.7,7,14,38.8,Failed,4,Yes,No,Sprint-7,852.5,Apache-2.0
D0242, ,Frontend,7.2,Germany,Atlas,Go,-5,294,59,77,405,391,429,27/01/2025,00:00,89,329,2117,11.0,7,25,25.8,Success,5,No,No,Sprint-9,4254.9,Apache-2.0
D0606,Chris,AI,7.6,USA,Forge,Java,999999,128,4159,52,728,128,341,2024-11-24,8PM,27,4277,1093,9.3,24,15,39.7,Success,7,No,No,Sprint-4,4978.2,GPL
D0469,Chris,DevOps,6.5,India,Nova,,2974,246,3706,53,859,140,8,2023-03-25,00:00,27,2475,713,11.9,11,20,40.5,FAIL,7,Yes,Yes,Sprint-8,3517.8,MIT
D0137,Taylor,Frontend,,India,Nova,python,1542,628,5325,142,538,438,99,2025-04-04,25:61,77,3243,614,1.3,10,27,65.6,Failed,4,No,Yes,Sprint-3,4567.1,Apache-2.0
D0172,Chris,Backend,10.2,USA,Atlas,Java,397,519,2053,47,530,419,136,05/08/2023,8PM,3,1364,2031,3.1,6,0,14.7, ,7,Yes,Yes,Sprint-9,4227.5,Apache-2.0
D0592,Taylor,Frontend,,USA,Atlas,Python,999999,54,3802,55,873,334,402,2024-02-01,25:61,11,4255,317,6.7,25,18,52.5,FAIL,6,No,No,Sprint-10,1230.2,
D0224,Sam,Frontend,4.8,Germany,Nova,pyhton,540,51,2945,163,444,104,58,18/01/2025,00:00,97,987,2578,8.4,21,10,18.2,FAIL,10,Yes,No,Sprint-4,4655.4,GPL
D0577,Chris,Backend,,USA,Atlas,TypeScript,999999,639,4095,126,803,44,192,09/07/2023,00:00,39,3141,1126,7.2,17,4,7.2,FAIL,1,Yes,No,Sprint-3,371.4,MIT
D0222, ,Frontend,,USA,Nova,Rust,999999,529,3853,154,750,37,340,2025-02-20,25:61,52,4513,1533,8.4,15,27,54.3,FAIL,10,Yes,No,Sprint-8,3298.0,
D0156, ,Platform,,India,Nova,TypeScript,-5,478,1712,15,705,187,50,05/01/2023,00:00,5,4480,1095,7.7,27,2,37.6,Failed,0,Yes,Yes,Sprint-5,3408.1,Apache-2.0
D0032,Alex,AI,,India,Forge, PYTHON,3515,868,1369,88,525,181,360,2025-01-13,25:61,55,3909,2138,0.4,21,29,37.7,Failed,7,No,Yes,Sprint-4,3214.1,GPL
D0320,Alex,Backend,4.4,India,Forge,Java,-5,745,3390,166,572,388,135,26/03/2025,25:61,48,1814,1196,3.3,19,8,23.7,Failed,0,No,No,Sprint-7,3623.1,Apache-2.0
D0487,Sam,AI,14.6,India,Atlas,Python,3107,765,1259,189,466,346,132,30/03/2025,8PM,91,1206,2857,13.8,10,7,55.6,Failed,5,Yes,No,Sprint-11,1653.4,
D0532,Alex,Platform,3.7,India,Forge,Go,3466,925,4767,123,214,262,433,05/12/2024,00:00,12,1880,246,4.3,14,7,12.2,FAIL,4,Yes,Yes,Sprint-6,1334.4,Apache-2.0
D0405,Taylor,DevOps,4.8,India,Atlas,python,3590,234,1081,99,221,334,190,21/12/2023,25:61,43,1565,1504,11.5,26,28,33.5,FAIL,6,Yes,Yes,Sprint-5,2708.1,GPL
D0661,Sam,Platform,5.2,USA,Nova, PYTHON,-5,383,3717,91,209,258,83,2023-05-06,25:61,20,3667,2517,9.0,4,10,2.7,Failed,8,No,No,Sprint-7,3810.4,MIT
D0266,Chris,AI,,USA,Nova,TypeScript,3118,203,5698,64,229,153,427,16/12/2024,25:61,89,1351,2643,4.0,21,15,21.4,Success,6,No,Yes,Sprint-9,703.7,
D0676,Sam,Frontend,,India,Forge,TypeScript,999999,255,1197,42,254,197,211,2023-03-17,00:00,89,127,2627,2.6,21,12,23.9,Success,2,Yes,No,Sprint-2,1393.2,GPL
D0459,Alex,AI,,Germany,Atlas,python,3574,286,941,77,672,343,111,2024-11-25,00:00,28,1662,101,4.0,7,6,65.0,Failed,3,No,Yes,Sprint-7,142.3,GPL
D0551, ,Backend,,USA,Atlas,,1779,855,3435,79,664,258,370,11/04/2024,25:61,36,1184,497,9.4,2,29,40.8, ,2,Yes,Yes,Sprint-9,2587.2,GPL
D0129,Chris,AI,11.6,India,Forge,Go,999999,619,1675,104,412,235,116,09/12/2023,00:00,4,4727,2763,7.1,17,3,35.4,Success,1,Yes,Yes,Sprint-2,4363.7,Apache-2.0
D0119,Taylor,Backend,,USA,Forge,Go,999999,160,3619,127,227,363,223,2023-12-22,25:61,22,4894,1735,10.2,11,25,18.5,Failed,5,Yes,Yes,Sprint-4,4870.6,GPL
D0160, ,Platform,7.8,India,Nova,TypeScript,999999,10,2307,19,763,205,187,30/03/2025,8PM,15,2616,1610,0.1,0,29,9.9, ,5,Yes,Yes,Sprint-9,778.5,MIT
D0678,Sam,Backend,,India,Forge,Go,3082,303,5827,141,226,136,53,2023-12-05,00:00,48,4524,621,12.4,16,13,2.4,Success,7,No,No,Sprint-5,317.3,
D0473,Taylor,DevOps,,USA,Forge,Go,-5,628,1150,29,949,90,313,2023-07-26,25:61,50,2891,1843,8.6,18,16,59.9,FAIL,4,Yes,No,Sprint-9,4081.5,MIT
D0403,Alex,AI,9.4,USA,Atlas,,999999,535,3001,65,187,221,18,23/08/2023,25:61,20,1802,1879,4.6,15,30,6.6,Success,2,Yes,No,Sprint-5,1094.8,Apache-2.0
D0488,Taylor,Platform,,Germany,Atlas,TypeScript,999999,926,3893,36,600,4,234,23/10/2024,00:00,69,3065,2491,2.3,21,19,39.2,Failed,7,No,Yes,Sprint-11,4261.7,Apache-2.0
D0238, ,Platform,,India,Atlas,Rust,482,226,4971,25,682,470,258,28/10/2023,25:61,23,2046,2776,1.2,7,27,33.0,Failed,2,Yes,No,Sprint-3,819.4,
D0229,Taylor,AI,,India,Forge, PYTHON,999999,392,1224,0,114,145,97,2023-06-16,00:00,4,99,249,7.8,10,13,2.9, ,2,Yes,Yes,Sprint-5,4614.2,MIT
D0369,Alex,Frontend,,India,Atlas,Java,1697,271,1906,3,119,82,480,24/06/2023,25:61,9,193,2328,4.3,5,18,39.2,FAIL,7,No,Yes,Sprint-4,3533.5,
D0466, ,DevOps,12.7,Germany,Atlas,Go,-5,824,5418,189,747,58,26,06/05/2024,8PM,42,4644,2244,8.7,19,17,50.0, ,8,No,No,Sprint-11,2795.2,Apache-2.0
D0598,Chris,DevOps,,India,Atlas,,999999,32,2796,24,358,179,282,2024-07-17,25:61,39,2717,2749,10.3,1,17,69.6,FAIL,0,Yes,No,Sprint-10,4057.0,Apache-2.0
D0583,Taylor,DevOps,8.9,Germany,Nova,Java,1310,894,1375,71,132,187,434,16/01/2024,25:61,47,641,2207,12.1,23,6,30.2,FAIL,0,Yes,No,Sprint-1,2371.4,Apache-2.0
D0576, ,AI,14.4,Germany,Forge,python,999999,252,5449,85,377,285,369,2024-01-05,00:00,10,2324,2112,11.7,30,11,9.3,Failed,1,No,No,Sprint-11,191.4,MIT
D0127,Alex,Backend,,USA,Forge,Java,999999,669,4004,99,355,72,264,17/12/2024,00:00,4,4735,2290,5.8,1,0,31.7,FAIL,1,Yes,Yes,Sprint-6,720.0,
D0107,Taylor,Backend,9.9,USA,Forge,Rust,999999,568,3303,88,828,164,461,2023-02-22,25:61,14,1502,382,13.9,18,23,64.7,Failed,4,Yes,No,Sprint-3,3475.0,Apache-2.0
D0499,Taylor,Backend,7.9,India,Nova,pyhton,4019,922,3217,88,728,425,67,12/02/2023,00:00,76,2643,559,1.2,11,12,64.8,Failed,10,Yes,No,Sprint-8,504.6,
D0040,Chris,Platform,3.7,Germany,Forge,python,-5,517,3885,54,249,157,251,15/10/2023,25:61,46,2688,1070,11.2,17,6,42.8,FAIL,0,No,No,Sprint-5,65.3,MIT
D0113,Alex,Frontend,4.4,USA,Atlas,python,-5,969,1076,81,264,302,63,02/12/2024,00:00,1,2010,867,7.2,18,9,17.5,Success,0,Yes,No,Sprint-2,109.9,GPL
D0417, ,DevOps,,USA,Forge,Java,2257,451,5727,58,589,134,162,25/07/2024,00:00,93,4036,2843,2.4,29,24,54.4,Failed,8,No,Yes,Sprint-4,684.4,GPL
D0513, ,Frontend,,Germany,Forge,,4384,288,4566,192,57,347,423,2024-10-23,00:00,5,809,1995,8.6,1,29,31.9, ,0,No,No,Sprint-11,1514.9,GPL
D0149,Sam,DevOps,11.3,Germany,Nova,python,999999,876,619,110,273,160,388,2024-03-26,8PM,29,727,2613,5.1,9,6,13.1, ,2,Yes,No,Sprint-10,2867.5,MIT
D0001,Sam,Frontend,8.4,Germany,Atlas,Rust,999999,149,2980,85,842,10,194,04/04/2024,8PM,51,4532,330,7.5,17,24,32.1,FAIL,4,Yes,No,Sprint-4,2559.8,MIT
D0181, ,Platform,,India,Forge,TypeScript,999999,177,2214,18,430,488,125,2024-10-24,00:00,65,2247,2125,6.2,7,24,35.5,Failed,2,Yes,Yes,Sprint-9,4632.6,Apache-2.0
D0045, ,Backend,13.7,Germany,Forge,Rust,2326,243,3823,131,426,166,340,21/07/2023,00:00,1,3664,586,0.8,8,29,16.7,Success,7,Yes,No,Sprint-10,3474.1,Apache-2.0
D0602, ,Frontend,5.1,USA,Forge,Python,954,39,5341,6,86,215,98,2024-10-25,00:00,47,3583,1522,1.5,12,0,59.2, ,9,No,No,Sprint-9,4767.8,
D0358,Taylor,Platform,4.7,USA,Forge,Go,999999,832,4489,45,565,394,319,22/04/2024,25:61,84,4815,1812,6.2,16,17,33.0, ,7,Yes,No,Sprint-11,953.0,MIT
D0353,Chris,AI,,USA,Forge,python,-5,624,2282,69,533,209,222,2023-05-09,25:61,95,3437,656,7.0,16,1,69.2,Success,6,No,No,Sprint-11,1622.9,Apache-2.0
D0299,Chris,Backend,,Germany,Forge,Java,999999,287,4131,41,778,217,392,01/01/2025,8PM,66,1487,956,10.4,1,20,55.1,FAIL,4,No,No,Sprint-1,4181.0,GPL
D0124,Alex,Backend,12.0,Germany,Forge,Go,-5,208,5583,31,864,488,196,2023-12-19,8PM,37,4254,1323,5.9,13,1,4.8, ,8,Yes,No,Sprint-11,2216.1,
D0138, ,DevOps,9.7,Germany,Forge, PYTHON,-5,881,4662,80,926,379,89,05/06/2025,25:61,81,4861,2444,10.5,0,9,56.3,Success,0,Yes,No,Sprint-4,2227.0,GPL
D0234,Chris,AI,4.0,India,Nova, PYTHON,999999,690,1275,95,926,221,305,07/03/2024,00:00,61,4617,1142,9.6,19,19,48.8,Success,0,Yes,No,Sprint-5,4750.3,GPL
D0201,Taylor,AI,2.8,India,Forge,Rust,999999,302,1691,175,823,301,385,2023-11-22,8PM,14,3542,807,9.8,18,2,25.3,Failed,10,Yes,No,Sprint-7,4969.4,Apache-2.0
D0657,Taylor,Frontend,9.5,USA,Nova,Python,3309,837,1365,63,848,131,133,19/02/2025,00:00,82,2669,1209,0.3,26,12,31.2, ,0,No,No,Sprint-12,565.2,Apache-2.0
D0586,Sam,AI,,Germany,Nova,TypeScript,-5,695,4415,177,209,375,44,2024-02-07,8PM,7,2625,1927,11.3,7,17,0.0, ,4,Yes,No,Sprint-8,4554.5,Apache-2.0
D0182,Sam,AI,,USA,Forge,python,999999,295,4294,178,47,150,397,05/04/2025,8PM,26,4077,427,11.0,5,2,58.4,Failed,1,Yes,No,Sprint-3,4494.3,
D0496,Alex,Backend,14.6,USA,Forge,Rust,-5,117,3605,63,202,476,29,2023-06-23,25:61,82,3208,2178,8.6,17,10,38.0,Failed,6,Yes,No,Sprint-9,3971.0,
D0023,Taylor,Frontend,14.2,India,Atlas,Java,999999,133,2143,195,956,259,327,2023-02-22,8PM,84,3888,765,9.9,9,22,68.5, ,1,No,No,Sprint-1,2950.5,
D0263,Sam,DevOps,9.0,Germany,Nova,Python,-5,278,767,83,156,4,1,2023-12-27,00:00,42,-14,32,10.1,20,8,11.9, ,2,No,No,Sprint-12,859.5,Apache-2.0
D0401, ,AI,,Germany,Nova,,999999,781,2986,0,276,59,497,07/02/2023,25:61,37,825,1627,5.5,24,24,37.9, ,5,Yes,Yes,Sprint-9,3183.3,GPL
D0617,Sam,Backend,14.5,USA,Forge,python,-5,414,5842,74,685,65,346,17/01/2023,00:00,93,1723,1841,2.2,12,19,30.2, ,5,No,No,Sprint-5,4570.8,
D0325,Taylor,Platform,,Germany,Nova,Java,1745,354,4301,199,952,277,396,16/09/2024,00:00,20,4645,563,1.0,22,25,61.7,FAIL,1,Yes,Yes,Sprint-3,1263.9,GPL
D0028,Sam,Platform,7.7,Germany,Nova, PYTHON,-5,582,4459,98,613,110,116,2025-03-01,25:61,16,1582,2599,3.7,6,4,34.4,Failed,1,Yes,No,Sprint-1,658.7,Apache-2.0
D0225,Alex,Backend,,USA,Nova,,2037,206,2990,174,818,162,308,2024-07-23,8PM,74,2149,1721,7.6,6,21,13.7,Success,7,No,No,Sprint-5,3295.9,Apache-2.0
D0240,Sam,AI,1.1,Germany,Atlas,Python,-5,437,3243,86,138,22,440,01/12/2023,00:00,32,3136,447,11.7,21,26,58.1,Failed,9,No,No,Sprint-7,2489.1,Apache-2.0
D0396,Sam,Platform,,USA,Forge,Rust,3006,847,324,198,923,245,318,18/01/2025,00:00,60,1620,826,3.3,18,8,43.7, ,10,No,Yes,Sprint-9,2361.1,
D0549,Taylor,DevOps,,USA,Atlas,pyhton,1700,971,5601,114,852,71,157,2025-05-28,25:61,54,4213,2177,0.7,4,13,68.3, ,9,Yes,Yes,Sprint-11,1445.9,MIT
D0145,Sam,DevOps,,India,Nova,Java,999999,133,4048,158,668,327,366,16/01/2025,25:61,99,2412,24,13.9,5,15,16.2,FAIL,7,No,Yes,Sprint-2,4468.8,MIT
D0039,Sam,Platform,0.9,USA,Atlas, PYTHON,-5,384,171,184,995,245,218,2023-11-15,00:00,77,2569,138,7.3,29,21,59.7,Success,7,Yes,Yes,Sprint-4,1821.7,
D0247, ,Platform,,Germany,Nova,TypeScript,1978,588,1942,54,913,139,381,2025-01-23,00:00,30,3611,705,3.6,1,7,52.7, ,7,Yes,Yes,Sprint-9,4261.9,GPL
D0598,Taylor,AI,12.2,India,Forge,Python,-5,798,3173,24,668,378,241,03/11/2023,25:61,18,275,1161,5.8,8,10,63.4, ,2,No,Yes,Sprint-4,3496.1,
D0608,Alex,AI,14.8,India,Atlas,Go,999999,142,1634,72,841,291,110,03/05/2025,00:00,47,1697,2952,10.1,19,24,27.1,Success,6,No,Yes,Sprint-9,1436.9,Apache-2.0
D0323,Alex,Frontend,4.1,USA,Forge,Python,629,202,3978,125,788,171,145,2025-01-06,25:61,26,1117,401,0.4,21,26,17.3,FAIL,10,Yes,Yes,Sprint-3,3452.5,Apache-2.0
D0242,Chris,Backend,9.2,Germany,Atlas,Rust,999999,512,2864,138,809,302,157,2023-06-08,8PM,74,4604,2296,2.6,20,29,56.3, ,3,No,Yes,Sprint-5,2923.9,GPL
D0189,Chris,DevOps,13.3,USA,Forge,pyhton,999999,959,1678,156,579,118,283,10/07/2024,25:61,51,4099,1528,4.0,2,16,11.6,FAIL,8,No,Yes,Sprint-6,2201.5,
D0651,Chris,AI,,Germany,Atlas,pyhton,-5,260,136,23,850,90,254,2023-07-08,8PM,66,3231,2482,11.3,22,15,65.0, ,0,Yes,No,Sprint-12,3324.7,Apache-2.0
D0281,Alex,AI,5.4,India,Nova,Go,999999,670,1408,196,787,476,384,2023-03-13,25:61,91,3007,674,4.0,10,26,38.5,FAIL,7,No,Yes,Sprint-8,4221.1,GPL
D0170,Taylor,Platform,,India,Atlas, PYTHON,1621,655,3669,21,521,146,198,2023-08-25,00:00,7,681,1936,4.9,0,15,64.4, ,5,No,Yes,Sprint-6,3515.9,
D0658, ,AI,10.4,India,Nova,Go,-5,952,1206,42,373,379,127,2024-07-29,25:61,42,1998,2952,1.8,13,8,34.3, ,3,No,No,Sprint-3,4129.9,
D0695,Alex,Frontend,,USA,Forge,pyhton,-5,559,3597,153,609,4,344,2024-10-21,8PM,86,637,1578,6.4,10,25,42.1,Success,3,No,Yes,Sprint-7,4996.0,MIT
D0249,Taylor,Platform,,USA,Nova,Python,2524,819,3698,198,561,103,120,10/04/2023,8PM,16,3862,1720,2.6,30,24,9.7,FAIL,3,Yes,No,Sprint-2,1703.1,MIT
D0374,Taylor,Backend,,Germany,Atlas,Rust,-5,59,1207,81,631,129,68,2023-03-14,25:61,16,1701,760,6.9,27,25,66.1, ,9,Yes,Yes,Sprint-10,4624.0,Apache-2.0
D0469,Chris,DevOps,12.9,USA,Nova,TypeScript,999999,863,5190,123,54,137,133,2025-02-28,00:00,90,1054,1628,13.6,3,7,67.5,FAIL,4,No,Yes,Sprint-12,324.4,MIT
D0187, ,Platform,,USA,Nova,TypeScript,-5,668,3701,166,436,283,219,03/06/2023,25:61,69,3055,236,3.1,7,9,38.0,Success,4,No,Yes,Sprint-6,2238.0,MIT
D0473, ,Platform,12.8,Germany,Atlas,TypeScript,999999,406,5108,162,591,457,159,2024-08-15,00:00,78,4960,166,6.8,23,26,44.9,FAIL,8,Yes,No,Sprint-10,315.2,
D0644, ,Backend,,USA,Nova, PYTHON,1297,495,5007,35,983,128,399,2024-01-18,25:61,41,3106,2270,11.5,26,30,25.3,Failed,9,Yes,No,Sprint-9,2031.5,MIT
D0383,Sam,Backend,,India,Nova,python,-5,92,3360,115,325,175,103,12/01/2025,8PM,76,1819,253,14.0,17,10,42.5,Success,6,No,No,Sprint-2,515.9,
D0646,Taylor,Backend,,USA,Nova,python,4187,97,1492,118,323,302,85,2024-09-06,00:00,68,-34,723,13.0,29,28,47.0,Failed,7,Yes,Yes,Sprint-2,336.6,MIT
D0246,Taylor,Backend,3.5,USA,Atlas,TypeScript,1071,75,223,57,493,161,40,2023-08-21,8PM,13,1825,1531,12.2,4,19,13.1,Failed,6,No,Yes,Sprint-2,4069.4,
D0529,Sam,Platform,6.2,USA,Atlas,Java,-5,989,801,136,851,319,163,2024-02-12,25:61,94,1035,760,0.5,19,26,30.4, ,7,No,Yes,Sprint-6,4577.3,
D0646,Alex,DevOps,,USA,Forge,python,999999,286,3527,121,711,430,387,16/04/2023,00:00,40,4285,2964,3.5,16,26,39.8,Success,6,Yes,No,Sprint-3,1344.5,MIT
D0436, ,Frontend,,India,Forge,Rust,-5,751,5391,149,67,132,366,04/06/2025,00:00,80,3380,1721,10.0,1,11,35.9,FAIL,4,No,Yes,Sprint-3,212.7,Apache-2.0
D0169, ,Frontend,14.1,USA,Forge,Rust,1768,894,1956,93,152,485,88,2024-10-29,8PM,81,296,2866,13.1,8,8,65.1,FAIL,9,Yes,Yes,Sprint-9,741.6,
D0329,Sam,Frontend,14.5,India,Nova,Go,2817,1000,2101,61,181,217,458,01/01/2025,25:61,2,4303,2386,7.4,3,21,65.0,Success,0,Yes,Yes,Sprint-7,4581.7,
D0339,Chris,Platform,5.0,India,Forge,python,999999,478,424,6,987,416,453,25/08/2023,25:61,37,1800,2421,2.1,12,0,53.6,Failed,8,Yes,No,Sprint-4,2686.3,
D0603,Sam,Backend,10.2,Germany,Nova,python,999999,483,5739,120,547,126,232,30/01/2024,8PM,3,2995,1411,1.7,23,30,2.9,FAIL,7,No,No,Sprint-6,3989.6,
D0214,Sam,AI,,Germany,Nova,Rust,999999,773,2108,112,240,491,64,12/11/2023,8PM,23,35,2645,2.9,5,15,3.8, ,10,No,No,Sprint-5,2402.8,Apache-2.0
D0037,Alex,DevOps,,USA,Nova,Java,-5,644,4623,92,192,14,246,2025-05-06,00:00,10,2512,1421,8.7,15,16,13.1,Success,0,Yes,No,Sprint-2,2904.1,MIT
D0585,Taylor,Frontend,,USA,Nova,Rust,3712,700,3024,197,662,19,247,14/04/2025,00:00,93,4422,1201,12.0,24,16,37.0, ,8,No,No,Sprint-9,390.8,Apache-2.0
D0132,Chris,Backend,7.6,India,Nova, PYTHON,-5,177,1663,185,830,39,378,20/01/2024,00:00,48,703,2501,11.8,27,13,18.8,Success,2,Yes,Yes,Sprint-10,292.7,GPL
D0197,Sam,DevOps,,India,Nova,,4977,695,1603,26,308,78,43,2024-04-26,25:61,40,614,540,2.5,15,9,41.4, ,4,Yes,No,Sprint-4,3981.0,MIT
D0644,Alex,Platform,,India,Nova,,2261,522,4327,130,988,347,245,17/01/2023,25:61,39,2209,322,2.1,29,13,27.2,FAIL,0,Yes,Yes,Sprint-7,383.4,
D0407,Sam,AI,14.8,USA,Nova,python,-5,21,2921,196,715,229,496,12/12/2024,8PM,60,4137,2478,2.2,6,25,17.5, ,1,Yes,Yes,Sprint-8,2831.8,
D0513,Taylor,AI,3.3,USA,Atlas,pyhton,3155,477,4735,123,187,422,318,2023-03-27,00:00,54,2093,491,4.8,9,19,36.4,Success,9,Yes,Yes,Sprint-10,3103.5,Apache-2.0
D0574,Sam,Frontend,,Germany,Forge,Rust,2966,780,5486,171,919,166,221,2025-01-08,8PM,6,1384,2133,3.6,28,22,8.0,Failed,6,Yes,No,Sprint-12,1248.8,GPL
D0146,Chris,Frontend,,India,Atlas,Java,1482,861,1994,58,532,312,318,26/12/2024,00:00,69,4147,1538,9.6,19,4,36.0,FAIL,6,No,No,Sprint-8,2192.1,Apache-2.0
D0461,Sam,DevOps,8.4,USA,Nova,,999999,900,3874,72,551,233,171,2024-12-18,8PM,84,2179,1595,10.3,27,19,56.6,Failed,6,No,No,Sprint-8,2138.3,GPL
D0144,Sam,AI,11.4,USA,Atlas,pyhton,156,946,694,6,704,462,291,2025-06-04,8PM,80,1885,2086,13.2,4,1,43.9, ,8,Yes,Yes,Sprint-3,2940.3,GPL
D0479,Taylor,AI,0.8,India,Forge,TypeScript,-5,115,972,49,712,279,270,2025-05-13,25:61,81,3354,882,4.1,7,2,58.7,Success,5,No,No,Sprint-1,2637.6,MIT
D0377,Chris,Frontend,14.4,USA,Nova,Go,999999,424,897,114,859,158,73,2025-04-18,00:00,64,878,1192,8.6,1,17,24.3, ,1,No,No,Sprint-5,2455.5,MIT
D0060, ,DevOps,,USA,Forge,Java,999999,350,694,45,125,174,219,2023-07-03,8PM,9,238,2867,0.9,13,26,8.2,Failed,8,No,No,Sprint-2,3875.1,Apache-2.0
D0147,Chris,Frontend,,Germany,Nova,,999999,244,1805,116,976,364,60,2023-10-27,8PM,3,4394,1871,2.1,29,18,71.3, ,10,No,Yes,Sprint-9,502.2,
D0061,Chris,Platform,13.6,India,Forge,,-5,138,3191,80,886,243,184,2024-08-09,8PM,86,4072,165,10.1,5,14,56.1, ,8,Yes,Yes,Sprint-7,4536.8,
D0440,Sam,DevOps,6.4,Germany,Nova,Go,2492,930,3568,123,544,96,300,2024-04-30,8PM,83,4069,2359,1.9,29,18,0.1,Failed,3,No,No,Sprint-8,288.2,MIT
D0624,Sam,DevOps,2.2,Germany,Nova,Python,999999,890,4216,66,666,248,336,2024-02-16,25:61,43,3098,1419,13.2,17,0,19.1,Failed,10,Yes,No,Sprint-12,3018.0,
D0192,Sam,DevOps,14.0,Germany,Forge,Python,999999,130,4328,179,698,320,306,01/05/2025,25:61,35,420,2585,4.3,2,23,25.2,Failed,1,No,Yes,Sprint-4,3199.9,Apache-2.0
D0387,Chris,Backend,13.1,India,Forge,Go,2477,847,1812,166,69,321,344,2023-02-18,25:61,94,3848,2558,4.6,27,21,30.8,Failed,7,No,No,Sprint-6,1767.4,MIT
D0422,Sam,Backend,12.0,USA,Atlas,,-5,865,5683,57,289,128,190,2023-09-04,25:61,56,2471,37,10.8,16,30,2.5, ,10,No,Yes,Sprint-5,4500.6,GPL
D0325,Sam,DevOps,,India,Nova,TypeScript,3638,905,1753,38,670,233,22,2024-09-04,25:61,39,2553,1422,3.7,20,24,69.9, ,10,Yes,No,Sprint-8,4736.2,MIT
D0535,Sam,DevOps,,Germany,Nova,pyhton,999999,822,5713,11,890,289,187,2024-07-14,00:00,74,3248,2086,9.9,29,25,25.9,FAIL,2,Yes,Yes,Sprint-3,2276.1,MIT
D0004,Alex,Frontend,,Germany,Forge,Rust,-5,575,155,91,1,221,117,04/06/2024,25:61,89,1058,1716,1.8,13,25,1.3,Failed,5,No,No,Sprint-9,503.0,
D0158,Sam,DevOps,,USA,Atlas,Java,999999,343,2848,112,803,220,188,30/01/2024,00:00,30,2308,2293,4.2,6,14,13.3, ,1,No,No,Sprint-8,3528.9,
D0685,Sam,Frontend,,Germany,Atlas,pyhton,999999,68,3089,129,486,499,429,05/06/2023,00:00,92,4780,2003,0.7,15,6,26.9,FAIL,2,No,No,Sprint-2,1787.7,
D0170,Sam,AI,10.4,USA,Forge,Java,3040,650,3864,133,799,153,289,2023-09-23,25:61,51,4250,2347,13.1,28,25,27.3,Failed,5,Yes,Yes,Sprint-2,1753.6,Apache-2.0
D0186,Chris,Platform,,USA,Nova,Rust,2686,941,2763,168,66,479,258,20/05/2025,8PM,80,2377,1171,3.1,5,5,44.8, ,3,Yes,No,Sprint-5,3798.4,GPL
D0572,Alex,Frontend,8.6,India,Atlas,Go,999999,445,5967,195,800,495,110,28/02/2023,25:61,91,1273,1023,4.3,14,30,29.5,Success,1,No,Yes,Sprint-6,545.3,GPL
D0640,Sam,Platform,,USA,Atlas,TypeScript,-5,911,3485,158,244,475,148,2023-11-30,00:00,24,898,1231,5.9,26,1,35.7,FAIL,9,No,Yes,Sprint-7,4985.9,
D0257,Chris,Platform,,India,Forge,Go,-5,369,2787,197,283,271,391,2024-09-05,25:61,89,697,2039,9.6,15,9,14.4,Failed,10,No,No,Sprint-10,1224.0,MIT
D0295,Chris,Backend,0.6,India,Forge,,999999,118,2358,61,637,459,219,11/02/2024,8PM,95,2229,967,0.5,7,1,71.3, ,6,Yes,No,Sprint-2,234.6,MIT
D0235,Sam,AI,,USA,Atlas, PYTHON,727,105,1067,197,959,217,67,2023-06-16,8PM,90,1310,763,7.2,21,1,12.9,Failed,5,No,No,Sprint-7,4059.1,Apache-2.0
D0097, ,AI,,USA,Nova,Java,-5,45,3440,62,0,89,476,2024-01-29,25:61,74,3550,513,1.9,26,11,47.3, ,1,No,Yes,Sprint-10,1366.4,MIT
D0111,Chris,AI,12.6,India,Nova,TypeScript,2313,881,4014,116,367,271,313,2025-01-10,00:00,71,495,2601,8.7,19,23,29.9,Success,10,Yes,Yes,Sprint-10,4241.2,GPL
D0644,Sam,DevOps,9.9,USA,Forge,python,999999,473,607,186,885,72,468,15/09/2023,25:61,56,1299,1560,13.6,7,20,18.4,Failed,2,No,No,Sprint-11,510.8,
D0536, ,Backend,14.6,USA,Nova,Java,999999,402,418,40,570,5,437,04/01/2025,25:61,31,3735,1049,4.1,6,14,45.8,FAIL,8,No,No,Sprint-9,3117.0,GPL
D0136,Taylor,DevOps,0.2,USA,Atlas,Python,-5,714,4553,197,958,51,381,17/03/2023,8PM,58,802,993,8.3,7,23,5.7,Success,5,Yes,No,Sprint-6,3967.2,Apache-2.0
D0051,Chris,Platform,,India,Forge,Java,999999,407,3271,28,784,389,148,03/02/2024,00:00,16,1250,2862,2.1,9,29,52.2,Failed,2,No,Yes,Sprint-2,1985.0,Apache-2.0
D0602,Chris,Frontend,,India,Nova,Go,-5,199,582,92,493,165,194,2024-12-20,00:00,92,2544,2183,0.9,28,24,63.7,Success,7,No,No,Sprint-5,1166.7,
D0207,Sam,Platform,,India,Nova,Java,999999,559,1379,131,80,280,357,22/09/2023,00:00,6,2552,1922,1.1,22,4,13.6,Success,0,No,No,Sprint-9,2150.4,MIT
D0040,Chris,DevOps,,Germany,Forge,Go,-5,352,3889,107,359,475,323,24/10/2023,00:00,1,3309,2700,7.0,7,8,53.1,Failed,7,No,Yes,Sprint-2,3282.7,MIT
D0139,Sam,Platform,2.1,Germany,Nova,Java,999999,607,4750,86,972,481,207,01/05/2024,8PM,46,4284,331,9.4,11,18,27.7,FAIL,7,No,Yes,Sprint-12,282.0,Apache-2.0
D0196,Sam,DevOps,2.7,USA,Nova,TypeScript,999999,358,3853,50,692,413,120,2023-09-23,8PM,18,1419,2645,8.6,4,26,35.4,FAIL,8,Yes,No,Sprint-2,4890.4,MIT
D0351,Alex,Backend,,India,Atlas,python,999999,381,99,90,518,279,95,06/12/2023,8PM,92,358,1495,13.6,26,24,25.9,Success,5,No,No,Sprint-7,2883.6,GPL
D0607,Chris,Platform,,USA,Nova,Java,398,51,3098,44,159,388,458,28/09/2023,00:00,13,2052,1814,13.4,8,1,45.1,Success,3,No,No,Sprint-3,1934.2,GPL
D0532,Chris,Frontend,0.8,India,Forge,Python,4593,837,5449,133,996,83,115,2024-11-21,00:00,45,3975,1359,8.9,1,20,50.2, ,8,No,No,Sprint-4,660.6,GPL
D0098, ,Backend,,USA,Forge,pyhton,999999,645,2766,55,780,190,117,2023-03-28,25:61,87,515,117,13.1,27,14,20.6,Success,1,Yes,No,Sprint-7,4287.2,MIT
D0182,Chris,Platform,12.9,USA,Nova,Java,-5,401,5544,49,519,116,244,28/12/2023,8PM,95,700,264,12.7,11,18,64.8,Failed,1,No,No,Sprint-11,1116.8,Apache-2.0
D0308,Taylor,Backend,,USA,Nova,pyhton,-5,234,5830,184,688,31,247,2024-09-07,00:00,75,432,1706,11.7,2,11,24.4,Failed,7,Yes,No,Sprint-2,4030.0,Apache-2.0
D0446,Sam,Backend,11.3,Germany,Forge,pyhton,4888,304,3055,122,661,303,299,14/03/2023,00:00,97,3987,1938,12.8,26,28,63.5,Success,10,No,No,Sprint-12,3978.0,MIT
D0219,Taylor,Frontend,,India,Forge, PYTHON,-5,123,5510,94,342,242,31,2023-08-17,25:61,56,1735,2041,12.5,25,18,57.1,Failed,7,No,Yes,Sprint-11,3015.4,MIT
D0268,Alex,AI,11.1,India,Atlas,Rust,2588,334,100,58,933,429,139,18/06/2025,8PM,70,4376,2054,8.0,17,22,13.3,Failed,6,Yes,No,Sprint-7,2085.0,Apache-2.0
D0674,Chris,Frontend,10.6,India,Forge,,419,782,3059,33,604,399,481,14/05/2025,25:61,62,826,900,0.8,4,4,41.9,Success,9,Yes,Yes,Sprint-11,223.9,GPL
D0445,Chris,DevOps,,Germany,Forge,,4432,820,3551,30,93,57,109,2024-12-04,25:61,40,283,399,13.0,26,11,32.0,Failed,7,No,No,Sprint-3,4399.9,GPL
D0549, ,Backend,,India,Forge,Go,154,347,2658,10,370,356,302,19/06/2025,8PM,54,2337,2997,1.4,4,22,19.4,Failed,7,Yes,No,Sprint-2,3689.6,GPL
D0573, ,DevOps,7.1,India,Atlas,Go,-5,946,2359,177,925,390,380,2024-01-11,00:00,96,29,1070,2.7,17,13,36.2,Success,9,Yes,No,Sprint-9,864.0,Apache-2.0
D0253,Taylor,Backend,,Germany,Nova,pyhton,331,758,2960,62,607,319,478,23/04/2023,25:61,27,3760,1376,7.8,3,19,12.7,FAIL,0,Yes,Yes,Sprint-7,3013.4,GPL
D0329,Alex,Backend,1.7,USA,Atlas, PYTHON,3374,521,1501,100,521,377,416,20/08/2023,00:00,96,2945,2789,5.8,11,13,61.5,Failed,5,Yes,No,Sprint-11,2200.2,GPL
D0291,Chris,Platform,0.5,India,Nova,Python,999999,638,623,192,59,287,291,27/02/2024,00:00,16,3244,647,1.4,25,24,51.9,Success,5,No,Yes,Sprint-12,2618.6,GPL
D0319, ,Backend,,Germany,Atlas,Java,-5,564,2536,77,200,443,186,08/12/2023,25:61,80,9,1825,2.1,5,19,59.2, ,3,No,Yes,Sprint-3,1074.7,
D0692,Alex,DevOps,,India,Forge,,999999,798,2181,34,855,342,213,2024-05-03,00:00,4,1557,2497,6.4,20,23,64.7,Failed,9,No,Yes,Sprint-3,2388.1,MIT
D0531,Alex,Frontend,,USA,Forge, PYTHON,655,872,3799,58,859,212,275,2023-07-25,00:00,86,4319,1836,10.6,8,25,17.0,FAIL,9,Yes,No,Sprint-8,2761.4,
D0383,Alex,Backend,,India,Forge,Rust,999999,111,483,1,887,198,215,2024-06-10,00:00,82,3467,2101,13.7,23,18,43.4,Success,3,No,No,Sprint-2,2420.0,GPL
D0604, ,Platform,,India,Nova,Go,999999,576,2335,91,140,153,289,2023-07-14,00:00,10,3679,2439,1.3,30,15,66.6, ,6,No,Yes,Sprint-9,4460.3,MIT
D0372,Chris,DevOps,10.2,India,Forge,Rust,999999,413,3308,98,548,399,151,05/06/2024,00:00,17,3653,2649,10.4,7,19,59.3,FAIL,3,Yes,Yes,Sprint-4,994.5,MIT
D0301,Sam,Platform,14.4,India,Atlas,Rust,2623,254,5913,127,782,306,245,2023-06-03,25:61,62,2667,1737,10.1,22,10,25.5, ,1,Yes,No,Sprint-4,2317.9,
D0184, ,DevOps,9.9,USA,Forge,pyhton,-5,40,1772,162,58,14,82,2024-08-24,25:61,95,4268,1866,6.3,13,19,17.0,Failed,3,No,No,Sprint-9,3615.8,MIT
D0041,Alex,AI,,India,Nova,Python,3115,725,4155,32,976,392,188,2024-11-26,8PM,34,3297,680,12.3,19,13,42.9,Failed,6,No,No,Sprint-10,221.3,MIT
D0019,Alex,Backend,,Germany,Forge,python,-5,841,959,48,512,150,474,09/05/2024,00:00,28,-17,1388,13.1,13,28,44.1, ,9,Yes,No,Sprint-4,4830.8,GPL
D0205, ,AI,,India,Nova,Java,999999,354,5844,140,886,332,361,07/04/2025,8PM,29,1107,691,10.5,22,4,12.0, ,9,Yes,Yes,Sprint-9,3027.3,GPL
D0313, ,Frontend,5.6,Germany,Forge,Rust,999999,61,3760,186,28,405,182,2023-09-04,8PM,20,4802,1281,9.5,20,28,9.7,Failed,4,Yes,No,Sprint-2,4019.1,Apache-2.0
D0041,Taylor,Platform,4.6,Germany,Atlas,pyhton,-5,534,2672,105,77,193,495,02/01/2023,25:61,16,184,407,1.5,15,20,66.9,FAIL,7,No,Yes,Sprint-9,1851.2,
D0243,Sam,DevOps,0.5,India,Forge, PYTHON,999999,393,364,73,116,313,229,01/01/2025,00:00,41,1346,576,4.8,4,3,66.2, ,3,No,No,Sprint-9,1528.6,Apache-2.0
D0556,Taylor,Frontend,7.6,India,Forge, PYTHON,-5,562,4230,82,653,388,313,2023-10-28,25:61,81,2052,1528,11.2,14,0,27.0,FAIL,10,Yes,No,Sprint-12,2167.1,GPL
D0108,Chris,DevOps,,Germany,Forge,,-5,432,2756,93,902,287,441,10/01/2023,25:61,27,2072,2927,4.1,20,13,58.1,Success,8,No,Yes,Sprint-10,3460.9,Apache-2.0
D0490,Taylor,Platform,10.8,Germany,Nova,Java,259,605,1259,6,785,202,496,21/10/2023,00:00,15,3711,980,10.2,9,12,24.0, ,2,Yes,No,Sprint-10,580.7,
D0472,Alex,DevOps,,Germany,Forge,pyhton,-5,727,5270,149,729,415,47,2023-03-10,00:00,3,257,2094,4.1,28,2,68.3, ,2,Yes,Yes,Sprint-1,241.4,MIT
D0146,Sam,DevOps,2.6,India,Nova,pyhton,999999,149,5741,132,868,377,92,20/06/2023,00:00,3,491,2220,13.6,13,21,1.6,FAIL,10,No,Yes,Sprint-6,2950.1,GPL
D0125,Taylor,AI,11.3,India,Nova,python,3685,439,307,42,87,141,143,2023-08-10,8PM,4,2429,1262,9.4,20,29,23.9, ,3,Yes,Yes,Sprint-10,4265.7,Apache-2.0
D0394, ,Frontend,,Germany,Nova,Go,-5,963,4485,123,976,227,456,2023-12-10,8PM,39,3576,1244,13.5,1,7,42.2,Failed,2,Yes,Yes,Sprint-9,4151.4,GPL
D0218, ,AI,,USA,Forge,python,-5,255,1671,48,390,257,284,2024-04-10,00:00,25,914,733,8.3,6,12,25.9, ,5,Yes,No,Sprint-12,4741.0,MIT
D0600,Chris,Platform,,Germany,Atlas,python,4103,545,2889,17,378,273,178,2024-05-02,8PM,22,3987,1668,0.9,27,18,21.8,FAIL,8,Yes,No,Sprint-5,411.8,Apache-2.0
D0581, ,DevOps,9.6,Germany,Nova,Python,-5,733,4366,71,126,306,364,2025-05-31,25:61,54,1087,1433,11.8,4,21,11.1,FAIL,1,No,No,Sprint-6,4665.7,Apache-2.0
D0149, ,Backend,,USA,Nova,pyhton,2766,499,4526,147,896,69,169,13/05/2023,25:61,15,1203,2126,8.5,0,11,35.6,Failed,1,No,Yes,Sprint-10,2211.7,GPL
D0069,Sam,Platform,,USA,Atlas,python,-5,316,2352,45,235,457,319,2025-01-05,25:61,73,2375,1143,5.5,5,30,66.4,FAIL,10,No,Yes,Sprint-6,89.0,GPL
D0059,Taylor,Backend,7.3,USA,Forge,pyhton,999999,24,2017,49,153,129,380,19/06/2023,25:61,72,2793,2860,1.1,19,24,14.3, ,0,No,No,Sprint-3,4349.6,Apache-2.0
D0006, ,Platform,,USA,Atlas,Java,999999,914,4456,49,716,377,142,2023-11-17,25:61,100,4870,2555,8.1,16,12,72.0,FAIL,1,Yes,No,Sprint-6,954.1,GPL
D0137,Chris,Platform,,USA,Forge,python,-5,645,1856,73,774,119,419,2025-05-24,00:00,18,4119,1803,12.6,3,19,46.9, ,1,No,No,Sprint-11,1660.2,
D0693,Alex,Backend,10.6,USA,Atlas,Go,530,123,322,14,363,365,360,2023-04-12,25:61,35,1165,1505,3.7,25,27,16.6,FAIL,1,Yes,No,Sprint-5,471.1,Apache-2.0
D0158,Taylor,Backend,1.6,USA,Nova,python,-5,656,5619,140,707,68,336,02/05/2025,00:00,72,2594,2261,4.7,2,21,52.4, ,3,No,Yes,Sprint-9,3066.2,MIT
D0314, ,AI,,USA,Nova, PYTHON,999999,966,2564,11,69,65,108,2024-04-14,00:00,43,2588,1632,5.2,10,21,10.8, ,6,Yes,Yes,Sprint-3,399.0,
D0086,Alex,Platform,3.9,India,Atlas,Go,1773,596,1398,122,966,212,476,17/03/2024,8PM,80,4529,1523,11.2,22,7,65.9,FAIL,1,Yes,Yes,Sprint-6,3353.1,
D0134, ,Backend,8.1,Germany,Forge,Java,-5,868,306,113,23,465,37,27/09/2023,25:61,76,273,1471,6.9,1,3,58.6, ,1,No,No,Sprint-11,388.3,Apache-2.0
D0477,Taylor,Backend,,India,Nova,Python,999999,293,3140,24,633,439,288,20/02/2023,00:00,87,3975,1383,7.0,17,8,32.7, ,0,No,Yes,Sprint-3,1827.7,MIT
D0008, ,DevOps,,Germany,Atlas,python,1388,184,4972,183,711,338,201,04/09/2023,00:00,26,2569,1704,13.7,6,3,48.1,FAIL,0,Yes,Yes,Sprint-10,2323.4,MIT
D0012,Chris,AI,,Germany,Atlas,,999999,568,1199,116,597,141,67,2024-07-17,25:61,53,4729,220,0.2,15,10,66.5,Success,6,No,Yes,Sprint-10,4217.0,MIT
D0193,Alex,Frontend,8.3,India,Forge,TypeScript,999999,202,5048,90,590,150,284,03/10/2024,25:61,36,2274,1726,11.7,21,0,20.7, ,9,No,Yes,Sprint-10,2948.1,GPL
D0158, ,DevOps,2.5,India,Nova,Rust,4100,243,2557,100,169,93,140,2023-03-25,8PM,1,4962,54,3.5,25,25,20.5,Success,10,Yes,Yes,Sprint-7,652.3,GPL
D0096,Taylor,Platform,,Germany,Forge, PYTHON,3854,647,1687,18,924,92,102,2024-07-28,00:00,44,4706,2516,11.4,4,27,20.5,Success,4,No,Yes,Sprint-1,3316.0,Apache-2.0
D0160,Alex,Platform,,India,Nova, PYTHON,-5,660,2980,155,235,405,163,2024-06-25,8PM,99,1956,1108,10.3,27,30,3.4,Failed,9,No,Yes,Sprint-4,98.5,
D0210,Alex,Frontend,12.9,India,Forge,TypeScript,999999,908,58,47,832,279,49,30/09/2024,8PM,60,3787,2298,3.4,21,4,42.8,Success,3,Yes,Yes,Sprint-3,2435.6,MIT
D0611,Sam,Frontend,1.4,Germany,Nova,Go,-5,869,1727,133,235,461,399,2024-04-12,00:00,8,4719,1009,11.6,6,17,65.3,FAIL,1,Yes,No,Sprint-6,2163.8,Apache-2.0
D0188, ,AI,3.3,Germany,Atlas,TypeScript,999999,257,3776,13,101,41,459,01/01/2023,25:61,71,1187,2012,1.3,3,2,30.0,Success,3,Yes,No,Sprint-4,1420.7,
D0153,Chris,AI,13.4,USA,Forge,,-5,172,23,97,944,47,257,17/10/2024,8PM,29,2915,254,6.0,5,16,16.0,FAIL,4,No,No,Sprint-10,2047.6,Apache-2.0
D0404,Taylor,AI,,India,Forge,pyhton,999999,371,3343,41,510,32,362,11/03/2023,25:61,49,815,752,0.6,2,21,21.3,Failed,1,Yes,Yes,Sprint-5,1796.2,MIT
D0047,Taylor,Frontend,10.8,Germany,Nova,Go,999999,955,4411,12,790,426,101,04/01/2024,00:00,70,1813,1384,4.3,1,16,32.2,FAIL,8,No,No,Sprint-1,4346.7,
D0158, ,Frontend,,USA,Atlas, PYTHON,-5,708,5919,193,971,207,147,14/11/2023,8PM,97,45,970,5.2,8,25,43.2, ,6,Yes,Yes,Sprint-3,1053.7,MIT
D0245, ,Backend,,USA,Nova,Rust,999999,312,5514,93,353,277,94,2024-11-19,25:61,39,289,1217,3.5,28,8,1.8,Failed,9,No,Yes,Sprint-3,2742.6,
D0510,Taylor,DevOps,8.5,USA,Nova,pyhton,1885,369,3889,190,609,388,482,2025-05-23,8PM,86,3784,451,4.4,15,22,56.6,Success,0,Yes,No,Sprint-2,1255.9,MIT
D0264,Chris,Backend,8.3,Germany,Atlas,Rust,-5,580,5804,2,509,268,474,22/11/2023,8PM,43,4461,2933,2.2,3,23,8.0,Failed,0,Yes,Yes,Sprint-11,4483.5,Apache-2.0
D0691,Chris,Frontend,,Germany,Forge, PYTHON,999999,158,1492,11,829,280,373,03/11/2024,00:00,26,2048,1704,4.8,28,11,28.0,Failed,6,No,Yes,Sprint-6,473.9,MIT
D0265,Taylor,Backend,,USA,Forge, PYTHON,-5,306,1996,66,478,351,420,22/05/2023,00:00,22,505,2363,7.1,30,19,61.8,FAIL,1,No,No,Sprint-4,2614.1,MIT
D0430,Sam,Backend,,Germany,Atlas,Rust,999999,568,4729,44,599,148,382,2023-06-18,00:00,70,91,841,13.0,30,4,11.5,Success,3,Yes,No,Sprint-10,2972.1,Apache-2.0
D0247,Chris,Platform,,India,Forge,TypeScript,999999,789,4567,68,517,217,109,04/03/2023,00:00,81,1538,1417,13.6,13,22,53.9, ,8,No,Yes,Sprint-5,750.7,GPL
D0051,Sam,Backend,,USA,Atlas,Java,999999,57,4305,165,929,460,500,2025-02-08,8PM,60,2862,1483,3.8,29,18,17.7,FAIL,2,Yes,Yes,Sprint-10,575.6,GPL
D0510,Chris,AI,,India,Forge,python,-5,300,1190,160,937,280,229,2025-05-21,8PM,55,2539,2759,10.3,30,20,70.7,Success,3,No,No,Sprint-2,61.9,
D0620,Chris,Backend,1.3,USA,Forge,Rust,-5,54,4953,142,127,59,257,2024-08-26,25:61,48,1838,2951,13.5,28,7,54.5,Failed,2,No,Yes,Sprint-7,823.9,
D0667,Alex,Platform,13.0,India,Forge,pyhton,999999,603,1128,198,422,446,49,09/11/2023,00:00,89,4545,1166,1.5,4,19,65.1,Failed,6,Yes,Yes,Sprint-3,4808.8,
D0616,Alex,Backend,12.9,India,Forge,Rust,-5,787,2255,39,404,41,348,13/05/2024,00:00,1,-23,897,12.3,29,5,8.7,Failed,4,Yes,Yes,Sprint-9,279.3,GPL
D0494,Alex,Platform,,Germany,Nova,,884,145,2603,175,999,430,374,13/05/2025,8PM,52,2230,2111,6.7,13,11,57.6,Success,6,Yes,Yes,Sprint-4,3806.9,Apache-2.0
D0509, ,Frontend,13.2,India,Forge,pyhton,-5,873,3467,157,787,372,414,30/06/2024,00:00,27,1475,2198,11.2,13,4,56.6,Success,1,Yes,Yes,Sprint-1,4452.7,
D0279,Taylor,DevOps,1.0,USA,Nova,Rust,999999,357,1591,102,589,136,336,2024-11-18,00:00,32,4926,2434,9.4,3,0,30.8,Success,5,No,Yes,Sprint-3,3452.4,GPL
D0597, ,Frontend,3.9,USA,Nova,pyhton,-5,131,5147,124,219,24,449,2024-11-27,00:00,22,4227,1702,3.1,28,20,59.8,Failed,10,Yes,No,Sprint-9,2134.6,MIT
D0263,Alex,Frontend,,USA,Nova,python,-5,300,2132,158,407,452,53,2023-07-25,00:00,40,563,2777,8.6,30,25,69.1, ,4,No,Yes,Sprint-8,3733.3,MIT
D0064,Alex,Backend,6.4,USA,Atlas,python,3773,734,3568,78,95,259,172,2025-01-30,00:00,20,1705,1830,9.4,15,24,65.4,Failed,4,Yes,No,Sprint-6,1155.4,GPL
D0443, ,AI,,India,Atlas, PYTHON,999999,333,2893,118,659,404,486,05/10/2024,25:61,66,4989,1986,10.6,5,9,1.5,Failed,2,Yes,No,Sprint-6,4218.3,
D0541,Taylor,DevOps,10.8,India,Forge,Rust,999999,145,2555,108,169,258,449,18/01/2023,8PM,44,1243,1935,12.3,4,22,22.2,Success,2,Yes,Yes,Sprint-2,1601.4,GPL
D0624,Alex,Backend,,India,Atlas,python,-5,864,3454,28,73,387,179,2025-04-17,8PM,33,1910,1137,5.7,30,21,13.6,FAIL,0,Yes,No,Sprint-6,2777.4,Apache-2.0
D0263,Sam,AI,4.5,India,Atlas, PYTHON,3317,804,3598,144,276,254,286,2023-07-01,8PM,8,3366,1176,12.1,16,23,43.1, ,10,Yes,Yes,Sprint-3,1942.3,Apache-2.0
D0136,Alex,DevOps,3.5,Germany,Forge,pyhton,-5,739,3622,148,305,298,172,13/05/2024,00:00,7,606,2379,6.2,26,29,8.7,FAIL,7,Yes,Yes,Sprint-3,4335.5,Apache-2.0
D0506,Alex,AI,,India,Atlas,Go,4445,754,5970,118,978,407,329,14/02/2025,25:61,29,1545,162,11.8,3,24,68.4, ,0,Yes,Yes,Sprint-2,2124.2,GPL
D0114,Alex,Frontend,3.6,Germany,Atlas,TypeScript,-5,816,3203,74,390,301,176,2023-07-13,8PM,59,565,1016,10.5,8,17,26.8,FAIL,4,Yes,No,Sprint-1,3056.3,
D0007,Taylor,Backend,,Germany,Nova,Python,999999,38,1856,136,262,80,379,2023-03-11,00:00,71,1744,102,1.0,12,20,13.9, ,2,No,Yes,Sprint-2,3473.4,MIT
D0292,Taylor,AI,,USA,Atlas,python,999999,331,5413,169,305,228,87,2023-02-22,8PM,87,126,1879,8.0,21,13,8.0,Success,3,No,No,Sprint-6,2546.6,MIT
D0152,Taylor,Backend,1.3,USA,Atlas,,4384,871,125,109,385,300,277,24/10/2023,25:61,76,3054,1423,3.5,27,18,49.0,Success,6,No,No,Sprint-8,3757.3,GPL
D0257,Alex,Backend,2.4,USA,Forge,TypeScript,989,1000,2546,173,875,328,450,30/03/2025,00:00,18,3003,866,10.8,1,1,52.8,Failed,7,No,Yes,Sprint-5,3286.6,MIT
D0022,Alex,Frontend,,India,Forge,python,999999,512,3161,54,746,198,46,05/06/2025,00:00,89,2431,2139,11.1,30,17,30.1, ,5,Yes,No,Sprint-2,695.2,
D0209,Chris,Backend,5.4,USA,Atlas,Go,-5,500,871,62,453,437,93,2023-05-26,25:61,50,259,2205,5.0,24,11,44.9, ,6,Yes,Yes,Sprint-10,1013.1,GPL
D0183, ,Platform,0.5,India,Nova,Python,999999,750,564,176,678,1,459,2023-07-29,8PM,60,3497,649,12.6,29,4,61.1,Failed,4,No,Yes,Sprint-1,914.1,GPL
D0061, ,Platform,7.5,USA,Nova,Java,999999,892,2793,21,146,368,164,12/12/2024,00:00,85,2343,992,11.5,7,0,18.7,FAIL,4,Yes,Yes,Sprint-1,4295.5,MIT
D0565,Sam,Platform,,India,Atlas,,1121,656,4095,180,395,381,59,10/12/2024,25:61,92,952,2199,6.5,18,11,4.2,Failed,5,No,No,Sprint-6,137.1,Apache-2.0
D0644,Taylor,Platform,2.3,India,Nova,python,-5,219,3258,162,763,458,144,28/05/2025,8PM,14,4920,883,12.1,4,7,35.4,Failed,5,No,No,Sprint-6,3395.4,MIT
D0641, ,Frontend,9.7,Germany,Nova,pyhton,999999,226,2561,0,278,119,200,15/07/2023,25:61,29,4237,70,8.5,14,22,44.1, ,0,No,Yes,Sprint-6,608.3,MIT
D0050, ,DevOps,11.1,USA,Nova, PYTHON,597,294,2380,184,816,75,405,11/09/2023,00:00,84,85,638,3.4,5,24,21.9,FAIL,0,Yes,Yes,Sprint-8,1642.8,
D0431,Alex,Platform,,India,Atlas,Python,999999,854,4088,18,556,36,73,15/10/2024,00:00,32,1193,1062,3.5,4,10,33.0, ,3,No,No,Sprint-11,2144.3,GPL
D0249,Sam,Platform,8.5,Germany,Forge,Java,-5,590,4717,51,167,81,126,2024-07-23,00:00,55,2324,554,1.6,14,7,27.5, ,9,No,No,Sprint-11,2262.2,MIT
D0322,Taylor,AI,14.6,Germany,Atlas,pyhton,-5,942,475,70,62,420,40,16/04/2023,00:00,60,2698,2693,8.9,28,10,62.3,Failed,7,Yes,Yes,Sprint-11,4086.6,Apache-2.0
D0508,Taylor,AI,,USA,Forge,Java,2252,36,1713,151,907,171,437,16/05/2025,8PM,80,526,1864,6.4,8,30,4.7,FAIL,2,No,No,Sprint-4,2829.1,MIT
D0420,Sam,AI,,USA,Nova, PYTHON,1626,721,1449,127,905,423,438,2023-12-27,25:61,14,3069,1028,11.5,21,0,15.3,Success,3,Yes,Yes,Sprint-11,2502.4,GPL
D0293,Taylor,Platform,,Germany,Forge,,-5,57,4975,49,940,289,245,27/11/2023,00:00,97,228,2915,11.7,9,5,41.8,FAIL,7,No,No,Sprint-1,4187.3,MIT
D0595,Taylor,AI,10.6,USA,Nova,Rust,999999,955,1086,89,288,113,457,2025-02-11,25:61,56,1647,1358,8.4,0,24,56.4, ,10,No,No,Sprint-1,2214.2,GPL
D0101,Taylor,Frontend,,Germany,Forge,Python,1604,768,576,2,254,219,319,26/06/2024,25:61,97,3180,516,12.5,26,22,2.2, ,9,No,Yes,Sprint-2,1995.0,
D0679,Sam,Frontend,1.0,India,Nova, PYTHON,-5,748,3154,176,893,121,141,09/06/2023,25:61,60,3306,1787,5.3,16,14,41.4,Success,10,No,No,Sprint-7,630.4,Apache-2.0
D0508,Chris,Platform,4.3,Germany,Atlas,Java,-5,128,5067,135,259,305,188,2024-12-18,8PM,10,3232,607,12.5,6,7,11.8,FAIL,6,No,No,Sprint-8,1324.6,MIT
D0539,Taylor,DevOps,13.3,India,Nova,python,-5,64,4383,3,636,245,138,2025-06-05,8PM,44,1098,1744,10.7,23,27,45.0,FAIL,0,Yes,Yes,Sprint-1,4668.3,
D0152, ,Platform,13.9,Germany,Forge,python,999999,402,4675,176,754,75,172,16/04/2025,00:00,43,1689,1486,5.1,29,30,7.8,Failed,2,No,No,Sprint-5,3089.9,Apache-2.0
D0477,Sam,DevOps,,Germany,Forge,Go,999999,558,3416,88,928,65,265,2025-04-23,8PM,52,3634,2125,7.3,21,18,9.8, ,4,No,Yes,Sprint-11,4859.6,Apache-2.0
D0543,Alex,Backend,5.6,Germany,Atlas,TypeScript,1595,664,4460,112,696,322,152,03/06/2025,00:00,93,52,2021,6.6,15,16,41.0,Success,8,No,Yes,Sprint-8,1457.3,
D0180,Chris,Platform,2.2,Germany,Nova, PYTHON,-5,604,919,170,319,228,377,2025-03-21,00:00,89,822,727,1.1,29,25,32.4, ,5,No,No,Sprint-5,4016.3,GPL
D0188, ,AI,2.7,USA,Atlas,pyhton,-5,179,4255,61,216,358,422,2025-06-07,25:61,55,4533,1354,2.8,26,7,29.7,Failed,3,No,No,Sprint-6,4793.7,
D0094,Sam,Frontend,4.1,USA,Atlas,,999999,569,623,125,837,262,30,2025-01-28,8PM,7,4172,2372,0.3,2,19,8.2, ,6,No,No,Sprint-5,2712.5,
D0180, ,Frontend,13.9,India,Forge,TypeScript,4210,629,3417,198,643,320,331,2023-09-13,25:61,54,1653,1508,11.1,19,2,13.3, ,4,Yes,Yes,Sprint-11,4707.3,MIT
D0052,Alex,DevOps,8.7,Germany,Atlas,TypeScript,1570,277,1845,107,140,103,324,2025-05-22,8PM,96,1371,2432,11.3,29,14,56.7,Success,6,No,No,Sprint-8,1421.7,MIT
D0301, ,AI,,USA,Forge,Go,-5,292,2147,194,601,392,314,28/07/2023,00:00,17,495,576,13.2,30,10,27.5, ,4,Yes,No,Sprint-1,4581.8,MIT
D0082,Alex,Backend,12.1,Germany,Atlas,TypeScript,-5,326,1704,169,889,54,100,2024-08-19,8PM,55,699,1489,12.9,16,22,14.8, ,10,Yes,No,Sprint-7,4282.6,GPL
D0561, ,DevOps,,USA,Atlas,Rust,-5,499,787,151,927,327,239,01/10/2023,00:00,49,3821,2557,4.3,1,5,33.3,Success,9,Yes,No,Sprint-1,3057.0,GPL
D0673,Alex,Frontend,,Germany,Forge,,999999,282,8,74,542,294,444,27/07/2024,8PM,42,4874,1586,4.4,17,23,20.4,Success,8,No,Yes,Sprint-9,3133.3,Apache-2.0
D0074,Alex,Frontend,,India,Forge,,999999,348,1903,159,714,439,279,15/01/2025,00:00,60,4413,139,9.2,30,26,55.8,FAIL,8,No,No,Sprint-6,803.7,MIT
D0599,Taylor,Frontend,7.1,Germany,Nova,,-5,334,3919,36,921,30,269,2024-06-26,00:00,8,2967,2672,5.1,18,16,47.0,FAIL,7,No,No,Sprint-6,1218.9,Apache-2.0
D0028, ,Frontend,,Germany,Atlas,Java,1337,234,5457,27,430,84,206,10/03/2025,8PM,92,3504,1191,8.1,26,6,8.1,Failed,8,No,Yes,Sprint-1,2506.9,
D0093,Taylor,Platform,4.3,USA,Forge, PYTHON,-5,504,2192,56,314,417,441,2024-11-15,8PM,52,1094,2101,1.0,16,1,68.2,FAIL,5,Yes,No,Sprint-4,992.3,MIT
D0203,Taylor,Frontend,0.3,India,Nova, PYTHON,2501,96,3316,10,499,172,199,2024-07-14,00:00,47,4118,2582,10.0,12,25,63.4,FAIL,9,Yes,Yes,Sprint-3,837.9,Apache-2.0
D0335,Sam,DevOps,14.2,Germany,Atlas,Rust,999999,657,3718,159,690,67,323,2023-10-12,25:61,27,1664,29,12.3,24,14,19.8,Failed,5,Yes,No,Sprint-9,1799.1,Apache-2.0
D0700,Sam,Frontend,,USA,Atlas,TypeScript,999999,241,2026,181,789,481,244,2023-12-25,00:00,67,3754,2161,12.1,5,25,69.5,Success,3,No,Yes,Sprint-12,1250.3,Apache-2.0
D0341,Alex,Frontend,,India,Nova,TypeScript,-5,626,2096,58,517,375,481,2024-08-02,00:00,23,1831,263,11.9,0,25,69.8,Success,3,No,No,Sprint-4,148.0,Apache-2.0
D0429,Sam,Frontend,,Germany,Atlas,Java,3343,195,5534,174,802,477,19,2023-07-10,25:61,52,1051,2967,12.4,13,21,60.1, ,4,Yes,No,Sprint-4,487.8,GPL
D0583,Chris,DevOps,0.2,USA,Nova,Python,999999,294,1140,168,285,270,358,02/11/2024,00:00,5,3150,895,2.5,18,28,61.0,FAIL,9,No,Yes,Sprint-6,3378.6,
D0030,Chris,Platform,13.6,India,Nova,pyhton,-5,201,5747,104,581,141,470,02/08/2023,00:00,95,3051,978,9.0,0,30,61.4,Success,1,Yes,No,Sprint-9,131.0,GPL
D0132,Chris,AI,,Germany,Nova,python,-5,421,3566,12,140,236,98,2023-06-14,00:00,59,2742,2500,5.8,0,14,70.9, ,4,Yes,No,Sprint-1,3964.4,
D0213,Sam,DevOps,,India,Atlas,Python,4545,801,889,41,601,292,192,05/05/2025,8PM,74,1401,670,5.9,17,10,22.3,Failed,9,No,No,Sprint-3,3170.2,MIT
D0607, ,Platform,2.0,Germany,Forge,,73,267,5243,10,163,190,204,2023-09-25,00:00,3,1249,951,12.8,11,2,29.2, ,0,No,No,Sprint-8,3649.2,GPL
D0657,Alex,Backend,13.4,India,Atlas,,-5,363,3066,87,333,263,360,2024-04-27,00:00,75,1507,1819,10.1,19,15,14.7,Success,9,Yes,No,Sprint-4,3194.9,Apache-2.0
D0045,Alex,Platform,,Germany,Nova,Rust,-5,865,3419,149,222,37,275,07/10/2024,8PM,43,4221,1622,11.9,28,7,61.9,Failed,4,No,No,Sprint-12,3863.1,GPL
D0296,Sam,Platform,13.9,Germany,Forge,,3002,383,1447,85,84,71,65,27/02/2023,00:00,9,3244,1030,1.0,10,6,62.6,FAIL,0,No,Yes,Sprint-3,729.9,Apache-2.0
D0339,Alex,Backend,,Germany,Forge,,-5,965,4068,44,542,71,26,21/10/2024,8PM,14,1321,1570,10.0,7,16,7.5,FAIL,8,No,Yes,Sprint-4,4910.1,Apache-2.0
D0060,Taylor,Frontend,13.6,USA,Atlas,pyhton,-5,206,5307,110,395,92,30,07/11/2023,25:61,39,2736,643,0.8,14,7,13.9,Failed,1,Yes,No,Sprint-11,4792.3,GPL
D0352, ,Backend,3.2,Germany,Forge,Rust,999999,964,747,200,822,128,500,09/07/2023,8PM,64,3126,919,3.5,24,17,16.4,FAIL,5,Yes,Yes,Sprint-2,112.8,MIT
D0596,Alex,AI,,India,Atlas,Go,-5,96,3543,33,900,366,282,2024-07-11,25:61,12,3163,1324,10.3,30,27,8.0,Success,9,Yes,No,Sprint-5,1666.4,Apache-2.0
D0441, ,Platform,11.8,USA,Atlas,Rust,999999,48,1147,70,436,429,220,2024-01-22,8PM,30,4639,1067,8.6,22,19,68.5,FAIL,5,Yes,Yes,Sprint-3,2229.9,Apache-2.0
D0011,Taylor,AI,,USA,Nova,pyhton,-5,502,1406,7,824,395,231,25/05/2025,25:61,50,2764,157,4.0,30,8,11.3, ,10,Yes,No,Sprint-12,1820.4,Apache-2.0
D0043,Alex,AI,,Germany,Forge,Rust,-5,509,5683,52,844,139,107,26/01/2025,8PM,49,1804,361,12.6,30,24,33.3,Failed,8,No,Yes,Sprint-3,3370.8,
D0076,Alex,Platform,11.3,India,Atlas,TypeScript,999999,942,5632,148,945,242,475,15/03/2023,25:61,89,2354,1329,3.5,5,24,19.0, ,5,No,Yes,Sprint-7,1070.0,Apache-2.0
D0586,Alex,Frontend,0.8,Germany,Nova,Python,999999,627,5565,140,92,205,205,2024-05-09,00:00,3,2366,183,4.8,11,26,54.1,Failed,3,No,No,Sprint-8,2016.4,MIT
D0539,Chris,Backend,10.0,USA,Nova,Rust,999999,19,1048,192,15,9,237,21/05/2023,25:61,69,2973,971,4.1,19,12,40.0,Failed,6,No,Yes,Sprint-10,609.4,MIT
D0186,Sam,AI,8.0,Germany,Atlas,Go,-5,438,4972,178,851,381,46,29/01/2023,00:00,30,1255,2553,8.0,9,5,1.9,FAIL,9,Yes,No,Sprint-2,2149.0,MIT
D0061,Chris,Backend,,Germany,Nova,Python,3992,7,4733,165,479,96,310,08/02/2024,00:00,23,4445,2864,4.0,10,9,61.1,Success,3,No,No,Sprint-2,490.2,
D0263,Taylor,AI,9.7,USA,Atlas,Java,4312,641,3928,80,830,148,442,17/08/2023,25:61,82,3374,1759,1.5,10,24,47.3,Success,4,No,Yes,Sprint-11,3587.5,
D0415,Sam,AI,,Germany,Nova,pyhton,-5,554,4012,111,681,102,270,02/03/2025,25:61,27,4901,2504,1.9,19,14,8.0,Failed,8,No,No,Sprint-11,3341.3,
D0302,Chris,DevOps,7.6,India,Atlas,Python,999999,528,2863,162,778,386,127,21/03/2024,25:61,38,1017,90,5.1,6,21,9.7,Success,3,Yes,Yes,Sprint-4,2991.5,GPL
D0665, ,DevOps,7.0,India,Forge,pyhton,-5,669,1921,153,780,196,191,2023-11-16,00:00,9,566,2610,5.7,3,20,30.1, ,9,No,No,Sprint-11,3639.1,MIT
D0094, ,Backend,,Germany,Atlas,python,249,520,778,174,665,279,104,10/09/2024,00:00,33,3186,1845,2.5,25,14,31.8,FAIL,5,No,Yes,Sprint-11,2660.1,MIT
D0682,Sam,Platform,,USA,Nova,,999999,895,1905,12,714,60,492,07/05/2024,8PM,70,675,170,1.1,11,4,10.3,Failed,6,Yes,No,Sprint-1,4772.4,MIT
D0234,Chris,Backend,3.3,Germany,Forge,Go,-5,332,2162,71,471,101,456,05/09/2023,8PM,96,3856,2302,9.9,5,2,32.3,FAIL,4,No,Yes,Sprint-10,4379.4,
D0408, ,AI,,Germany,Nova,Go,-5,768,1103,12,22,137,94,13/01/2023,8PM,8,4536,650,6.1,10,24,22.5,Success,2,No,No,Sprint-5,2821.8,Apache-2.0
D0148,Taylor,Platform,4.9,Germany,Forge,Go,-5,538,3107,98,567,492,429,24/07/2023,25:61,98,1307,2404,11.4,21,30,3.3,Success,9,Yes,No,Sprint-8,405.4,GPL
D0528,Sam,DevOps,,India,Atlas,Python,1907,120,1506,152,394,50,490,2023-03-07,00:00,70,651,2251,9.3,21,3,31.4,Success,0,Yes,Yes,Sprint-6,4791.1,MIT
D0184,Alex,AI,12.0,Germany,Atlas,Python,-5,277,2348,40,7,175,76,01/07/2024,25:61,33,2000,950,8.5,9,13,22.0,Success,4,No,Yes,Sprint-9,4510.8,GPL
D0437,Taylor,Frontend,,Germany,Forge,python,514,733,4823,22,638,277,292,2025-03-10,8PM,4,3322,758,9.2,27,4,18.4,Success,1,No,No,Sprint-8,922.1,GPL
D0376, ,Platform,,USA,Atlas,Rust,999999,597,4827,151,573,88,215,28/02/2023,00:00,88,4283,1380,13.7,4,5,50.0, ,2,No,Yes,Sprint-12,2778.0,GPL
D0415,Alex,DevOps,,USA,Nova,Java,-5,324,2957,56,28,123,103,30/12/2023,25:61,6,3474,2520,1.1,9,5,50.9,Success,5,Yes,Yes,Sprint-9,629.1,MIT
D0201,Taylor,Platform,7.8,Germany,Nova,python,-5,173,3121,199,380,441,474,22/04/2023,8PM,85,4115,1842,8.0,1,18,54.5,Failed,5,Yes,No,Sprint-4,1532.2,
D0645, ,DevOps,,India,Forge,pyhton,4539,556,4579,153,449,488,263,2025-01-20,00:00,66,698,1039,0.4,15,20,7.4, ,1,No,No,Sprint-12,3705.7,Apache-2.0
D0097,Taylor,DevOps,,USA,Atlas,Python,-5,738,839,110,978,464,251,25/08/2023,00:00,21,2243,36,1.9,29,21,69.6, ,7,Yes,No,Sprint-6,2200.0,MIT
D0146,Taylor,AI,0.2,India,Forge,Rust,-5,240,4014,149,125,368,249,05/06/2023,25:61,95,3482,2838,3.7,18,20,62.6,FAIL,7,Yes,No,Sprint-1,306.0,MIT
D0654,Alex,DevOps,1.8,India,Atlas,pyhton,999999,877,391,185,326,328,49,01/03/2025,8PM,29,4323,1297,1.1,23,17,13.0,Failed,8,No,Yes,Sprint-10,4775.6,Apache-2.0
D0559,Sam,DevOps,9.0,Germany,Nova,,48,211,3850,160,29,170,305,2023-01-16,25:61,64,1890,982,12.7,6,25,72.0,Failed,9,Yes,No,Sprint-5,4982.5,
D0324, ,AI,0.3,USA,Forge,python,999999,945,1416,53,647,108,233,2023-02-28,25:61,19,4909,1598,3.6,5,30,13.6,Failed,5,No,Yes,Sprint-3,4112.1,GPL
D0667, ,Frontend,11.7,India,Nova,Go,281,73,197,159,731,110,397,17/04/2024,25:61,70,2574,1771,1.7,29,21,21.4,Success,3,Yes,Yes,Sprint-1,117.7,Apache-2.0
D0490,Chris,Platform,3.5,Germany,Forge,Python,999999,900,2506,15,346,75,402,23/04/2023,00:00,97,3907,311,6.5,18,8,63.3,Success,7,Yes,Yes,Sprint-12,3406.4,
D0011,Alex,AI,,India,Atlas,pyhton,4064,796,2949,83,155,495,185,2024-09-19,25:61,81,1572,2298,4.4,9,24,49.2,FAIL,3,Yes,Yes,Sprint-5,4729.9,GPL
D0686,Taylor,Backend,,India,Forge,,999999,221,4875,118,443,154,383,02/02/2023,00:00,56,150,1006,13.8,29,14,34.9,Success,3,Yes,Yes,Sprint-1,4006.1,
D0424,Sam,Frontend,11.3,Germany,Forge,python,999999,474,4818,64,604,103,117,14/02/2025,8PM,41,1088,326,11.5,2,17,18.1,Failed,8,No,Yes,Sprint-4,3501.1,Apache-2.0
D0021,Sam,Platform,,USA,Forge,Java,310,681,3639,131,430,487,43,06/12/2023,25:61,88,136,2148,7.1,17,0,27.9, ,0,Yes,Yes,Sprint-12,4307.3,Apache-2.0
D0534,Chris,AI,,India,Atlas,Python,1627,255,4717,104,842,272,337,2023-02-14,25:61,80,4899,1688,8.8,5,15,28.5,Failed,10,No,Yes,Sprint-11,461.6,
D0668, ,Frontend,10.7,Germany,Forge,TypeScript,999999,886,3751,2,193,449,369,2024-11-30,8PM,30,390,2814,2.8,7,27,52.4,Failed,5,No,Yes,Sprint-1,3187.6,MIT
D0633,Sam,AI,,India,Nova,pyhton,999999,563,2876,23,949,158,112,2024-11-28,00:00,54,2909,666,2.6,9,19,20.1, ,6,Yes,Yes,Sprint-8,1720.1,MIT
D0375,Chris,Frontend,2.3,USA,Nova,Rust,-5,613,3051,198,863,266,207,2023-07-17,00:00,20,2269,2792,3.9,16,30,6.7,FAIL,4,Yes,No,Sprint-4,2561.0,Apache-2.0
D0019, ,Backend,,USA,Atlas,TypeScript,999999,389,662,126,780,293,113,25/09/2023,00:00,60,2262,2219,0.1,11,17,47.4,Failed,10,No,Yes,Sprint-11,4884.2,GPL
D0495, ,Backend,14.8,USA,Nova,python,4864,412,580,78,778,448,269,2024-09-25,8PM,66,112,622,6.6,8,4,11.9,Success,4,Yes,No,Sprint-4,2178.3,
D0673, ,Frontend,13.2,India,Atlas, PYTHON,230,533,2125,119,759,100,412,2025-06-12,8PM,22,1221,1267,7.0,9,3,28.5,FAIL,4,Yes,Yes,Sprint-7,336.6,GPL
D0355, ,AI,8.3,USA,Nova,Java,2191,629,3509,44,757,182,408,14/04/2025,8PM,64,4993,2681,11.8,16,5,31.6,Success,3,Yes,No,Sprint-9,95.5,
D0239, ,Frontend,12.0,USA,Nova,Rust,-5,448,5833,2,724,38,90,21/07/2024,8PM,59,1322,1288,13.5,8,4,48.5, ,8,Yes,No,Sprint-5,300.9,GPL
D0699,Taylor,Frontend,,Germany,Forge, PYTHON,999999,133,5349,60,835,3,430,16/11/2023,25:61,18,3986,2214,11.4,7,4,63.8,Success,1,Yes,Yes,Sprint-12,1471.1,Apache-2.0
D0509,Alex,AI,1.1,Germany,Forge,pyhton,3166,247,2064,55,240,73,105,09/03/2025,00:00,44,4358,631,13.8,5,17,1.6,Success,6,Yes,Yes,Sprint-3,1797.0,GPL
D0317,Taylor,AI,8.5,India,Atlas,Java,999999,704,5304,36,603,439,190,25/03/2023,8PM,22,820,745,3.7,5,28,37.8,Failed,1,No,No,Sprint-1,1954.2,
D0116,Sam,Frontend,6.4,USA,Nova,Rust,436,449,4365,152,944,454,301,2023-08-01,8PM,89,2717,2110,1.9,7,21,22.3,Failed,0,No,No,Sprint-2,836.7,MIT
D0488,Alex,Frontend,4.7,USA,Forge,Go,-5,72,77,185,968,62,320,2023-06-27,25:61,83,1719,2093,12.7,11,25,34.5, ,6,Yes,Yes,Sprint-12,3172.2,Apache-2.0
D0630,Alex,AI,2.4,USA,Nova,pyhton,2111,735,3265,129,680,499,348,2024-11-18,8PM,69,4809,1088,11.3,17,27,61.7,Failed,5,Yes,No,Sprint-4,4695.0,GPL
D0077,Alex,AI,,USA,Nova,Go,3597,27,1000,95,19,122,70,2024-02-24,00:00,41,2607,1771,4.8,7,2,37.5, ,1,No,Yes,Sprint-10,1289.8,GPL
D0354,Alex,AI,4.2,India,Forge,python,-5,804,1336,111,239,375,68,30/09/2023,25:61,65,3883,1709,7.6,26,5,27.6,Success,6,No,No,Sprint-2,1879.8,GPL
D0019,Sam,AI,6.4,Germany,Nova,python,999999,460,4864,123,440,62,58,20/12/2024,25:61,78,3197,402,13.7,30,19,18.4, ,1,Yes,No,Sprint-3,2048.9,
D0030, ,Platform,2.9,USA,Nova,pyhton,999999,412,587,9,481,363,289,2024-06-25,25:61,3,1835,763,5.2,5,6,1.5,FAIL,0,Yes,Yes,Sprint-6,4270.3,GPL
D0315,Sam,Frontend,5.5,USA,Atlas,pyhton,3047,970,170,17,405,270,40,02/11/2024,25:61,29,2012,2021,4.6,27,3,66.7,Failed,1,Yes,Yes,Sprint-1,3491.8,
D0342,Taylor,DevOps,,USA,Forge,TypeScript,979,182,5539,45,83,20,408,07/07/2024,25:61,26,1292,2401,9.4,5,13,23.2,Failed,3,No,No,Sprint-4,4756.5,Apache-2.0
D0421,Sam,Platform,,India,Forge, PYTHON,-5,811,3111,154,836,39,115,06/09/2024,00:00,75,4587,1967,2.7,13,23,11.1,Success,2,No,Yes,Sprint-1,4033.8,
D0572,Alex,Platform,6.3,India,Forge,pyhton,999999,724,3482,140,451,75,96,16/07/2024,25:61,6,2728,2959,1.9,21,10,21.5,FAIL,8,No,Yes,Sprint-12,417.3,MIT
D0247,Sam,Platform,,USA,Nova, PYTHON,-5,498,2027,129,278,305,11,2023-02-26,25:61,87,2719,2264,3.8,26,17,68.3, ,0,No,Yes,Sprint-10,4081.3,
D0110,Alex,Backend,,USA,Forge,,913,512,5183,51,868,323,399,27/11/2024,00:00,43,4945,25,13.7,10,5,67.7,FAIL,9,Yes,Yes,Sprint-2,1240.1,
D0173,Alex,Frontend,,India,Nova,Rust,999999,404,4803,16,754,200,185,10/10/2024,00:00,5,3962,1842,0.0,20,30,56.6,Failed,10,No,No,Sprint-11,1320.4,GPL
D0214,Taylor,AI,,India,Forge,Go,999999,187,4251,197,971,99,52,2025-03-06,25:61,58,754,1158,1.1,10,2,23.2,Success,2,No,No,Sprint-1,487.0,Apache-2.0
D0335,Taylor,Backend,12.8,India,Atlas,TypeScript,999999,805,2835,96,650,339,314,2023-10-01,25:61,94,3093,1012,6.1,18,13,58.3, ,6,Yes,No,Sprint-12,856.4,GPL
D0444,Chris,DevOps,,Germany,Atlas,Python,239,700,2196,3,929,371,239,07/08/2023,25:61,74,1096,1895,9.2,27,17,36.3, ,4,No,No,Sprint-5,4382.1,
D0445,Sam,DevOps,,Germany,Atlas,pyhton,-5,677,821,109,762,426,59,2024-01-15,00:00,10,4595,854,9.5,28,30,49.4, ,3,No,No,Sprint-2,462.4,Apache-2.0
D0310,Chris,AI,11.5,Germany,Nova,Java,999999,48,2016,63,52,286,172,14/12/2024,25:61,36,1929,2191,12.5,2,15,58.9,Success,1,Yes,No,Sprint-4,193.2,MIT
D0271,Sam,DevOps,,USA,Nova,Rust,999999,423,2874,117,317,103,316,2024-05-26,00:00,31,3274,2450,14.0,5,0,26.5, ,2,Yes,Yes,Sprint-3,268.1,
D0383,Alex,AI,,USA,Forge, PYTHON,999999,434,5191,123,162,331,249,2024-03-21,8PM,78,747,667,13.0,3,30,20.8, ,0,Yes,No,Sprint-7,1520.8,Apache-2.0
D0213,Taylor,Backend,4.8,India,Nova,Rust,1440,394,3467,171,181,460,363,31/03/2024,25:61,29,2457,2821,1.3,23,7,3.5, ,4,No,No,Sprint-8,71.6,GPL
D0252,Chris,Backend,11.9,India,Forge,Java,999999,699,4223,179,733,54,382,12/10/2024,25:61,90,675,2098,10.9,6,11,2.9,Success,7,Yes,No,Sprint-1,588.5,
D0344, ,Backend,,USA,Nova,Python,-5,789,2115,78,902,96,110,21/03/2024,00:00,64,1999,2218,8.4,10,21,11.9, ,1,No,Yes,Sprint-5,4354.1,Apache-2.0
D0323, ,Frontend,,Germany,Forge,TypeScript,4315,17,4298,131,605,273,119,06/06/2025,25:61,53,2473,2797,10.2,30,21,29.9,Failed,5,No,No,Sprint-12,1693.8,MIT
D0166,Sam,AI,12.5,India,Nova,Java,4079,799,35,67,237,105,307,12/01/2023,00:00,49,1965,2491,7.2,14,3,35.6, ,10,No,Yes,Sprint-12,119.0,Apache-2.0
D0172,Chris,Backend,2.3,Germany,Nova,Java,-5,337,3633,68,267,39,13,2024-12-27,00:00,75,3879,2089,9.0,11,14,29.5,Failed,4,Yes,Yes,Sprint-5,66.6,GPL
D0278, ,DevOps,13.3,India,Nova,Java,999999,258,5517,191,858,440,445,2025-06-11,00:00,51,1387,1987,5.8,18,19,65.1,Success,9,Yes,No,Sprint-6,3148.8,GPL
D0155, ,AI,4.7,India,Forge, PYTHON,999999,531,1203,64,197,248,262,2025-01-14,00:00,88,4732,1958,0.8,4,24,47.9,Failed,8,Yes,Yes,Sprint-7,2079.8,MIT
D0627,Chris,DevOps,,USA,Nova,pyhton,999999,199,4799,14,447,13,323,2023-04-25,25:61,37,431,2063,4.6,23,9,13.4, ,7,Yes,Yes,Sprint-8,448.8,
D0506, ,Frontend,,Germany,Nova,Python,999999,67,3217,148,664,53,190,18/03/2024,8PM,12,2063,384,2.9,22,16,14.5,Success,9,No,Yes,Sprint-6,1161.6,Apache-2.0
D0673,Sam,AI,2.7,India,Nova,TypeScript,39,825,3639,23,767,248,498,28/06/2023,8PM,51,4880,2966,7.6,15,21,70.3,Failed,6,Yes,Yes,Sprint-3,315.2,
D0514,Chris,AI,,India,Atlas,Go,-5,926,1004,94,383,39,343,2023-11-22,8PM,71,3787,1057,5.1,23,26,56.1,Success,1,No,No,Sprint-1,4286.3,GPL
D0079,Chris,DevOps,5.4,India,Forge,Go,-5,317,1515,159,315,497,203,2023-03-12,00:00,64,1636,1662,2.7,21,3,9.8,Failed,4,Yes,No,Sprint-10,909.9,GPL
D0268,Sam,AI,9.5,USA,Atlas,TypeScript,-5,251,4993,64,386,419,90,2024-02-29,8PM,42,3948,1235,5.4,24,21,1.4,Failed,3,Yes,No,Sprint-3,881.8,
D0431,Alex,AI,6.1,Germany,Forge,Rust,999999,692,2052,38,778,39,202,19/06/2024,00:00,36,-35,2278,5.8,14,30,62.7, ,1,No,No,Sprint-9,550.9,MIT
D0082,Chris,Platform,9.5,USA,Forge,TypeScript,702,2,4962,129,939,418,217,03/01/2025,25:61,86,900,1419,11.7,7,7,69.5,Success,0,Yes,No,Sprint-8,783.5,MIT
D0264,Alex,AI,,USA,Nova,Java,-5,933,5822,37,524,209,206,2024-04-11,25:61,10,519,1143,10.5,0,12,16.0,FAIL,10,No,No,Sprint-1,4534.7,MIT
D0239,Sam,Backend,,Germany,Forge,,4740,668,4850,71,804,152,73,2023-04-10,8PM,53,102,2018,2.0,1,15,41.1,FAIL,8,Yes,Yes,Sprint-11,3156.4,GPL
D0490,Alex,DevOps,,India,Atlas,,-5,83,5042,90,149,490,426,2024-11-27,8PM,23,2437,2721,8.9,2,15,53.4,FAIL,3,No,No,Sprint-2,1046.6,Apache-2.0
D0631,Alex,AI,1.7,USA,Nova,,-5,725,5188,137,734,422,60,2024-09-13,00:00,62,434,2740,12.1,3,4,23.7,Failed,4,Yes,No,Sprint-4,4359.7,Apache-2.0
D0383,Taylor,Platform,,USA,Forge,pyhton,999999,432,4822,153,357,50,207,2025-03-07,8PM,49,3880,796,2.5,1,4,55.6,FAIL,3,No,No,Sprint-6,2410.7,MIT
D0128,Alex,AI,,USA,Atlas, PYTHON,-5,727,4859,114,244,247,337,07/04/2025,00:00,58,4545,2557,11.5,15,30,18.0,Failed,7,Yes,Yes,Sprint-9,1546.6,
D0524, ,Frontend,6.7,USA,Atlas,Rust,999999,435,4555,21,111,262,97,2024-06-08,00:00,96,2399,1171,10.4,6,18,2.4,Success,1,Yes,No,Sprint-5,3430.2,Apache-2.0
D0094,Sam,AI,,India,Nova,,4109,892,4645,157,628,496,411,19/10/2023,25:61,24,3576,945,6.4,9,2,24.4,Failed,0,No,Yes,Sprint-5,1006.9,GPL
D0072,Taylor,Frontend,,USA,Nova,python,4716,641,5050,150,679,428,49,2023-02-11,25:61,69,3143,2746,7.6,1,16,27.0,Failed,4,No,No,Sprint-2,3717.5,MIT
D0126,Taylor,DevOps,6.8,USA,Forge,Go,2912,681,1480,177,341,283,390,2024-04-20,00:00,94,4397,1986,10.8,16,16,25.1,Success,3,Yes,Yes,Sprint-2,2334.2,GPL
D0547,Alex,Frontend,8.0,Germany,Nova,TypeScript,4681,468,3751,8,814,21,189,2023-10-01,25:61,42,2763,1303,8.1,10,19,0.8,Success,3,Yes,No,Sprint-12,3659.6,Apache-2.0
D0354,Sam,Platform,,USA,Atlas,Python,265,878,291,174,960,364,137,2024-09-25,8PM,83,337,1318,3.8,6,29,28.1, ,7,No,Yes,Sprint-7,3966.3,MIT
D0476,Alex,DevOps,6.2,USA,Forge,Rust,999999,795,1887,87,1000,219,488,2024-05-09,25:61,26,1010,1531,2.1,4,18,53.0,Success,9,Yes,No,Sprint-4,2716.4,Apache-2.0
D0652,Chris,Frontend,,India,Atlas,Rust,999999,973,4977,118,892,385,25,23/11/2024,8PM,71,1080,463,7.3,7,28,29.5,Success,2,Yes,Yes,Sprint-10,2422.5,GPL
D0339, ,Platform,,USA,Nova,python,999999,452,1407,154,111,172,7,2023-05-08,25:61,75,1562,1045,12.0,10,23,24.6, ,0,Yes,No,Sprint-7,4306.6,MIT
D0450,Sam,Backend,11.0,USA,Atlas, PYTHON,-5,619,3770,83,316,387,388,2024-03-07,00:00,13,4184,2184,2.9,27,10,54.8,FAIL,8,No,Yes,Sprint-7,1185.0,MIT
D0197, ,Frontend,10.2,India,Forge,Rust,999999,601,921,148,322,465,92,2023-04-14,25:61,73,4710,709,4.0,25,24,36.2,Success,10,No,No,Sprint-4,3447.4,Apache-2.0
D0619,Taylor,DevOps,11.9,India,Nova,Python,4665,844,3566,110,671,148,332,26/12/2023,8PM,22,23,101,13.3,5,19,67.2, ,3,No,Yes,Sprint-11,545.2,
D0624,Chris,Frontend,3.7,USA,Nova,TypeScript,2842,355,3885,100,976,121,310,09/05/2023,00:00,61,1810,1374,0.4,7,16,31.4, ,8,No,Yes,Sprint-3,2368.0,
D0364, ,Platform,8.0,Germany,Forge, PYTHON,-5,81,2957,15,466,380,348,26/09/2024,8PM,54,243,214,3.3,26,27,1.2,FAIL,7,No,No,Sprint-7,3632.0,
D0031,Taylor,AI,1.5,India,Atlas,pyhton,4351,89,3259,41,464,131,29,24/11/2023,00:00,53,4565,1619,5.9,30,18,38.7,Failed,2,Yes,Yes,Sprint-8,4425.4,GPL
D0147,Chris,Platform,,Germany,Atlas, PYTHON,999999,946,3258,90,233,456,498,2023-03-08,25:61,81,1835,2222,0.1,0,11,46.3, ,5,No,Yes,Sprint-5,4956.6,MIT
D0005,Sam,Platform,,Germany,Atlas,Python,4265,701,4748,13,569,92,219,2024-05-11,8PM,37,3206,2746,11.7,10,10,61.1,Failed,5,No,Yes,Sprint-6,165.0,
D0388,Sam,DevOps,,USA,Nova,Java,-5,568,56,186,340,91,3,13/06/2023,25:61,44,1512,985,0.9,27,24,22.7,Failed,10,No,No,Sprint-2,4193.7,Apache-2.0
D0044, ,AI,,USA,Forge,Rust,3834,287,594,149,200,388,281,2024-02-03,8PM,87,-26,370,2.2,15,9,64.7,Failed,8,No,Yes,Sprint-4,4497.6,Apache-2.0
D0412,Sam,Platform,,Germany,Atlas, PYTHON,-5,481,3798,43,72,161,189,2025-05-13,00:00,79,3953,2970,0.1,17,11,17.2,Failed,5,Yes,Yes,Sprint-11,3850.7,GPL
D0495,Taylor,AI,,Germany,Forge,pyhton,2499,182,1923,120,213,281,345,2024-05-30,8PM,46,3931,1670,4.4,29,2,56.7,FAIL,2,Yes,No,Sprint-12,2293.2,GPL
D0686,Taylor,Frontend,3.9,India,Atlas,Java,-5,910,5271,19,939,247,234,2024-10-29,00:00,8,354,2608,12.7,15,7,43.5,FAIL,2,Yes,Yes,Sprint-12,2180.4,MIT
D0626, ,Platform,11.8,Germany,Nova, PYTHON,791,115,630,13,235,112,124,16/11/2023,25:61,38,550,2086,13.0,29,20,69.7,Success,7,No,Yes,Sprint-4,4109.5,MIT
D0600,Alex,Frontend,,USA,Nova,,329,748,3112,105,364,120,365,2024-12-23,8PM,1,4943,369,3.5,1,9,27.9,Success,10,No,Yes,Sprint-3,3195.5,Apache-2.0
D0630,Taylor,DevOps,,India,Forge,,-5,596,3416,81,284,155,8,2023-10-25,8PM,80,4479,1871,7.9,0,11,36.2,Success,9,Yes,Yes,Sprint-2,2472.9,GPL
D0309,Taylor,DevOps,,Germany,Nova,Python,999999,820,4063,25,216,465,111,2023-06-01,25:61,86,4786,2933,10.1,27,1,69.1,FAIL,7,Yes,Yes,Sprint-7,2171.1,Apache-2.0
D0260,Sam,Platform,,India,Forge,TypeScript,999999,689,4741,81,342,391,454,2024-04-05,00:00,18,976,300,1.4,16,2,71.4,Failed,7,No,Yes,Sprint-11,1454.2,
D0417,Sam,DevOps,,India,Forge,Rust,999999,375,5641,57,944,327,151,2024-08-14,8PM,23,2416,674,13.6,6,21,23.1,Failed,10,Yes,No,Sprint-3,4825.7,Apache-2.0
D0004, ,Platform,0.3,USA,Nova,Java,999999,315,2184,83,449,132,309,2023-08-12,8PM,19,1135,1519,7.3,7,25,16.8,FAIL,0,Yes,Yes,Sprint-7,1344.2,GPL
D0102,Sam,DevOps,3.3,India,Atlas,,999999,667,3724,75,473,141,415,2024-03-21,00:00,44,3725,1573,7.0,16,18,3.6,FAIL,9,No,Yes,Sprint-1,1810.2,
D0452,Alex,Platform,0.7,USA,Forge,Java,-5,738,742,174,47,45,87,18/08/2023,25:61,58,946,1297,4.6,16,30,34.8,Success,4,Yes,No,Sprint-7,4482.8,GPL
D0532,Sam,DevOps,,India,Nova,Java,4726,413,1042,153,669,292,246,2025-02-18,25:61,49,296,2196,4.0,6,24,8.3,FAIL,1,No,No,Sprint-8,4272.0,MIT
D0634,Sam,Frontend,9.1,India,Atlas,Java,-5,302,2374,5,854,188,228,2024-03-29,8PM,41,2810,1458,6.3,7,19,11.7,FAIL,9,No,Yes,Sprint-11,1559.7,
D0583, ,AI,2.3,Germany,Nova, PYTHON,1089,159,2490,41,977,218,122,2023-07-24,8PM,26,2788,216,5.1,22,1,26.1,FAIL,9,No,No,Sprint-2,2268.6,MIT
D0077,Sam,Backend,3.5,India,Nova,python,999999,267,620,49,782,34,166,19/05/2024,00:00,94,754,2290,12.7,14,21,34.2,FAIL,0,No,No,Sprint-12,3787.8,GPL
D0380,Sam,Frontend,,India,Nova,Python,999999,564,2861,54,206,77,469,2023-01-26,25:61,35,3465,594,13.7,29,21,69.9,Success,3,Yes,Yes,Sprint-9,2545.4,
D0372,Alex,DevOps,10.7,Germany,Forge,python,999999,96,4137,179,581,500,387,12/10/2024,00:00,96,3444,1552,6.3,2,14,26.0,FAIL,8,Yes,Yes,Sprint-8,1269.5,
D0403,Sam,Platform,4.8,India,Forge,python,999999,42,3807,6,292,2,166,08/06/2024,25:61,95,1473,1844,1.5,26,21,9.4,FAIL,7,No,No,Sprint-12,757.4,Apache-2.0
D0637, ,Frontend,,USA,Forge,python,943,692,5821,43,691,70,426,2024-10-24,00:00,3,1166,528,0.6,29,19,50.8,FAIL,1,No,Yes,Sprint-5,1787.2,Apache-2.0
D0661,Sam,Platform,,USA,Nova,pyhton,-5,129,2084,64,512,423,347,2025-05-19,8PM,14,525,357,2.5,24,18,67.0, ,8,Yes,No,Sprint-1,2769.6,Apache-2.0
D0212,Chris,DevOps,,USA,Atlas,Rust,-5,321,4275,152,55,450,101,2023-06-24,00:00,84,2298,2880,1.8,15,22,0.0,FAIL,2,Yes,No,Sprint-12,4468.0,
D0502,Taylor,Frontend,,India,Atlas,TypeScript,999999,670,1033,16,394,421,11,2023-04-04,8PM,71,1911,1330,0.6,2,20,2.9,FAIL,9,No,No,Sprint-5,1857.1,
D0555, ,DevOps,6.9,India,Atlas,python,-5,598,4850,122,755,21,11,2024-04-01,25:61,68,2584,2160,6.8,10,12,20.1,Success,3,Yes,No,Sprint-9,2933.5,Apache-2.0
D0488,Alex,Frontend,,India,Atlas,pyhton,-5,815,4059,0,118,288,233,2023-06-28,8PM,43,2582,2732,7.9,10,10,57.4,Failed,10,Yes,Yes,Sprint-10,711.5,Apache-2.0
D0570,Chris,Backend,,India,Atlas,Python,219,381,2512,51,895,246,244,20/01/2025,25:61,75,935,2369,9.1,23,2,59.9,Failed,1,Yes,Yes,Sprint-4,273.4,MIT
D0347,Taylor,AI,10.7,India,Nova,Python,-5,49,4144,192,190,443,220,07/04/2023,25:61,22,43,1326,1.0,8,4,61.9,Success,2,Yes,No,Sprint-3,661.3,
D0588,Sam,Backend,,USA,Forge,Go,-5,657,1372,180,241,170,75,10/09/2023,25:61,15,1829,493,12.3,14,6,18.8, ,6,No,No,Sprint-6,2748.9,
D0592,Alex,Frontend,,USA,Forge,pyhton,999999,537,648,120,148,349,51,2025-02-10,00:00,57,4196,2762,4.8,13,15,8.8,Success,7,Yes,No,Sprint-12,2283.1,
D0247,Chris,Backend,12.9,USA,Forge,,-5,756,2329,118,928,312,398,12/06/2025,25:61,68,4348,163,13.2,9,10,37.6,Failed,4,No,Yes,Sprint-1,3100.3,GPL
D0184,Sam,AI,1.6,Germany,Atlas, PYTHON,3193,550,1130,117,59,245,263,2023-11-03,8PM,89,115,355,0.5,30,24,27.3, ,5,Yes,No,Sprint-12,1061.6,MIT
D0360, ,AI,,Germany,Atlas,,-5,362,4146,75,505,194,248,27/05/2023,8PM,30,2934,1029,12.8,1,12,40.1,Failed,2,Yes,Yes,Sprint-11,2624.6,MIT
D0017,Sam,Frontend,3.3,USA,Forge, PYTHON,-5,576,983,166,6,194,239,2023-07-09,8PM,57,3101,2910,6.5,3,18,53.1,FAIL,6,No,No,Sprint-7,825.8,MIT
D0612, ,Frontend,8.7,Germany,Forge,pyhton,-5,932,3018,167,891,471,372,25/10/2023,00:00,96,529,1844,6.8,9,13,27.9, ,7,Yes,Yes,Sprint-2,159.1,
D0139,Sam,Platform,,India,Nova,Go,-5,970,4236,185,60,447,397,14/05/2025,8PM,13,2868,2392,8.7,19,25,44.8,FAIL,1,No,No,Sprint-7,629.1,MIT
D0696,Taylor,AI,,Germany,Atlas,,528,908,5251,32,518,152,434,2025-02-23,8PM,16,1475,2545,9.2,7,27,7.7,FAIL,6,Yes,Yes,Sprint-1,668.3,MIT
D0679,Taylor,Backend,,USA,Atlas,Go,4929,405,3978,97,250,490,381,2023-11-01,25:61,2,2234,1384,6.8,15,21,11.5,FAIL,0,Yes,Yes,Sprint-2,2392.4,MIT
D0200,Sam,AI,,USA,Atlas,Go,-5,171,1261,57,374,67,456,2023-07-07,8PM,24,4479,2746,4.7,24,23,10.9,FAIL,2,No,No,Sprint-12,2908.0,GPL
D0218,Taylor,Platform,4.2,India,Forge,Java,4761,672,5701,95,604,384,460,17/12/2023,25:61,52,3129,1282,2.1,10,23,56.6,Failed,3,Yes,No,Sprint-4,1327.3,Apache-2.0
D0326,Chris,Frontend,,USA,Forge,Go,1231,222,2292,90,827,240,452,2024-04-12,25:61,78,412,627,6.2,28,11,17.1, ,7,No,Yes,Sprint-11,1025.9,
D0391,Sam,AI,,USA,Atlas,pyhton,999999,955,2416,75,565,333,72,03/02/2025,00:00,68,3884,544,4.0,8,30,57.9,Failed,3,No,No,Sprint-6,3937.2,GPL
D0030, ,Backend,5.0,India,Forge,python,3265,129,5799,116,374,409,69,18/02/2025,8PM,57,3608,2101,8.9,22,5,39.3,Success,6,Yes,No,Sprint-2,553.0,MIT
D0526,Sam,AI,7.7,Germany,Nova,,999999,375,1013,199,413,71,377,10/11/2023,8PM,70,3901,920,12.5,30,12,4.4,Success,10,No,No,Sprint-8,379.7,
D0344,Chris,Backend,,India,Atlas,TypeScript,999999,926,4218,96,682,3,260,2024-03-07,25:61,32,2640,1149,4.2,20,2,40.5,Failed,8,Yes,No,Sprint-6,3211.8,
D0423, ,Backend,13.4,Germany,Atlas,Go,999999,248,3687,179,387,289,465,03/04/2025,8PM,42,3978,2625,3.9,7,29,68.6, ,0,No,No,Sprint-12,3103.7,MIT
D0463,Chris,AI,12.3,USA,Nova,Rust,999999,779,5586,100,382,448,177,2023-08-28,00:00,33,1948,2532,5.8,29,10,4.9,Success,1,Yes,Yes,Sprint-11,632.8,
D0538,Alex,Platform,12.5,USA,Atlas,Rust,-5,644,1940,141,2,180,41,05/05/2024,00:00,12,1620,1729,13.3,21,5,22.8,FAIL,8,Yes,Yes,Sprint-1,2322.6,
D0660, ,Frontend,,India,Nova, PYTHON,-5,472,2122,76,53,436,307,2024-08-09,25:61,35,1018,456,9.4,26,10,23.6,FAIL,3,Yes,Yes,Sprint-4,3103.4,Apache-2.0
D0494,Chris,DevOps,9.4,USA,Nova,python,999999,152,2213,139,921,44,392,2024-10-09,00:00,57,2980,1849,6.5,13,26,18.6,Success,4,No,No,Sprint-3,2357.9,GPL
D0538,Alex,DevOps,,India,Atlas, PYTHON,999999,162,1292,56,44,26,196,2025-05-31,25:61,26,4521,1471,0.8,4,25,17.9, ,4,No,Yes,Sprint-11,1137.9,Apache-2.0
D0572,Alex,DevOps,,India,Atlas,TypeScript,999999,973,4216,75,894,43,283,01/04/2024,8PM,24,3314,1368,1.9,6,16,7.2,Failed,7,Yes,No,Sprint-5,3199.6,MIT
D0242,Chris,Platform,,India,Nova,,999999,379,2206,148,935,122,379,19/03/2024,00:00,73,1853,2159,3.2,26,28,71.3, ,0,Yes,Yes,Sprint-8,4250.1,
D0639,Sam,DevOps,3.9,Germany,Nova,Go,357,756,2648,181,510,52,208,2025-04-23,00:00,99,1304,1371,12.0,27,12,43.5,Failed,4,No,Yes,Sprint-1,2072.6,GPL
D0650,Sam,AI,,USA,Atlas,pyhton,-5,15,1548,116,812,287,458,2025-04-18,25:61,73,1664,2827,9.3,9,10,64.6,Failed,7,Yes,Yes,Sprint-10,2027.4,MIT
D0651, ,AI,3.1,India,Nova,,1804,665,4937,172,810,291,459,23/09/2024,8PM,19,1377,2181,6.5,13,1,55.7,Success,3,No,Yes,Sprint-10,1478.3,GPL
D0476,Alex,Backend,,Germany,Forge,Java,-5,852,552,171,597,106,490,31/10/2023,8PM,100,1080,1687,3.0,0,5,46.9,Failed,6,Yes,Yes,Sprint-8,4935.9,MIT
D0017,Alex,Platform,,India,Atlas,,1233,247,5043,23,47,363,227,13/03/2025,25:61,79,3093,548,0.9,4,3,40.3, ,5,No,No,Sprint-6,3088.0,
D0075,Taylor,Backend,,Germany,Nova,python,999999,87,3266,126,199,480,449,2024-02-27,25:61,61,1505,1954,4.3,22,18,3.2,Success,0,Yes,Yes,Sprint-11,3957.1,
D0404,Sam,Frontend,,India,Forge, PYTHON,3496,833,3049,82,942,48,436,2024-10-01,25:61,22,2427,287,11.0,12,23,41.5,Success,10,No,Yes,Sprint-12,263.1,Apache-2.0
D0659,Chris,DevOps,,India,Nova,TypeScript,2280,359,5885,107,750,195,60,02/09/2024,25:61,87,2241,1245,6.9,21,27,69.2,FAIL,5,No,Yes,Sprint-9,181.0,
D0039,Sam,Platform,,India,Forge,Java,-5,375,5708,0,60,53,430,2024-01-23,8PM,13,14,1151,3.4,14,14,39.4, ,3,Yes,Yes,Sprint-12,4955.4,Apache-2.0
D0520,Chris,Platform,6.0,USA,Forge,pyhton,999999,9,1179,54,211,84,195,2025-03-09,00:00,81,2043,729,5.0,16,26,16.7,Success,10,No,No,Sprint-9,2617.0,MIT
D0314,Sam,Backend,,India,Forge,python,999999,596,4445,103,928,418,179,11/12/2023,8PM,3,3664,2339,9.9,13,16,59.6,Success,2,Yes,Yes,Sprint-9,125.1,Apache-2.0
D0496,Alex,AI,10.6,USA,Forge,TypeScript,999999,166,3924,125,486,14,14,2023-01-02,00:00,59,2712,2604,5.3,26,6,31.8, ,3,No,No,Sprint-6,1144.7,Apache-2.0
D0386,Chris,AI,9.4,India,Atlas,Java,1403,484,3961,182,245,158,473,2023-02-05,25:61,43,3399,2789,0.5,19,3,19.6,Success,10,Yes,Yes,Sprint-9,4362.8,
D0390,Chris,Backend,6.3,USA,Nova,Java,999999,248,4290,107,314,260,209,2023-04-23,25:61,96,2968,2897,13.1,25,7,36.5,FAIL,5,Yes,No,Sprint-11,3101.2,Apache-2.0
D0193, ,Backend,12.7,USA,Forge,Go,999999,833,5687,140,715,317,395,01/09/2024,8PM,47,890,648,12.3,15,5,25.3,FAIL,9,Yes,No,Sprint-12,4676.8,
D0037, ,AI,9.7,India,Forge, PYTHON,3438,545,1437,40,854,437,252,22/07/2023,25:61,70,1726,298,0.0,20,2,5.1,FAIL,1,Yes,No,Sprint-9,3680.5,MIT
D0687,Taylor,Backend,1.6,India,Atlas,python,2201,528,3128,0,864,121,148,11/07/2023,8PM,37,2183,310,2.6,30,27,46.5,FAIL,3,Yes,Yes,Sprint-11,2055.9,Apache-2.0
D0569,Chris,DevOps,,Germany,Nova,Rust,328,316,1494,58,223,44,279,2024-07-23,25:61,48,3478,2,7.9,30,30,69.1,Failed,9,Yes,No,Sprint-4,3099.8,Apache-2.0
D0001,Sam,Backend,12.5,Germany,Forge,pyhton,999999,411,1147,77,148,146,482,10/06/2024,8PM,41,3651,2710,11.5,10,7,52.9, ,6,Yes,Yes,Sprint-5,558.2,
D0532,Chris,AI,7.2,India,Atlas,Go,3716,253,3973,28,782,112,378,2023-12-10,8PM,97,4773,1526,2.1,26,15,28.6,Success,10,Yes,No,Sprint-7,2339.1,Apache-2.0
D0450,Sam,Frontend,,USA,Atlas,pyhton,738,500,5819,20,178,332,361,2023-11-13,25:61,96,3184,1960,11.1,6,24,64.6,Success,9,No,Yes,Sprint-4,2783.3,GPL
D0058, ,Frontend,,Germany,Nova,Python,-5,758,1687,136,631,38,230,2024-07-31,00:00,37,4428,1613,13.6,20,28,61.7,Failed,6,Yes,Yes,Sprint-6,2131.6,MIT
D0661, ,Platform,8.9,USA,Forge,python,-5,626,0,161,564,239,167,27/08/2023,8PM,69,4987,980,12.2,11,26,41.8, ,9,Yes,Yes,Sprint-4,3388.6,GPL
D0577,Alex,Backend,,USA,Atlas,Java,-5,487,56,40,155,205,405,2023-12-16,25:61,58,2236,2048,1.2,14,3,25.6, ,4,No,Yes,Sprint-1,671.3,GPL
D0312,Taylor,Platform,,USA,Forge, PYTHON,894,366,4802,196,693,21,20,2024-01-03,00:00,39,1705,188,13.6,6,15,55.3, ,6,No,Yes,Sprint-3,3893.8,Apache-2.0
D0687, ,Platform,13.2,India,Forge, PYTHON,999999,63,3833,2,663,322,215,15/06/2024,00:00,90,1887,727,7.1,30,17,1.8,Failed,4,No,Yes,Sprint-7,351.9,
D0556, ,Frontend,,India,Nova,Go,-5,370,3457,60,13,70,216,19/08/2023,8PM,100,3405,1282,8.4,28,5,63.6,FAIL,9,Yes,Yes,Sprint-12,1667.6,MIT
D0121,Sam,Platform,7.0,USA,Nova,Python,1827,246,4336,196,223,274,113,2023-11-01,25:61,80,2471,1191,1.9,18,8,50.1,Success,0,No,No,Sprint-8,204.6,MIT
D0560, ,Backend,1.9,India,Nova,Go,-5,125,1461,84,6,438,248,2023-09-14,25:61,82,4729,2295,11.8,30,19,41.2, ,0,Yes,Yes,Sprint-6,1536.3,
D0372,Alex,AI,,USA,Atlas,Python,-5,855,3160,112,467,449,192,2023-01-26,8PM,99,3117,937,2.2,18,2,52.0,FAIL,9,No,No,Sprint-9,4520.3,
D0208,Sam,Backend,,India,Atlas,Rust,-5,402,4146,180,337,138,13,2025-01-07,8PM,8,4567,2528,9.8,29,10,32.5,Success,5,Yes,Yes,Sprint-11,4082.4,GPL
D0637,Sam,Backend,,India,Forge,TypeScript,1919,565,3349,111,857,492,184,22/05/2023,00:00,53,1089,1582,11.3,15,28,6.4,Failed,3,No,No,Sprint-10,3992.5,
D0033,Taylor,Backend,11.7,Germany,Atlas,python,999999,842,3330,55,461,239,81,2023-05-23,8PM,34,4452,1641,9.2,6,11,23.4,FAIL,5,No,No,Sprint-1,2493.7,GPL
D0318,Alex,Platform,,Germany,Atlas,pyhton,-5,901,5278,57,964,259,44,01/05/2023,00:00,87,2253,727,9.9,13,15,25.0,Failed,6,No,Yes,Sprint-11,4943.5,GPL
D0383,Alex,Frontend,14.3,USA,Forge,,3702,190,3279,173,56,349,414,02/06/2024,8PM,35,1219,962,6.0,11,3,21.2,FAIL,8,No,No,Sprint-3,2765.0,
D0539, ,Frontend,,USA,Nova,pyhton,747,986,2679,36,312,194,39,17/02/2023,8PM,33,2897,2817,2.5,24,19,66.5,FAIL,2,Yes,Yes,Sprint-6,698.7,MIT
D0156,Sam,AI,,USA,Forge,Rust,999999,607,2490,184,193,405,193,2023-06-06,8PM,29,245,2065,14.0,10,28,62.5,Failed,9,Yes,Yes,Sprint-7,4271.6,MIT
D0636,Sam,DevOps,12.2,India,Nova,,-5,475,542,19,478,13,303,2024-11-12,00:00,65,2210,2332,9.5,12,9,59.5, ,6,Yes,No,Sprint-12,3022.2,
D0264,Chris,AI,,Germany,Atlas,python,999999,245,3824,135,58,415,180,2023-06-07,8PM,65,977,1709,13.3,13,12,48.9,FAIL,5,Yes,No,Sprint-7,2261.6,MIT
D0481, ,DevOps,10.8,India,Atlas,TypeScript,-5,279,3693,85,530,190,247,25/12/2023,25:61,47,1797,305,10.2,26,26,30.6,Success,6,No,No,Sprint-4,3836.4,MIT
D0425,Taylor,Platform,6.4,USA,Nova, PYTHON,999999,899,2155,46,655,320,370,2023-01-03,8PM,81,2605,607,10.6,23,4,25.2,Success,3,Yes,Yes,Sprint-3,4955.3,GPL
D0506,Alex,DevOps,2.7,USA,Nova, PYTHON,-5,700,3732,112,13,436,299,02/02/2024,8PM,30,217,1296,6.8,12,2,21.2, ,5,No,Yes,Sprint-4,4616.5,Apache-2.0
D0240,Alex,AI,,USA,Forge,Go,1977,35,5710,154,238,404,208,2023-05-29,8PM,69,830,2789,7.6,6,17,5.5,FAIL,8,Yes,Yes,Sprint-5,708.8,
D0340, ,Backend,,Germany,Forge,Java,8,1000,4972,20,786,365,158,2024-12-22,00:00,84,2337,1914,12.6,22,14,6.8, ,2,Yes,Yes,Sprint-5,978.6,MIT
D0493, ,Backend,0.1,India,Nova,Go,1080,202,1845,160,151,370,180,2024-09-24,00:00,32,3786,1354,2.2,0,16,67.3, ,5,Yes,Yes,Sprint-8,459.2,Apache-2.0
D0286,Sam,AI,,USA,Nova,python,-5,572,1110,141,733,267,445,27/04/2024,00:00,81,4244,2336,3.3,2,19,64.5,FAIL,6,Yes,No,Sprint-12,4247.3,MIT
D0608, ,AI,4.1,Germany,Atlas,,-5,10,911,84,236,362,265,08/12/2023,25:61,87,2354,1142,5.9,15,17,19.9,Success,0,No,Yes,Sprint-2,296.6,GPL
D0476,Sam,Platform,,Germany,Atlas,Go,4215,151,3994,191,934,320,180,2024-08-31,25:61,46,1160,1346,11.2,15,11,30.5,FAIL,3,No,Yes,Sprint-9,2608.2,Apache-2.0
D0053,Chris,Backend,,USA,Atlas,Rust,-5,855,4762,81,308,378,198,21/02/2025,8PM,98,4813,1274,13.6,11,30,49.7, ,2,No,No,Sprint-4,3468.8,Apache-2.0
D0304,Alex,Frontend,0.9,India,Atlas,pyhton,2681,919,1884,152,533,406,284,03/06/2025,00:00,90,3278,1733,2.6,16,27,19.8, ,1,No,Yes,Sprint-2,2551.3,GPL
D0476, ,DevOps,,USA,Nova,Python,1795,333,996,99,717,305,375,10/07/2024,8PM,20,1001,454,13.3,27,19,50.2, ,8,Yes,Yes,Sprint-11,928.9,Apache-2.0
D0501,Sam,Frontend,,Germany,Nova,Go,4020,299,1689,121,362,29,167,2025-03-22,8PM,51,2943,2110,9.2,13,12,22.4,Success,2,No,Yes,Sprint-7,2357.1,
D0421,Chris,Platform,4.6,Germany,Forge,Rust,999999,696,653,34,367,50,282,2024-03-12,25:61,60,1963,808,10.5,15,0,32.5,FAIL,1,No,Yes,Sprint-7,2248.9,GPL
D0260,Chris,DevOps,,Germany,Nova,pyhton,999999,437,1445,153,372,129,344,2024-12-06,00:00,32,751,1499,6.8,9,8,9.6,Failed,10,Yes,Yes,Sprint-7,4590.6,
D0524,Sam,AI,,USA,Atlas,Python,2477,482,4715,0,911,101,340,07/12/2024,00:00,28,-35,1389,7.9,0,20,29.4,FAIL,3,Yes,No,Sprint-9,416.9,Apache-2.0
D0249,Chris,Platform,1.6,USA,Forge,Rust,-5,630,2463,127,223,194,285,2023-05-03,25:61,51,4262,2656,10.5,11,17,13.4, ,9,Yes,Yes,Sprint-5,1893.8,GPL
D0132,Sam,Platform,,India,Atlas,pyhton,999999,708,2547,69,889,3,0,21/05/2025,00:00,79,332,2403,3.1,6,10,33.9,Success,5,Yes,No,Sprint-9,188.1,Apache-2.0
D0492,Alex,Backend,11.5,USA,Nova,pyhton,999999,871,1462,188,979,251,420,2025-01-13,25:61,56,4878,2779,5.7,24,16,67.9, ,9,No,Yes,Sprint-2,297.3,Apache-2.0
D0268, ,DevOps,,Germany,Forge,,-5,339,3612,179,397,139,487,2023-11-30,8PM,62,61,868,9.7,11,1,15.1,FAIL,8,Yes,Yes,Sprint-4,3391.9,
D0563,Sam,Backend,,USA,Atlas,TypeScript,999999,258,2797,68,869,487,460,18/11/2023,00:00,70,3366,523,13.1,30,0,14.3,FAIL,1,No,No,Sprint-10,2476.2,Apache-2.0
D0262,Taylor,Platform,,India,Forge, PYTHON,4272,36,4583,80,982,153,69,12/12/2023,25:61,39,3492,2739,6.1,5,6,16.1,FAIL,3,Yes,Yes,Sprint-7,3323.1,
D0457,Sam,Frontend,,Germany,Forge,pyhton,1745,557,3762,91,441,46,307,08/09/2023,00:00,41,2920,441,7.2,26,9,52.6, ,5,Yes,No,Sprint-12,3483.9,MIT
D0304,Taylor,Platform,,USA,Forge,pyhton,163,21,1722,93,357,106,450,2024-02-15,25:61,40,2163,1673,11.4,22,10,14.2,FAIL,3,Yes,No,Sprint-10,2770.0,MIT
D0699,Alex,DevOps,5.1,USA,Forge,Go,618,352,3629,26,787,93,352,11/06/2025,25:61,41,514,2354,3.2,11,1,8.0,Success,10,No,No,Sprint-9,1250.5,GPL
D0022, ,Backend,,India,Forge,Java,-5,284,5646,132,844,271,416,03/05/2025,25:61,70,828,2142,6.3,8,1,45.1,FAIL,0,Yes,No,Sprint-1,4821.3,GPL
D0228,Chris,Backend,6.2,Germany,Atlas,Rust,-5,286,146,81,215,138,320,08/07/2024,00:00,27,4920,1458,5.6,2,11,46.9,FAIL,7,Yes,No,Sprint-7,4663.8,Apache-2.0
D0435,Chris,Backend,,India,Forge,python,-5,9,3329,69,691,104,115,03/03/2025,00:00,92,961,2934,8.9,2,21,41.2,Success,2,No,No,Sprint-7,731.4,GPL
D0096,Alex,Frontend,14.9,Germany,Nova, PYTHON,-5,616,3796,126,685,445,496,2025-02-25,25:61,78,132,1494,7.1,4,11,39.9, ,5,Yes,Yes,Sprint-6,2706.3,Apache-2.0
D0654, ,Frontend,,USA,Nova,Rust,-5,312,1559,149,876,55,247,2025-02-14,25:61,19,1298,2600,1.4,12,15,52.8,FAIL,5,No,Yes,Sprint-1,3320.5,GPL
D0350, ,Frontend,0.8,India,Atlas,,3956,154,5258,23,996,422,24,27/01/2024,25:61,93,413,2980,3.5,29,19,13.7, ,9,Yes,No,Sprint-9,4353.0,GPL
D0442,Sam,Platform,14.1,Germany,Forge,python,999999,480,3808,167,570,90,203,25/05/2023,00:00,7,3262,241,3.4,21,29,68.3,Failed,4,Yes,Yes,Sprint-9,2516.4,GPL
D0257,Sam,Frontend,,India,Atlas, PYTHON,999999,890,2895,24,272,490,158,2023-09-30,25:61,75,62,1536,12.3,21,24,21.8,Failed,9,Yes,Yes,Sprint-1,2340.7,Apache-2.0
D0250,Sam,Frontend,,Germany,Forge,Python,999999,389,4787,60,769,63,94,10/02/2025,25:61,7,3829,176,4.5,24,29,69.3,FAIL,8,No,No,Sprint-12,4583.8,
D0163,Taylor,AI,,Germany,Nova,pyhton,3057,978,5666,83,627,246,296,15/04/2023,00:00,80,327,2705,5.2,11,28,13.9,FAIL,9,Yes,No,Sprint-4,4317.1,
D0463,Sam,Platform,10.7,Germany,Forge,,999999,179,2600,156,892,82,49,22/12/2024,8PM,4,4873,2178,7.7,7,22,40.3,FAIL,0,Yes,Yes,Sprint-4,3493.8,Apache-2.0
D0474,Chris,Platform,5.6,India,Atlas,Java,-5,472,4862,157,465,432,118,29/07/2023,8PM,16,3672,380,9.3,5,25,66.3, ,5,No,No,Sprint-3,4501.4,Apache-2.0
D0224,Taylor,Backend,,Germany,Forge,python,999999,887,2010,146,644,73,184,09/01/2023,8PM,2,890,1350,10.5,11,16,37.2,Failed,6,Yes,No,Sprint-11,4159.6,MIT
D0469,Sam,Frontend,,Germany,Nova, PYTHON,999999,523,2746,43,95,12,409,2023-09-29,00:00,10,42,2539,11.7,25,6,10.7,Success,10,No,No,Sprint-3,388.2,MIT
D0474,Chris,Platform,,USA,Atlas,Rust,4074,266,2415,91,906,10,149,24/04/2025,00:00,65,3062,1770,8.0,29,23,9.2,Success,6,No,Yes,Sprint-1,62.8,MIT
D0095,Sam,Backend,,Germany,Nova,Java,2170,824,4627,134,558,403,219,20/02/2025,25:61,52,1837,2256,13.0,7,21,5.3,FAIL,9,No,Yes,Sprint-10,491.9,GPL
D0455,Taylor,Platform,12.4,India,Nova,TypeScript,-5,326,5934,166,464,196,442,02/10/2024,8PM,41,4245,1290,5.0,14,19,27.4,Success,6,No,No,Sprint-3,4940.6,
D0280,Taylor,Platform,9.6,USA,Forge,pyhton,999999,451,1053,29,516,467,185,2023-06-17,00:00,19,4501,591,6.3,30,16,35.8,Failed,0,No,No,Sprint-7,4720.4,
D0427,Sam,Frontend,14.0,USA,Forge,,583,779,4728,73,368,423,288,10/08/2024,25:61,74,1035,270,0.2,22,10,45.1,Failed,0,Yes,Yes,Sprint-3,3280.0,
D0199,Sam,AI,11.9,Germany,Atlas,TypeScript,999999,531,1046,6,57,128,41,05/06/2025,00:00,85,2428,931,11.0,12,18,0.0,Success,4,Yes,Yes,Sprint-8,3179.1,Apache-2.0
D0575,Taylor,AI,,USA,Atlas,Java,1372,537,2374,160,888,80,123,30/07/2023,25:61,42,892,2862,7.1,19,5,6.2,Failed,10,No,No,Sprint-5,526.9,Apache-2.0
D0096, ,Backend,8.3,Germany,Atlas,Java,2135,926,4907,191,415,55,145,04/09/2023,00:00,6,3590,2384,11.3,6,12,31.6,Success,5,No,No,Sprint-3,4066.7,MIT
D0495, ,DevOps,2.3,Germany,Atlas,Java,999999,0,5179,95,475,224,407,2025-05-16,00:00,23,2621,1644,1.9,24,14,15.9,Failed,0,No,No,Sprint-6,3196.9,GPL
D0653,Sam,Frontend,9.7,India,Forge,,2277,543,2355,133,152,185,48,2024-06-25,25:61,54,1388,1335,13.0,30,12,32.9,Success,0,Yes,Yes,Sprint-4,3020.6,
D0522, ,Backend,3.7,USA,Nova,python,999999,978,1352,31,177,270,221,23/01/2024,8PM,41,4470,2317,11.6,17,24,50.1, ,0,No,Yes,Sprint-8,4985.4,MIT
D0319,Alex,Platform,12.6,USA,Atlas, PYTHON,-5,276,3249,198,848,320,483,23/03/2024,8PM,85,974,2815,11.4,9,8,2.1,Failed,3,Yes,Yes,Sprint-10,19.6,
D0335, ,Platform,2.9,India,Forge,,999999,672,3407,163,334,130,252,23/03/2023,8PM,9,3392,1629,9.5,9,20,35.6, ,3,Yes,No,Sprint-3,2300.7,GPL
D0445,Alex,Platform,2.4,USA,Atlas,Python,-5,643,1660,71,496,362,108,2025-01-19,8PM,87,2256,2438,9.6,24,22,12.8,Success,10,No,No,Sprint-3,4496.3,MIT
D0228,Sam,AI,,India,Atlas,Rust,-5,58,941,164,76,52,19,22/12/2024,00:00,99,4729,2801,3.5,10,27,30.4,Failed,5,Yes,No,Sprint-8,4130.9,MIT
D0534,Taylor,AI,,India,Nova,,-5,646,1022,7,729,20,197,2024-02-12,8PM,37,4825,382,2.3,23,30,7.0,FAIL,9,Yes,No,Sprint-11,3482.3,
D0072, ,Platform,,Germany,Forge,,999999,415,1251,100,43,196,140,2025-01-10,00:00,29,195,86,2.5,25,5,25.4,Failed,2,Yes,Yes,Sprint-10,3498.5,Apache-2.0
D0255,Alex,Platform,,USA,Forge,Python,999999,496,321,162,347,299,355,14/10/2024,8PM,17,2647,2816,5.2,23,25,68.4, ,3,No,Yes,Sprint-1,1520.7,
D0081,Sam,Frontend,,India,Nova,pyhton,3840,560,5133,35,627,319,497,17/11/2023,8PM,46,2796,2293,4.1,28,19,38.0,Success,5,No,No,Sprint-1,138.2,GPL
D0331,Sam,DevOps,,Germany,Nova,python,889,974,5832,127,427,251,493,25/10/2024,8PM,23,4532,685,0.6,1,12,32.2, ,10,No,Yes,Sprint-11,3640.7,MIT
D0697,Taylor,DevOps,3.5,USA,Atlas,Java,999999,242,3899,161,750,474,316,2023-10-06,8PM,74,1960,2236,6.9,2,18,26.1,FAIL,9,No,No,Sprint-6,1516.8,MIT
D0245,Sam,AI,9.2,USA,Atlas,Python,999999,572,3093,35,729,202,254,31/10/2023,00:00,96,472,23,1.6,7,13,34.7,Success,3,Yes,No,Sprint-3,80.1,
D0224,Taylor,DevOps,,India,Forge,TypeScript,999999,522,2440,73,479,334,325,03/06/2025,8PM,8,3142,658,3.0,10,23,0.6,FAIL,10,Yes,No,Sprint-5,136.5,GPL
D0067,Taylor,DevOps,10.7,USA,Nova,Java,-5,191,3121,103,743,423,306,20/12/2024,00:00,79,4392,2978,10.9,2,8,31.2,FAIL,10,No,Yes,Sprint-8,1319.7,Apache-2.0
D0255,Alex,Frontend,11.8,USA,Atlas,Java,-5,371,5333,87,363,148,149,19/01/2025,25:61,68,2341,365,1.0,26,30,0.6, ,3,No,No,Sprint-10,4165.1,GPL
D0129,Chris,DevOps,,USA,Forge, PYTHON,-5,713,2882,68,313,481,492,2024-06-08,8PM,15,2991,843,12.0,4,14,63.7, ,8,No,Yes,Sprint-5,3568.6,Apache-2.0
D0130,Taylor,Frontend,,Germany,Atlas,Java,2781,92,3000,6,912,410,263,18/11/2023,00:00,50,1036,1944,0.4,17,11,71.6,FAIL,0,No,No,Sprint-2,2437.0,GPL
D0211, ,Backend,,Germany,Nova,TypeScript,-5,350,4051,150,86,345,420,03/05/2025,00:00,64,389,495,13.9,0,3,3.0,FAIL,0,Yes,No,Sprint-4,2045.2,MIT
D0010,Taylor,Platform,,India,Atlas,Java,-5,713,5920,64,894,55,442,06/02/2024,25:61,11,1916,1075,8.7,21,7,12.6,Failed,6,Yes,Yes,Sprint-11,4823.9,GPL
D0273,Chris,AI,,USA,Nova, PYTHON,999999,839,1708,138,726,280,83,22/09/2024,25:61,20,4264,498,0.9,27,4,5.9,Failed,5,Yes,Yes,Sprint-2,1172.4,MIT
D0625,Sam,Backend,,Germany,Nova,TypeScript,-5,945,3978,143,510,157,449,2023-12-23,00:00,37,4172,294,2.8,21,12,29.8,Success,8,No,Yes,Sprint-7,3142.5,
D0193,Sam,Platform,3.8,USA,Nova,Python,3708,724,1800,19,271,416,26,2023-12-21,8PM,72,449,811,2.2,17,3,23.2,FAIL,0,Yes,No,Sprint-5,778.7,MIT
D0513,Sam,Frontend,,Germany,Forge,Go,-5,200,1982,84,811,313,122,2023-05-26,25:61,50,1066,181,0.2,15,16,9.0,Failed,4,No,No,Sprint-8,767.7,MIT
D0510,Chris,Backend,0.8,USA,Nova,Go,4449,163,272,90,388,343,91,2024-11-07,25:61,47,617,1469,10.3,8,9,43.3,Success,4,No,No,Sprint-7,4123.1,
D0131,Chris,Platform,12.3,Germany,Atlas,,3145,846,3972,17,566,464,358,2024-03-22,8PM,55,4906,2162,3.1,7,16,51.6, ,6,Yes,No,Sprint-7,4071.8,GPL
D0652,Alex,Backend,,USA,Atlas,Python,-5,841,4493,152,793,164,406,2025-05-27,8PM,79,3552,2026,7.9,12,9,26.7,Failed,9,Yes,Yes,Sprint-8,1090.1,
D0011,Taylor,Platform,,Germany,Nova, PYTHON,999999,478,789,69,97,223,233,11/07/2023,25:61,59,1443,1535,6.6,11,4,63.3, ,1,No,No,Sprint-4,4790.0,MIT
D0555, ,AI,,Germany,Forge,,-5,819,5056,25,615,27,265,2024-01-12,00:00,81,670,1857,6.6,22,10,0.6, ,10,No,Yes,Sprint-4,2800.5,
D0497,Chris,Backend,13.6,Germany,Forge, PYTHON,-5,53,5628,139,60,167,160,03/12/2023,25:61,87,3729,2164,8.9,25,14,44.3,FAIL,10,Yes,Yes,Sprint-8,4166.4,GPL
D0453, ,DevOps,8.4,USA,Forge, PYTHON,999999,711,2547,162,917,136,500,2024-09-20,8PM,66,1904,359,7.3,3,24,49.2, ,6,Yes,No,Sprint-4,4661.3,
D0358,Taylor,Frontend,,India,Nova,,2093,914,21,29,621,113,60,2025-05-20,25:61,76,1149,2180,3.3,4,27,51.8,FAIL,10,Yes,Yes,Sprint-7,48.0,
D0270,Alex,DevOps,,Germany,Nova,,-5,194,5660,22,587,315,290,2025-01-31,25:61,27,1524,914,3.1,26,28,45.4, ,6,No,Yes,Sprint-4,1826.8,GPL
D0295,Alex,Frontend,,USA,Forge,Java,999999,539,2774,50,588,401,167,21/04/2024,25:61,22,2693,412,0.1,30,1,9.6,FAIL,0,No,No,Sprint-8,1997.6,GPL
D0661,Taylor,DevOps,,USA,Nova,Java,2459,952,1528,123,589,12,81,2023-09-28,8PM,87,2960,352,9.0,26,11,36.2,FAIL,0,No,Yes,Sprint-6,2996.6,
D0597,Chris,Platform,10.5,USA,Forge,,2955,329,3918,86,726,145,385,2023-10-19,25:61,3,4411,1991,10.4,14,13,23.0,FAIL,10,Yes,No,Sprint-6,752.4,
D0194,Alex,DevOps,,Germany,Atlas,,999999,898,2534,165,229,395,477,2023-07-06,25:61,65,348,1285,13.8,27,28,17.8,Success,6,No,No,Sprint-4,4899.3,MIT
D0695,Alex,Platform,13.3,India,Nova,TypeScript,-5,205,3276,190,97,457,380,17/12/2024,8PM,5,2340,1042,6.8,30,16,70.5,Success,1,No,Yes,Sprint-3,211.6,Apache-2.0
D0046,Alex,Backend,4.3,Germany,Forge,pyhton,2785,6,1013,144,775,161,209,2024-09-26,25:61,36,1762,2553,8.2,8,26,20.7,Success,1,Yes,No,Sprint-11,360.3,
D0673,Taylor,DevOps,,USA,Nova,Python,999999,458,2467,148,44,90,244,2025-02-23,25:61,51,4951,171,9.0,28,27,9.6,FAIL,10,No,Yes,Sprint-7,4866.3,
D0383,Sam,Backend,,Germany,Nova, PYTHON,3891,769,3943,189,768,360,409,2024-11-18,25:61,81,2125,1065,0.7,1,5,13.0,Failed,4,No,Yes,Sprint-8,2752.4,GPL
D0575,Taylor,Backend,14.1,India,Atlas,Java,4524,102,5831,74,436,75,387,2023-10-12,00:00,78,690,441,0.2,28,24,70.6, ,1,Yes,No,Sprint-8,1136.4,MIT
D0284,Sam,Platform,5.1,USA,Nova,Rust,999999,172,2144,146,989,104,386,15/05/2024,25:61,42,3493,22,4.3,7,11,55.7,FAIL,0,Yes,Yes,Sprint-2,191.1,
D0125,Chris,Platform,9.5,India,Atlas,Go,-5,802,2934,57,712,383,86,2024-11-27,25:61,70,3764,462,3.8,25,3,8.5,Failed,3,Yes,Yes,Sprint-12,2604.4,MIT
D0083, ,DevOps,,India,Forge,Python,2516,650,2729,129,914,338,445,01/12/2023,00:00,53,277,1229,9.0,11,25,0.3,FAIL,6,Yes,Yes,Sprint-9,363.4,Apache-2.0
D0402,Sam,Platform,,USA,Atlas,Go,-5,416,1503,89,70,247,448,2024-04-03,00:00,46,3376,2832,9.1,26,8,40.1,Success,8,Yes,No,Sprint-2,1871.5,GPL
D0426, ,Backend,,USA,Nova,,999999,28,4643,156,245,495,353,21/04/2025,25:61,86,3759,973,10.0,14,30,31.6, ,5,Yes,Yes,Sprint-9,490.1,GPL
D0391, ,DevOps,,USA,Nova,pyhton,-5,838,994,197,505,132,331,24/01/2023,25:61,59,1854,709,3.1,7,14,10.5, ,4,No,Yes,Sprint-9,55.9,
D0486, ,Platform,,India,Forge, PYTHON,999999,767,3207,145,867,16,284,2023-06-27,25:61,55,3380,1588,10.6,21,12,5.4, ,3,No,No,Sprint-11,2994.7,
D0393,Taylor,AI,4.4,Germany,Atlas,Python,4950,563,2329,117,779,335,8,2025-02-11,8PM,5,1231,2486,1.2,8,0,0.2,Success,9,No,No,Sprint-5,3517.9,
D0650,Chris,Frontend,,India,Forge,Rust,999999,188,4452,108,574,401,434,02/07/2024,8PM,99,1182,264,8.8,18,30,9.1,Success,8,No,No,Sprint-4,1598.4,
D0236,Chris,Platform,,India,Forge,,999999,440,5409,99,161,404,427,24/06/2023,25:61,52,1115,24,10.0,25,11,57.2,FAIL,8,No,Yes,Sprint-2,3319.7,GPL
D0699,Sam,Backend,12.2,USA,Forge,Java,-5,215,3330,19,564,144,395,07/12/2024,8PM,1,1205,1025,3.2,1,23,14.0,FAIL,6,Yes,No,Sprint-1,814.6,Apache-2.0
D0421,Taylor,DevOps,3.8,USA,Atlas,,999999,203,4308,134,45,405,147,28/01/2023,8PM,33,3618,418,3.8,0,5,28.6, ,5,No,Yes,Sprint-9,125.7,GPL
D0367,Sam,Backend,,USA,Nova,,-5,240,5621,63,857,300,190,27/06/2024,8PM,2,1924,817,10.1,27,24,69.7,FAIL,3,No,No,Sprint-7,3620.6,Apache-2.0
D0357,Alex,Backend,,Germany,Nova, PYTHON,999999,744,4613,121,194,37,133,02/06/2023,25:61,10,1911,1183,1.8,20,13,37.3,Success,5,No,Yes,Sprint-8,3180.6,GPL
D0540,Sam,Backend,,India,Forge,python,999999,160,5764,36,240,80,291,2023-05-02,00:00,78,333,846,3.0,17,6,13.1,FAIL,7,Yes,No,Sprint-8,519.8,GPL
D0114, ,Backend,,India,Forge,Python,-5,870,1861,36,424,0,28,2024-04-05,25:61,29,2796,1033,7.2,24,15,29.5,Failed,8,Yes,Yes,Sprint-9,2079.6,
D0599, ,Backend,13.0,USA,Forge,Python,-5,170,2323,48,861,496,344,2023-05-05,00:00,98,341,2418,7.0,2,25,44.0, ,9,Yes,Yes,Sprint-11,3072.6,
D0295,Sam,AI,,India,Atlas,pyhton,999999,569,133,119,806,402,256,2023-08-12,00:00,96,3517,2757,4.9,21,2,24.0, ,8,No,No,Sprint-10,3459.4,GPL
D0572,Alex,Frontend,13.0,USA,Atlas,python,-5,264,5296,115,582,199,399,2023-09-29,8PM,64,3955,185,10.1,21,27,53.8,Failed,3,No,Yes,Sprint-6,4351.5,
D0184, ,AI,4.8,India,Nova,,999999,12,5690,170,383,145,25,2024-02-16,8PM,35,-16,1780,4.4,26,7,34.4,Failed,3,Yes,No,Sprint-12,4317.4,Apache-2.0
D0371,Sam,Backend,3.7,USA,Atlas,TypeScript,-5,728,689,78,65,371,244,20/07/2024,00:00,39,4162,1904,7.4,5,19,28.6,Failed,2,No,No,Sprint-6,1601.9,Apache-2.0
D0113,Alex,Backend,1.7,Germany,Atlas,Go,-5,833,5394,156,139,92,223,2023-06-11,8PM,92,847,1364,6.1,26,14,49.7,Failed,0,Yes,Yes,Sprint-2,4905.4,Apache-2.0
D0520,Chris,AI,,USA,Forge,pyhton,-5,339,2319,108,290,335,174,12/06/2025,8PM,52,2481,408,11.2,24,17,44.9,FAIL,9,No,Yes,Sprint-5,2026.7,MIT
D0245,Chris,Backend,,Germany,Forge,pyhton,999999,709,428,155,249,101,377,17/09/2023,8PM,1,2908,2118,0.9,1,17,10.8,Failed,7,Yes,Yes,Sprint-2,4408.9,
D0329,Alex,AI,8.1,Germany,Forge,Python,-5,104,2339,28,335,35,99,2023-05-18,8PM,93,2515,297,9.6,16,9,48.2,Success,7,No,Yes,Sprint-3,959.5,
D0532,Sam,Backend,,Germany,Nova,,999999,900,478,181,380,411,411,2025-03-26,25:61,79,274,1225,12.7,29,7,11.8, ,7,No,Yes,Sprint-8,4672.1,MIT
D0206,Chris,AI,11.3,Germany,Forge,Rust,-5,187,5295,117,213,418,370,19/04/2024,00:00,18,2928,1914,10.1,3,29,56.3,Failed,9,Yes,No,Sprint-9,1684.4,MIT
D0479,Taylor,Frontend,1.9,USA,Atlas,python,-5,824,1465,53,333,90,127,14/03/2024,8PM,73,3078,574,13.4,11,27,36.4, ,0,Yes,Yes,Sprint-9,1547.2,GPL
D0652,Taylor,DevOps,12.1,USA,Forge,,244,48,1304,93,847,496,170,17/12/2023,8PM,25,3444,1108,2.2,11,24,28.5,FAIL,10,Yes,Yes,Sprint-4,3045.6,MIT
D0388,Taylor,Backend,4.5,USA,Atlas,TypeScript,-5,852,5288,145,90,158,196,2023-02-15,00:00,96,2393,480,2.4,24,18,60.2,FAIL,9,Yes,No,Sprint-10,2893.5,GPL
D0441,Chris,Platform,,Germany,Nova,,-5,249,5943,52,907,18,351,2024-07-14,00:00,85,3389,905,11.4,30,28,71.9,Failed,9,No,No,Sprint-1,2237.7,
D0535, ,Backend,6.5,USA,Nova,Python,-5,231,1972,14,181,79,189,21/11/2024,25:61,76,4479,1817,10.7,21,9,45.8,Failed,10,Yes,Yes,Sprint-9,4387.7,GPL
D0473,Sam,Backend,,USA,Nova, PYTHON,999999,592,2627,120,917,66,320,2024-03-04,8PM,50,1900,1076,5.1,22,8,57.6, ,6,Yes,Yes,Sprint-7,4540.7,MIT
D0073, ,Backend,,India,Atlas,pyhton,4509,246,2318,4,449,289,277,2023-01-30,8PM,19,1260,1473,6.6,29,22,35.1, ,0,Yes,No,Sprint-7,3399.9,Apache-2.0
D0039,Alex,DevOps,3.4,Germany,Forge,,-5,203,1335,118,165,456,230,2023-03-09,8PM,31,143,751,2.8,0,19,61.7, ,7,No,Yes,Sprint-6,4750.6,Apache-2.0
D0556,Chris,Frontend,,Germany,Atlas,Python,374,619,421,42,588,139,40,2024-01-15,25:61,16,1875,2179,10.7,14,0,1.3,Success,5,Yes,No,Sprint-12,3894.1,GPL
D0647,Alex,AI,5.4,USA,Forge,Python,4821,402,3783,147,275,451,480,2024-10-30,8PM,53,1938,1771,9.9,11,30,10.5,FAIL,6,Yes,Yes,Sprint-4,890.3,Apache-2.0
D0700,Taylor,Frontend,,Germany,Forge,Rust,-5,57,3504,109,966,176,233,2023-03-23,25:61,50,3368,1720,8.8,24,22,66.4,Success,0,Yes,No,Sprint-6,1458.8,Apache-2.0
D0595,Taylor,Backend,0.4,USA,Forge,Go,2133,275,4638,13,704,215,327,02/05/2024,00:00,29,559,243,13.6,3,9,56.8,Success,10,No,Yes,Sprint-2,2244.3,Apache-2.0
D0611,Taylor,Platform,,USA,Nova,Java,3398,142,492,190,387,347,129,30/05/2025,8PM,9,4175,2349,3.9,25,25,13.3,FAIL,5,No,No,Sprint-5,4788.2,Apache-2.0
D0469, ,Frontend,,USA,Nova,Python,-5,169,5572,38,160,45,104,2024-02-21,8PM,15,4633,1618,6.7,25,3,64.8, ,0,Yes,No,Sprint-5,4260.5,
D0014,Alex,Frontend,,India,Atlas,Python,-5,263,5220,65,954,210,86,2024-09-17,00:00,23,1526,1457,4.6,9,12,0.5,Success,4,No,Yes,Sprint-2,3348.7,
D0265,Taylor,AI,13.5,Germany,Forge, PYTHON,-5,597,2426,107,171,354,62,2024-04-04,00:00,14,4886,1553,9.4,18,21,9.3,Success,6,No,No,Sprint-12,2056.9,Apache-2.0
D0606,Alex,AI,0.4,USA,Nova,Java,999999,624,5603,110,426,378,202,01/02/2024,25:61,21,925,1544,0.1,2,5,8.5,Success,10,Yes,No,Sprint-6,2683.1,Apache-2.0
D0018, ,Platform,,Germany,Forge,Rust,999999,176,3361,112,688,369,274,10/11/2023,8PM,88,4142,966,11.0,10,18,40.5, ,8,Yes,No,Sprint-3,1980.4,MIT
D0142,Chris,Backend,,India,Nova,python,999999,482,1209,97,306,460,15,2023-02-15,00:00,50,3079,154,10.7,8,28,8.1,FAIL,3,Yes,Yes,Sprint-1,1728.0,MIT
D0172,Chris,AI,7.3,India,Forge,pyhton,2982,965,1556,61,173,443,180,2025-06-01,00:00,2,2540,2079,5.4,16,21,19.2, ,8,Yes,No,Sprint-9,2552.0,MIT
D0632,Sam,Frontend,,USA,Nova,,999999,367,4149,169,58,496,94,2024-06-17,25:61,29,4116,2016,0.3,25,20,12.1,Success,8,Yes,Yes,Sprint-4,4754.1,MIT
D0364,Sam,Frontend,,India,Nova,,529,215,2315,106,826,303,324,08/12/2024,00:00,52,2229,2884,5.9,11,15,32.7,Failed,2,Yes,Yes,Sprint-5,1724.9,MIT
D0511, ,DevOps,3.2,Germany,Atlas,,-5,672,962,1,587,378,98,2024-01-31,00:00,87,2080,1920,1.8,11,23,52.9, ,10,Yes,Yes,Sprint-12,2240.9,
D0576, ,Backend,7.0,Germany,Forge,,1687,237,3552,5,946,247,477,2023-08-29,25:61,35,2678,2385,4.1,27,13,5.4,Failed,9,No,Yes,Sprint-4,1890.5,GPL
D0289,Chris,AI,10.0,USA,Nova,Python,4891,167,3072,48,606,50,304,02/02/2024,00:00,88,357,1212,9.0,29,8,37.5, ,9,No,Yes,Sprint-9,3374.5,GPL
D0202,Alex,DevOps,,Germany,Nova,TypeScript,999999,938,3168,42,73,415,254,2025-05-06,8PM,84,2285,2999,0.7,10,23,1.3,FAIL,1,No,No,Sprint-10,434.1,Apache-2.0
D0402, ,DevOps,,Germany,Forge,,3224,855,917,82,922,426,351,06/03/2025,8PM,6,4941,1081,4.2,12,6,29.8,Failed,10,Yes,Yes,Sprint-9,4195.1,GPL
D0475,Taylor,DevOps,2.3,Germany,Forge,,891,150,1838,9,898,47,109,2024-02-10,00:00,93,1387,2,11.8,27,25,32.8, ,4,No,Yes,Sprint-10,3524.8,
D0604, ,AI,11.2,USA,Nova,,999999,315,3238,85,384,279,482,31/10/2023,8PM,18,1154,1013,4.3,2,19,20.8,Failed,2,Yes,Yes,Sprint-11,456.6,Apache-2.0
D0245,Alex,Frontend,,India,Forge,Java,1792,117,1506,47,210,396,230,25/04/2023,8PM,92,1442,1050,5.4,15,24,59.7,Failed,3,No,No,Sprint-8,1740.0,GPL
D0464,Sam,AI,,USA,Nova,python,999999,790,4111,139,959,148,274,2023-11-28,25:61,21,4197,2333,11.6,11,13,62.2,Success,10,Yes,Yes,Sprint-1,4350.8,MIT
D0050,Sam,AI,1.7,USA,Forge,Go,3893,916,2481,18,657,148,148,2024-06-24,8PM,99,3157,19,2.4,11,11,21.3,Failed,3,Yes,Yes,Sprint-9,2004.8,MIT
D0545,Chris,DevOps,7.9,Germany,Forge,Go,-5,200,4354,35,731,108,359,2025-03-05,25:61,21,3976,2474,11.6,29,29,13.4,FAIL,9,Yes,No,Sprint-5,791.4,
D0493,Sam,Backend,3.7,India,Atlas, PYTHON,999999,179,5903,177,642,474,364,2024-07-27,00:00,92,476,807,8.7,2,3,66.0,Failed,9,No,No,Sprint-7,345.8,
D0638, ,Frontend,11.9,India,Nova,Rust,999999,365,4921,3,777,423,165,27/05/2023,25:61,81,1460,2082,12.3,16,22,16.9,Success,3,No,Yes,Sprint-1,2829.7,GPL
D0446,Taylor,DevOps,0.2,India,Atlas,Python,-5,550,4626,114,393,222,164,2023-06-14,8PM,99,2267,642,8.7,23,10,44.3,Success,3,Yes,No,Sprint-1,283.3,Apache-2.0
D0537, ,DevOps,,India,Forge,Java,999999,857,1695,16,272,82,181,2025-06-03,25:61,53,4371,93,6.5,2,8,65.8,FAIL,4,Yes,No,Sprint-11,1541.9,Apache-2.0
D0154,Taylor,AI,8.2,India,Nova,python,-5,575,5847,86,978,292,121,2024-04-05,8PM,75,1506,1630,10.6,7,28,67.8,Success,7,No,No,Sprint-5,117.4,
D0366,Taylor,Backend,,India,Atlas,python,999999,55,5180,190,33,157,264,24/11/2024,00:00,44,4641,646,11.5,27,18,32.1,Success,8,Yes,Yes,Sprint-3,2584.8,
D0177, ,DevOps,,USA,Forge,Python,1703,134,3803,21,514,416,176,2023-06-25,8PM,54,2786,1619,4.4,18,3,67.1,Success,2,Yes,No,Sprint-12,4929.3,Apache-2.0
D0637,Taylor,Frontend,,Germany,Forge,TypeScript,-5,677,5420,94,235,227,111,05/01/2024,25:61,46,544,722,1.1,13,21,38.4,FAIL,7,Yes,No,Sprint-8,740.7,MIT
D0380,Sam,Frontend,6.1,India,Forge,Java,-5,554,5294,154,162,131,75,2023-01-06,00:00,4,1831,878,13.0,0,14,11.6,FAIL,3,Yes,No,Sprint-6,2687.7,GPL
D0605,Sam,DevOps,4.5,India,Nova,,3808,561,50,106,564,329,165,2025-03-12,00:00,16,3653,2630,7.3,28,3,23.9,Success,8,Yes,No,Sprint-4,3657.0,MIT
D0273,Taylor,DevOps,,India,Atlas,,-5,79,4498,12,157,383,142,2024-08-06,25:61,68,855,2332,9.0,24,26,17.4,Failed,3,Yes,Yes,Sprint-9,3846.4,
D0051, ,Frontend,2.8,Germany,Atlas,pyhton,999999,95,1877,24,276,47,35,2025-05-21,00:00,2,3964,345,11.3,16,21,58.5,Failed,10,No,No,Sprint-8,1028.7,GPL
D0152,Taylor,Backend,2.4,India,Atlas,Python,999999,165,3357,200,982,358,479,2024-09-02,00:00,60,157,756,7.7,9,4,48.3,Success,5,No,Yes,Sprint-4,1995.3,
D0549,Sam,Backend,,Germany,Nova, PYTHON,999999,991,3154,87,755,103,354,29/09/2024,8PM,39,1225,2753,1.9,9,30,58.7,Success,0,No,Yes,Sprint-4,3801.3,
D0100,Taylor,Platform,8.2,USA,Nova,Java,-5,518,1445,12,781,405,67,13/04/2025,8PM,61,3943,3000,9.7,8,1,67.4,Success,2,No,No,Sprint-1,1167.7,MIT
D0397, ,Platform,13.5,India,Nova,Java,999999,339,391,5,997,447,285,19/10/2024,00:00,45,575,2716,9.9,10,26,24.3, ,9,Yes,No,Sprint-11,1582.0,MIT
D0589,Chris,Frontend,3.4,Germany,Nova,pyhton,2168,998,275,12,7,17,56,2023-11-22,8PM,5,2964,1842,10.8,13,6,43.6,Failed,5,Yes,Yes,Sprint-11,4571.9,GPL
D0252,Sam,DevOps,4.6,USA,Nova, PYTHON,-5,236,2430,88,199,221,84,2023-07-10,00:00,6,2359,27,5.2,14,27,20.3,Success,3,Yes,Yes,Sprint-10,688.8,GPL
D0344,Alex,Backend,,Germany,Forge,pyhton,999999,18,1838,149,500,61,270,2023-10-22,8PM,54,4407,471,13.6,3,11,67.5, ,3,Yes,Yes,Sprint-7,1211.7,Apache-2.0
D0252, ,Platform,5.0,India,Forge,Java,1526,68,551,79,54,70,464,2023-06-30,8PM,66,1852,1635,0.3,26,17,27.7,Failed,10,Yes,No,Sprint-8,773.4,Apache-2.0
D0474,Alex,Frontend,,Germany,Atlas,pyhton,-5,170,5516,141,892,32,248,03/04/2024,8PM,69,3329,2302,12.3,2,7,5.3,FAIL,5,Yes,No,Sprint-10,1004.3,
D0268, ,AI,,USA,Atlas,pyhton,3239,57,4326,83,895,258,441,11/12/2024,00:00,76,4261,2956,11.7,23,1,7.8,FAIL,8,No,No,Sprint-4,2794.5,
D0497, ,Platform,,USA,Forge,,-5,925,3096,86,217,236,250,28/04/2023,8PM,40,2732,1336,8.9,29,30,55.0,Success,0,Yes,No,Sprint-11,1781.6,GPL
D0224, ,AI,13.1,India,Atlas,python,999999,991,1006,45,368,149,290,2023-01-08,25:61,22,3829,1145,4.0,5,9,50.1,Failed,3,No,No,Sprint-8,4093.2,Apache-2.0
D0302, ,Frontend,10.7,USA,Nova,,4305,416,5096,84,779,31,31,18/02/2025,00:00,18,3056,846,0.2,2,28,48.4,Failed,8,Yes,No,Sprint-2,1905.2,Apache-2.0
D0023,Chris,Platform,,USA,Atlas,pyhton,999999,57,3510,83,561,404,282,2024-08-10,25:61,47,1237,2928,2.1,20,10,68.3, ,6,No,No,Sprint-7,3648.4,GPL
D0115,Sam,DevOps,11.1,Germany,Atlas,Python,2272,144,1042,2,301,462,381,20/04/2023,00:00,38,1708,1795,12.0,26,17,56.6, ,4,Yes,Yes,Sprint-8,1851.3,MIT
D0038,Chris,Platform,7.2,India,Forge, PYTHON,-5,659,2569,198,569,322,225,2024-01-15,25:61,86,295,1918,6.2,26,21,17.5,Success,0,Yes,No,Sprint-2,4642.0,
D0612,Taylor,DevOps,,Germany,Atlas,Go,1281,624,251,3,397,347,467,03/02/2025,25:61,93,2795,1916,12.4,10,6,51.1,Success,1,No,Yes,Sprint-11,3482.3,
D0485,Sam,Backend,,USA,Atlas,Python,-5,957,2351,159,142,476,374,2025-05-29,8PM,22,1468,551,10.9,11,11,51.0,FAIL,3,No,Yes,Sprint-1,1632.4,Apache-2.0
D0528,Sam,AI,,Germany,Forge,Python,999999,275,3861,158,398,374,415,26/05/2025,25:61,50,-37,1497,5.0,8,25,38.1, ,9,No,No,Sprint-2,4447.2,
D0111,Taylor,Frontend,,Germany,Forge,pyhton,1842,345,3802,136,761,394,241,08/01/2025,25:61,41,2305,83,0.6,25,30,40.5,FAIL,8,Yes,No,Sprint-12,3565.2,
D0462,Taylor,Platform,2.4,India,Nova,Python,999999,34,837,52,381,350,73,2025-03-12,8PM,79,4903,1505,2.3,23,10,46.5,Failed,0,No,No,Sprint-1,2439.4,Apache-2.0
D0698,Chris,Platform,,Germany,Nova,Java,-5,866,1030,189,347,448,400,01/06/2024,00:00,11,2977,434,4.9,12,0,6.1,Success,8,Yes,Yes,Sprint-6,3013.6,Apache-2.0
D0154,Sam,Frontend,4.2,USA,Forge,TypeScript,-5,448,3797,147,76,289,402,17/02/2024,25:61,7,4692,821,6.4,7,9,23.6,Failed,8,Yes,No,Sprint-8,4953.7,Apache-2.0
D0582,Alex,DevOps,2.9,USA,Forge,pyhton,999999,628,4306,53,680,363,368,16/01/2024,8PM,21,531,1658,12.8,21,24,35.3,Success,0,No,Yes,Sprint-4,516.5,MIT
D0528,Taylor,Frontend,,USA,Atlas,Python,3463,658,1117,4,128,387,215,13/10/2023,25:61,4,-16,1489,2.7,26,28,62.6,FAIL,1,No,Yes,Sprint-7,2679.0,
D0435,Alex,Backend,,Germany,Forge,Python,-5,907,1472,137,9,127,339,02/03/2024,8PM,78,3764,2598,3.7,30,12,6.8,Success,9,No,No,Sprint-12,3880.6,
D0179,Taylor,Frontend,,USA,Forge,,3077,179,3139,93,843,423,415,2024-05-03,25:61,25,293,1865,13.3,7,19,66.7,Failed,5,No,Yes,Sprint-7,3910.3,MIT
D0073, ,AI,,Germany,Atlas,Java,-5,509,623,158,720,186,211,07/12/2024,8PM,32,603,2025,1.3,28,0,64.8,FAIL,0,No,Yes,Sprint-10,4042.2,MIT
D0457,Alex,Platform,,India,Atlas,Java,999999,693,2877,71,88,119,231,2024-04-01,25:61,43,3780,1448,0.5,21,7,71.6, ,4,Yes,No,Sprint-9,4961.4,
D0002,Chris,Backend,,India,Forge, PYTHON,3481,511,1108,69,929,171,191,2023-10-12,00:00,93,3315,2931,3.6,20,1,6.8, ,2,Yes,No,Sprint-9,4573.0,GPL
D0695, ,Platform,12.3,India,Atlas,TypeScript,2510,735,4466,71,451,88,293,25/06/2024,00:00,78,3041,2029,9.0,18,4,1.9,Failed,8,Yes,No,Sprint-12,1702.2,GPL
D0599,Chris,Backend,8.5,USA,Atlas,pyhton,649,377,1911,114,385,219,56,14/07/2024,8PM,34,4512,786,2.2,18,23,65.2,Success,6,No,Yes,Sprint-11,3333.3,
D0173,Chris,Backend,,Germany,Forge,TypeScript,999999,270,2090,172,248,478,308,11/01/2023,25:61,46,1708,2230,13.2,8,2,59.6,FAIL,9,Yes,No,Sprint-11,2453.5,
D0573,Chris,DevOps,,Germany,Forge,python,771,758,4826,200,229,467,338,06/05/2024,00:00,19,436,1458,8.3,2,10,18.2,Failed,1,Yes,Yes,Sprint-2,4751.1,GPL
D0430,Sam,Backend,,USA,Atlas,TypeScript,999999,865,1626,87,462,350,43,16/02/2023,25:61,27,3520,845,2.2,7,18,20.6,FAIL,0,Yes,No,Sprint-8,3169.4,Apache-2.0
D0568,Alex,Backend,,Germany,Forge,Rust,1249,978,1870,57,508,240,196,02/03/2023,00:00,57,3913,2204,6.9,15,21,52.0, ,8,No,Yes,Sprint-3,739.7,
D0213,Sam,DevOps,,Germany,Nova,Java,-5,171,1350,81,884,424,18,2023-08-29,00:00,84,813,1558,9.9,15,5,15.4,Failed,2,Yes,No,Sprint-5,3348.9,GPL
D0410,Sam,Platform,0.2,India,Atlas,Rust,999999,916,2244,190,16,440,54,2024-07-05,8PM,73,2636,2350,13.6,13,11,62.6,FAIL,1,No,No,Sprint-6,4329.1,Apache-2.0
D0566,Chris,Backend,,USA,Forge,Python,999999,929,3003,165,967,290,105,2024-01-31,8PM,59,4525,2689,2.7,24,14,5.7,Failed,5,Yes,No,Sprint-6,3090.4,Apache-2.0
D0196,Taylor,Frontend,3.4,India,Nova,pyhton,4924,97,4233,110,463,401,389,2024-06-27,00:00,75,1128,990,1.2,5,8,16.0,Success,8,No,Yes,Sprint-4,3469.8,Apache-2.0
D0346,Alex,AI,,Germany,Forge,python,2841,825,4554,15,412,493,494,25/07/2024,25:61,19,4649,1114,9.4,29,25,14.0,Failed,4,No,No,Sprint-7,1859.8,MIT
D0489,Chris,Frontend,,Germany,Forge,pyhton,999999,110,4377,188,308,132,443,11/02/2023,8PM,3,442,1949,7.3,16,29,50.1,Failed,10,Yes,No,Sprint-12,1147.4,MIT
D0341,Alex,AI,,USA,Forge,Go,999999,462,317,78,952,45,281,2023-05-07,00:00,63,301,545,0.4,4,25,53.7,Failed,5,Yes,No,Sprint-3,3322.5,MIT
D0194, ,Frontend,,Germany,Nova,Python,999999,89,1086,109,600,49,230,2023-12-13,25:61,9,915,1929,6.4,7,3,36.6, ,8,Yes,No,Sprint-4,2880.7,GPL
D0007,Sam,Backend,,Germany,Atlas,TypeScript,3766,688,5339,179,690,78,456,18/11/2024,00:00,78,4378,2801,11.4,13,12,36.2,Success,3,Yes,Yes,Sprint-4,2795.6,MIT
D0649,Sam,Backend,,Germany,Nova,python,999999,2,3292,154,175,188,210,2023-01-14,25:61,26,3033,2471,6.4,5,21,52.6,Success,2,No,Yes,Sprint-9,1328.8,GPL
D0463, ,Frontend,13.3,India,Nova,python,999999,210,5303,174,456,144,461,2023-11-24,00:00,53,1048,2535,9.8,6,1,7.9,FAIL,5,Yes,Yes,Sprint-11,340.9,
D0199,Taylor,Backend,4.6,USA,Forge,Java,44,974,3840,2,723,281,89,11/08/2023,8PM,18,4936,464,12.5,30,1,40.9,Success,7,Yes,Yes,Sprint-11,2690.6,
D0606,Chris,Frontend,13.7,USA,Forge,TypeScript,999999,473,2321,145,867,184,152,17/06/2024,00:00,32,2622,2574,12.3,12,1,40.4, ,3,No,No,Sprint-9,1389.7,MIT
D0141, ,Backend,,USA,Atlas,Java,999999,818,5402,40,964,421,76,24/11/2024,25:61,42,625,492,13.8,6,2,16.3,FAIL,10,Yes,Yes,Sprint-7,2474.6,
D0477,Chris,Platform,,Germany,Atlas,TypeScript,-5,855,5180,185,890,217,96,30/10/2024,8PM,17,416,2856,8.9,23,2,26.8,FAIL,8,Yes,Yes,Sprint-9,3424.8,MIT
D0543, ,DevOps,,Germany,Forge,python,-5,945,5089,68,389,85,350,01/04/2024,00:00,68,797,410,2.3,8,0,19.5,Success,0,No,No,Sprint-10,2037.1,
D0095,Chris,AI,12.3,Germany,Forge,pyhton,-5,89,1551,193,639,200,142,2024-07-23,25:61,86,3105,1084,0.4,20,6,65.7, ,10,Yes,No,Sprint-2,3628.0,Apache-2.0
D0549, ,DevOps,3.4,USA,Forge,Java,-5,714,2878,187,621,269,446,2025-05-22,8PM,97,1093,884,12.0,9,2,12.6,Failed,7,No,Yes,Sprint-7,1262.4,Apache-2.0
D0021,Alex,Platform,,Germany,Atlas,pyhton,999999,907,3723,10,776,394,211,20/01/2024,8PM,51,4560,639,11.3,21,9,7.5,FAIL,6,No,No,Sprint-8,3178.0,Apache-2.0
D0169,Sam,Backend,,Germany,Atlas,Python,3565,421,1824,147,868,185,215,2024-03-23,00:00,76,500,2466,9.8,29,21,34.1, ,6,Yes,No,Sprint-1,4481.4,GPL
D0373,Chris,Platform,0.8,Germany,Forge,TypeScript,4370,204,3352,142,793,82,471,18/11/2024,00:00,25,1232,2509,10.7,11,17,4.3, ,8,No,Yes,Sprint-11,3009.7,GPL
D0022,Sam,Backend,12.5,Germany,Forge, PYTHON,1023,598,5746,182,105,56,301,2023-10-17,8PM,63,443,56,7.4,21,10,41.4, ,3,Yes,No,Sprint-1,4327.4,GPL
D0478,Chris,Platform,,India,Atlas,TypeScript,999999,312,1781,128,786,158,308,2023-07-28,00:00,7,3099,172,13.0,17,19,14.4,FAIL,6,No,No,Sprint-12,3249.1,Apache-2.0
D0079,Chris,DevOps,,India,Nova,TypeScript,-5,956,2298,73,348,220,257,06/04/2023,8PM,92,3664,1594,0.5,7,14,62.9,Failed,6,Yes,Yes,Sprint-10,1008.5,Apache-2.0
D0034,Sam,Platform,0.6,Germany,Atlas,,999999,944,2555,135,785,201,29,21/07/2024,00:00,24,754,2863,12.8,21,11,39.4,Success,3,No,Yes,Sprint-7,171.7,
D0336,Alex,Platform,3.7,India,Nova,Java,-5,599,3997,195,595,44,351,2023-05-14,00:00,59,111,2892,7.7,19,5,20.2, ,2,No,No,Sprint-3,284.2,MIT
D0413, ,AI,,Germany,Atlas,pyhton,999999,798,1567,7,224,490,42,16/03/2023,25:61,71,2885,529,3.4,13,25,51.3,Failed,9,Yes,No,Sprint-7,347.1,GPL
D0679,Alex,AI,,India,Atlas,Python,-5,849,523,48,648,101,78,27/10/2024,25:61,90,3752,920,6.7,3,25,67.4, ,10,No,No,Sprint-8,4493.1,
D0562,Alex,Platform,9.6,USA,Atlas,Rust,999999,386,1163,147,567,173,264,19/06/2023,8PM,95,273,1588,7.5,9,23,54.0,Failed,0,Yes,No,Sprint-3,1816.9,MIT
D0417,Alex,DevOps,,USA,Forge,Java,999999,769,3304,82,106,274,232,18/06/2025,8PM,22,2222,373,8.6,2,1,50.7,Failed,1,No,Yes,Sprint-9,4775.0,GPL
D0587,Sam,AI,,India,Atlas,Go,-5,266,3569,90,983,87,288,19/05/2024,8PM,51,31,1374,11.2,15,11,43.2, ,4,No,No,Sprint-6,325.4,
D0230,Chris,Backend,2.3,India,Forge,python,-5,553,1905,119,464,22,192,11/06/2023,00:00,21,1664,1735,8.1,17,12,23.8,Success,3,No,Yes,Sprint-2,3346.2,MIT
D0450,Taylor,AI,,India,Forge,TypeScript,4242,375,4895,136,394,151,42,2024-03-20,00:00,29,3427,1074,4.2,1,27,12.7, ,6,Yes,No,Sprint-8,1936.6,Apache-2.0
D0567,Sam,Backend,,Germany,Atlas,pyhton,2372,978,1800,45,207,397,404,2023-08-18,00:00,7,4204,2803,3.7,23,10,6.5,Failed,6,No,Yes,Sprint-12,2500.4,MIT
D0331, ,Backend,11.3,India,Nova, PYTHON,-5,898,3275,148,378,482,489,05/04/2025,00:00,14,893,2317,2.5,23,11,9.0,Failed,5,No,Yes,Sprint-9,138.9,
D0390,Sam,AI,5.1,USA,Atlas,Java,999999,424,3671,4,518,411,412,01/06/2025,8PM,100,67,2933,7.2,27,25,14.4,Success,10,No,No,Sprint-11,3959.3,GPL
D0497,Taylor,Backend,4.4,Germany,Atlas,Rust,999999,47,4663,72,949,120,222,25/08/2024,00:00,30,2732,2426,6.5,8,18,43.9,Failed,5,No,Yes,Sprint-3,2121.5,
D0525,Alex,Frontend,,Germany,Atlas,Rust,999999,25,5898,61,30,458,373,2024-10-02,25:61,62,4701,1109,11.4,24,7,60.1,Failed,5,No,Yes,Sprint-7,4618.6,GPL
D0290, ,Backend,,India,Forge,pyhton,-5,855,2163,0,300,18,493,17/06/2024,00:00,67,3187,1587,9.4,9,3,68.8,Success,3,No,Yes,Sprint-12,4357.2,
D0085,Chris,DevOps,,Germany,Atlas,Go,999999,761,4388,190,420,272,275,2023-01-11,00:00,19,3081,1837,7.3,5,11,39.4,Success,10,Yes,Yes,Sprint-1,4844.2,MIT
D0350,Taylor,DevOps,7.7,USA,Forge,pyhton,-5,969,5559,155,83,369,70,2024-02-23,25:61,46,420,869,0.9,5,13,11.0, ,5,Yes,No,Sprint-4,3985.0,Apache-2.0
D0637,Chris,AI,,USA,Nova,python,999999,324,706,119,46,453,436,2023-02-28,8PM,61,4959,2892,7.6,9,14,59.3,Success,7,No,No,Sprint-5,382.1,GPL
D0403,Alex,Platform,9.0,India,Forge,,999999,595,2084,191,126,32,191,2025-01-31,25:61,88,204,696,2.8,7,28,36.4,FAIL,1,Yes,No,Sprint-4,893.7,Apache-2.0
D0376,Alex,Frontend,,Germany,Forge,Java,-5,869,3432,91,439,203,63,18/05/2023,8PM,67,42,100,3.4,12,19,6.0,FAIL,1,Yes,Yes,Sprint-6,558.0,GPL
D0566,Chris,AI,14.0,USA,Nova,Go,999999,329,2403,21,621,161,461,2024-12-14,8PM,44,1536,2500,5.9,29,3,9.5,Success,6,Yes,No,Sprint-5,453.4,Apache-2.0
D0072,Chris,Platform,10.4,USA,Nova,pyhton,999999,292,2690,11,471,460,107,2023-09-12,00:00,78,1413,217,1.2,28,6,41.7,FAIL,5,Yes,No,Sprint-12,2272.1,GPL
D0107, ,AI,11.0,USA,Nova,TypeScript,999999,954,3037,58,731,381,3,2024-12-04,00:00,47,3900,2287,4.3,28,30,22.0,Failed,2,No,Yes,Sprint-11,3812.2,MIT
D0267, ,Platform,,Germany,Nova,TypeScript,999999,185,2070,68,907,368,317,2024-12-04,00:00,26,3135,1258,12.7,7,22,56.8,Success,8,No,Yes,Sprint-3,3721.2,GPL
D0410,Sam,Frontend,7.5,India,Nova,Python,-5,986,1704,102,604,448,35,02/05/2023,00:00,95,4548,1321,9.2,7,1,37.2,Success,5,Yes,Yes,Sprint-4,3450.4,Apache-2.0
D0432,Taylor,Frontend,6.5,USA,Atlas,,999999,381,2614,45,506,425,489,2024-04-12,00:00,5,2170,279,7.0,11,16,19.4, ,9,No,No,Sprint-4,1391.2,GPL
D0237, ,DevOps,6.7,India,Nova,TypeScript,-5,503,5383,5,17,449,408,20/12/2024,8PM,33,3437,775,4.4,15,6,28.6,Failed,0,Yes,No,Sprint-8,570.5,MIT
D0457,Sam,AI,,India,Atlas,Rust,999999,288,4358,110,546,410,166,27/08/2023,00:00,54,463,1018,7.3,30,27,35.0, ,7,No,No,Sprint-10,2209.7,
D0488,Chris,Backend,,India,Forge,Go,3408,341,5016,42,146,428,429,28/01/2023,25:61,81,2356,2163,0.1,28,10,41.2, ,7,Yes,Yes,Sprint-8,4965.9,
D0128,Taylor,AI,2.2,Germany,Nova,Go,999999,606,4684,86,899,185,366,2023-02-27,00:00,9,2778,2306,8.4,15,25,45.0,Failed,6,No,Yes,Sprint-8,2567.6,MIT
D0406,Sam,Backend,0.2,India,Forge,TypeScript,-5,995,142,192,954,68,446,22/04/2023,25:61,64,4281,783,9.2,3,22,67.0,FAIL,0,No,Yes,Sprint-12,1220.1,
D0113,Taylor,AI,7.6,Germany,Forge, PYTHON,-5,639,1300,191,711,326,150,03/04/2025,25:61,25,271,2997,5.1,16,3,3.9,Failed,2,No,Yes,Sprint-3,4703.9,Apache-2.0
D0396,Sam,AI,,India,Atlas,,1247,435,2824,108,967,332,241,2024-11-08,25:61,75,-45,2644,8.5,16,13,13.9,Success,10,No,No,Sprint-2,2284.3,
D0503, ,AI,,India,Forge,Rust,-5,989,126,107,403,414,139,09/04/2023,8PM,18,2792,2980,1.6,13,12,47.1, ,8,Yes,No,Sprint-11,2513.8,MIT
D0332, ,AI,,USA,Nova,Rust,-5,360,3056,87,763,142,446,2023-03-17,8PM,93,1099,1078,0.9,27,26,48.6,Failed,3,Yes,No,Sprint-6,4034.0,GPL
D0240,Taylor,Platform,11.6,Germany,Forge, PYTHON,999999,937,987,66,192,416,456,2023-10-31,8PM,50,649,759,5.4,4,30,1.5,Success,0,Yes,Yes,Sprint-2,4757.6,
D0584,Taylor,DevOps,,USA,Atlas,Go,4368,995,2521,100,273,270,119,06/12/2024,00:00,77,2947,451,13.9,26,8,34.5,Failed,0,Yes,Yes,Sprint-6,2217.2,MIT
D0328,Sam,Backend,13.9,USA,Nova,python,999999,344,350,56,768,163,208,2025-05-31,8PM,69,618,2727,11.4,25,27,5.2,FAIL,4,Yes,No,Sprint-4,4376.5,
D0406, ,Frontend,4.4,Germany,Forge,,-5,842,521,123,692,190,308,23/03/2025,25:61,93,742,2309,5.9,27,16,71.5,FAIL,1,No,No,Sprint-1,456.9,Apache-2.0
D0454,Taylor,Backend,,Germany,Atlas,TypeScript,789,214,2239,57,708,9,27,25/08/2023,8PM,77,2653,2942,9.4,0,5,51.4, ,7,Yes,Yes,Sprint-11,3045.8,
D0055,Taylor,Frontend,6.1,Germany,Forge,pyhton,1665,751,4912,4,952,161,364,25/10/2023,00:00,65,4393,1401,2.9,23,13,22.6,Failed,1,No,No,Sprint-12,4463.2,Apache-2.0
D0520, ,DevOps,,India,Forge,Go,-5,886,928,85,447,223,231,2023-05-19,00:00,42,3351,1094,0.0,20,5,33.6,FAIL,1,Yes,No,Sprint-9,2376.9,Apache-2.0
D0018, ,DevOps,,USA,Atlas,Python,-5,516,98,177,652,100,15,10/10/2023,25:61,80,3192,2420,9.1,27,2,56.3,FAIL,10,No,Yes,Sprint-2,2406.9,MIT
D0612, ,Frontend,,India,Nova,Python,2743,788,3353,25,895,273,158,2024-10-06,8PM,32,3441,2310,12.2,0,26,24.3, ,5,Yes,No,Sprint-9,2726.0,MIT
D0575,Chris,Backend,7.6,India,Forge,Go,3389,740,757,164,552,313,52,30/03/2025,00:00,10,976,237,10.1,3,19,64.6,Success,5,No,No,Sprint-4,2780.1,
D0563,Chris,Backend,3.9,Germany,Forge,TypeScript,1492,997,1673,118,42,356,55,05/03/2025,8PM,17,246,1468,11.6,5,10,47.4,FAIL,8,Yes,Yes,Sprint-5,1850.1,
D0600, ,AI,10.5,USA,Forge, PYTHON,1800,298,3980,14,427,213,356,31/01/2025,25:61,31,85,679,7.8,13,5,40.6, ,10,Yes,Yes,Sprint-8,1250.0,MIT
D0272,Alex,AI,14.5,Germany,Atlas,Java,4035,700,1772,11,870,302,367,2024-09-20,25:61,70,3724,1267,8.6,14,14,56.5,Failed,1,No,No,Sprint-9,1712.4,MIT
D0352,Chris,Frontend,2.4,India,Nova,Rust,-5,558,4435,77,231,304,14,2023-09-03,25:61,33,4268,756,10.6,4,16,37.7,Failed,10,No,No,Sprint-3,4362.7,GPL
D0582,Taylor,Platform,,USA,Forge,Java,1472,396,592,74,546,131,461,13/01/2024,00:00,66,762,608,4.1,15,11,25.9, ,9,No,Yes,Sprint-7,4863.2,GPL
D0548,Taylor,Frontend,,Germany,Forge,,2326,536,4892,97,812,109,227,17/10/2024,00:00,99,3189,942,9.7,14,3,15.5, ,9,Yes,No,Sprint-3,4766.3,MIT
D0381, ,AI,11.5,India,Atlas,pyhton,-5,902,2037,128,899,375,335,24/01/2023,8PM,18,3630,693,1.6,24,7,40.2,FAIL,10,Yes,No,Sprint-10,1563.5,Apache-2.0
D0033,Sam,DevOps,,India,Nova,python,1211,772,2218,140,532,17,349,17/03/2024,8PM,73,2425,604,11.1,26,5,4.6,FAIL,6,No,No,Sprint-11,30.3,Apache-2.0
D0493,Chris,DevOps,10.6,USA,Nova,Rust,-5,784,1913,26,509,275,343,22/03/2025,25:61,86,2124,1786,2.8,13,6,34.8,Failed,10,Yes,No,Sprint-11,1263.6,Apache-2.0
D0110, ,AI,,India,Nova, PYTHON,999999,572,1112,126,624,126,105,2025-06-09,8PM,11,2920,1947,10.8,12,22,65.1, ,0,Yes,No,Sprint-3,1929.2,GPL
D0084, ,Platform,12.9,USA,Forge,,999999,172,2729,24,549,17,335,08/03/2023,25:61,58,4015,835,9.8,24,4,18.2,Success,9,Yes,No,Sprint-11,2525.2,MIT
D0442,Chris,Platform,,USA,Atlas,pyhton,999999,297,637,42,986,113,23,2024-07-17,8PM,1,4391,17,11.7,18,4,23.3,Success,1,Yes,No,Sprint-4,2110.2,GPL
D0184,Alex,DevOps,,Germany,Nova,Python,4081,571,602,17,292,477,218,31/10/2024,00:00,79,4851,148,8.5,13,23,31.9,Success,3,No,Yes,Sprint-6,3058.7,GPL
D0366, ,Backend,,Germany,Nova,,3808,500,2657,197,858,34,422,06/08/2023,25:61,69,2792,796,7.0,10,1,21.3,FAIL,1,No,Yes,Sprint-9,1485.0,GPL
D0475, ,Frontend,,Germany,Nova,Python,2613,674,89,139,354,331,177,05/10/2024,25:61,31,191,459,7.2,4,26,22.5,FAIL,4,Yes,No,Sprint-5,529.7,GPL
D0074,Taylor,Platform,14.3,Germany,Forge, PYTHON,177,446,4770,160,477,221,357,03/09/2023,25:61,96,3244,2132,12.5,21,22,34.4, ,1,Yes,No,Sprint-4,2810.8,Apache-2.0
D0409,Alex,Platform,,India,Nova,TypeScript,-5,74,4705,195,25,354,479,18/07/2024,8PM,44,2695,891,8.0,23,7,40.0,Success,4,Yes,Yes,Sprint-7,173.4,Apache-2.0
D0605,Sam,AI,,USA,Nova, PYTHON,-5,184,443,53,829,68,271,07/12/2023,00:00,74,1531,2915,6.8,28,0,66.1,Success,0,Yes,Yes,Sprint-10,826.2,MIT
D0565,Sam,Backend,,Germany,Forge,TypeScript,999999,956,4330,49,479,39,196,17/12/2023,00:00,20,770,2325,12.6,4,16,41.3,FAIL,4,Yes,Yes,Sprint-12,1830.1,Apache-2.0
D0449, ,Frontend,,India,Nova,Python,999999,805,479,185,868,217,113,2023-03-15,00:00,97,4860,2787,2.1,12,7,24.6,Success,7,No,Yes,Sprint-4,571.0,Apache-2.0
D0062,Chris,Frontend,,USA,Forge,pyhton,3488,821,2409,22,562,50,157,13/05/2025,25:61,83,2413,1572,9.2,7,11,52.6, ,4,No,No,Sprint-5,3954.6,GPL
D0116,Alex,Frontend,0.7,India,Nova,Python,2279,918,215,195,640,86,51,30/05/2024,25:61,52,3878,2015,3.4,27,18,36.4,Failed,6,Yes,No,Sprint-11,3234.6,Apache-2.0
D0192, ,AI,13.8,Germany,Atlas,pyhton,66,895,2567,57,318,172,271,26/05/2025,8PM,17,4959,1847,1.9,6,4,58.6,FAIL,6,Yes,No,Sprint-5,1289.1,Apache-2.0
D0518, ,Frontend,,Germany,Atlas,Rust,-5,161,5586,30,350,165,399,2023-06-20,25:61,41,3205,133,7.3,28,7,20.3,Failed,3,No,Yes,Sprint-6,316.7,
D0247,Sam,DevOps,,India,Atlas,Go,999999,948,3630,103,810,436,136,10/04/2024,8PM,43,3748,1542,6.9,10,15,40.9,Success,8,No,Yes,Sprint-11,2315.5,MIT
D0203,Taylor,DevOps,,Germany,Forge,TypeScript,-5,819,5470,69,714,154,293,22/06/2023,8PM,69,4371,1907,13.9,23,16,31.0,Success,9,No,No,Sprint-6,2448.5,GPL
D0614,Alex,Frontend,5.2,USA,Forge, PYTHON,3597,780,3644,45,869,226,104,2024-12-11,25:61,14,2494,762,4.5,21,10,65.0, ,8,Yes,No,Sprint-11,2575.2,MIT
D0166,Chris,Platform,,Germany,Atlas,,999999,229,5934,169,656,176,234,24/01/2024,25:61,20,3827,276,3.5,11,21,10.1,FAIL,3,Yes,Yes,Sprint-9,3388.7,GPL
D0545,Sam,Backend,12.9,India,Atlas,,1998,944,627,145,932,62,179,27/04/2024,00:00,20,2353,885,11.4,19,28,1.8, ,5,No,No,Sprint-4,4587.9,GPL
D0622, ,AI,,India,Nova,pyhton,999999,683,4841,17,414,413,265,2024-03-21,25:61,32,1800,1533,9.7,17,4,52.0,Success,3,Yes,Yes,Sprint-11,3451.1,Apache-2.0
D0245, ,Frontend,,Germany,Nova,Go,999999,45,766,31,475,307,321,2023-09-13,8PM,75,3646,1654,10.3,26,13,57.4,FAIL,7,Yes,No,Sprint-5,3362.2,Apache-2.0
D0012,Alex,AI,11.3,USA,Nova, PYTHON,-5,443,69,158,419,19,479,2023-03-24,00:00,14,378,709,12.9,13,30,12.5,Failed,10,Yes,Yes,Sprint-2,197.6,
D0504,Alex,Platform,,USA,Nova, PYTHON,999999,285,3917,99,466,481,392,16/05/2025,8PM,67,3463,267,6.9,14,6,42.8,FAIL,0,No,Yes,Sprint-11,1355.6,Apache-2.0
D0078, ,DevOps,,India,Atlas, PYTHON,-5,981,5770,86,854,115,351,06/05/2023,00:00,49,3552,1342,1.7,22,9,38.4,Failed,1,No,Yes,Sprint-12,1234.4,Apache-2.0
D0003,Taylor,AI,,Germany,Atlas,python,-5,91,1761,62,628,201,327,11/03/2024,25:61,96,3882,602,4.2,17,7,48.3,Success,4,Yes,Yes,Sprint-9,3137.3,MIT
D0196,Taylor,DevOps,8.5,India,Forge,TypeScript,999999,998,3745,196,189,159,409,2024-07-26,8PM,94,3690,2370,13.4,16,25,15.4,Success,4,Yes,No,Sprint-9,855.9,GPL
D0566, ,Backend,,USA,Atlas,Go,-5,298,1874,55,787,436,412,2025-05-25,8PM,87,2458,17,10.2,6,27,63.8,Failed,5,Yes,Yes,Sprint-7,1892.7,GPL
D0085,Alex,AI,11.1,USA,Nova,Rust,-5,326,2984,23,811,162,228,2023-04-15,8PM,99,2461,1120,12.5,18,29,31.1,Failed,2,No,No,Sprint-10,3498.6,GPL
D0493,Sam,DevOps,,Germany,Nova, PYTHON,999999,122,3483,29,452,183,89,2023-12-07,8PM,36,4349,1585,3.2,21,19,70.8, ,1,Yes,No,Sprint-9,68.3,
D0066,Taylor,Frontend,5.0,Germany,Nova,Rust,786,661,2017,191,804,9,468,10/06/2023,25:61,43,1055,450,12.8,8,22,19.7, ,10,No,No,Sprint-3,3820.5,Apache-2.0
D0267,Chris,Backend,11.8,Germany,Atlas,Go,999999,711,3388,163,746,69,281,2025-01-29,25:61,14,1943,1705,9.6,29,11,32.3,Failed,8,No,No,Sprint-11,4197.9,MIT
D0700,Chris,DevOps,,Germany,Forge,pyhton,999999,113,5279,55,671,57,75,2024-09-16,00:00,74,2578,204,4.1,21,21,70.3,Failed,3,Yes,Yes,Sprint-5,1692.7,MIT
D0094,Chris,Platform,1.5,India,Atlas,Go,-5,339,1480,149,982,464,38,10/06/2024,25:61,69,4339,652,3.7,16,23,0.9,FAIL,7,No,No,Sprint-5,2577.1,
D0478,Sam,Platform,,India,Nova,Python,-5,378,134,108,636,60,188,2023-02-19,00:00,50,2307,2232,8.6,21,21,43.2,Success,4,No,No,Sprint-4,4271.9,
D0216,Taylor,Backend,9.6,USA,Forge,Rust,999999,280,1737,106,236,352,351,2024-08-06,00:00,89,4907,490,12.2,3,1,5.9,FAIL,2,Yes,No,Sprint-5,2731.7,MIT
D0298,Taylor,Frontend,9.4,Germany,Atlas,pyhton,999999,774,3392,71,923,495,482,07/04/2025,8PM,76,2469,2203,7.8,11,3,35.5, ,0,Yes,No,Sprint-3,3052.9,Apache-2.0
D0231, ,Backend,,USA,Nova,Rust,4219,895,5963,188,256,272,215,2025-06-13,25:61,49,4465,244,2.1,15,16,23.1,FAIL,5,Yes,Yes,Sprint-8,714.0,
D0099, ,DevOps,,USA,Nova, PYTHON,999999,306,2668,49,375,21,303,06/09/2024,8PM,92,3180,2237,5.0,9,27,31.8, ,3,Yes,No,Sprint-11,689.0,GPL
D0021,Chris,Platform,12.1,India,Atlas,Python,-5,313,4228,83,197,106,108,17/01/2023,00:00,62,2737,1005,4.9,19,12,63.9,FAIL,8,Yes,Yes,Sprint-2,281.5,GPL
D0186,Alex,Frontend,0.7,USA,Forge,,999999,572,1617,161,85,253,184,02/11/2024,25:61,1,4255,1661,12.9,7,30,61.1,Failed,4,Yes,Yes,Sprint-1,915.6,Apache-2.0
D0508, ,DevOps,4.8,USA,Forge,python,1825,805,4715,114,839,193,405,06/03/2025,25:61,93,3979,2594,8.5,24,23,42.3,FAIL,5,No,Yes,Sprint-1,2676.8,Apache-2.0
D0409,Sam,AI,11.0,India,Nova,python,-5,122,495,165,388,109,176,05/10/2023,25:61,97,228,2182,10.3,13,27,11.2,Failed,9,Yes,No,Sprint-9,4438.1,Apache-2.0
D0406,Taylor,AI,4.1,USA,Nova,,999999,900,261,160,628,421,365,2023-01-19,00:00,98,1647,1266,10.4,0,19,33.3, ,2,Yes,Yes,Sprint-2,3437.5,
D0575,Sam,Frontend,4.1,India,Atlas,TypeScript,2343,308,4492,21,433,185,427,18/05/2023,25:61,34,2410,113,11.0,2,27,9.7,Failed,7,No,Yes,Sprint-6,1451.1,MIT
D0467, ,Frontend,1.1,Germany,Forge, PYTHON,2342,417,2771,38,182,192,499,2023-02-19,00:00,86,1103,2994,9.8,30,6,40.1,Failed,1,No,Yes,Sprint-11,3391.1,GPL
D0392,Chris,AI,,USA,Nova,python,999999,350,2829,32,402,379,349,22/01/2023,00:00,30,2562,1263,3.6,25,21,12.2,Failed,7,No,Yes,Sprint-1,2006.6,Apache-2.0
D0502,Chris,Backend,,Germany,Forge,Python,999999,813,1553,106,408,0,226,18/07/2023,25:61,22,2820,6,1.2,28,29,69.6,Success,8,Yes,Yes,Sprint-6,2624.2,Apache-2.0
D0402,Chris,DevOps,,USA,Atlas,Java,4119,332,2980,141,141,485,310,17/09/2023,25:61,69,3986,2128,5.7,20,20,49.0,Failed,9,No,No,Sprint-12,4757.4,MIT
D0679,Chris,Backend,8.2,India,Forge,python,-5,825,5163,76,936,15,36,2023-06-23,25:61,45,1874,1376,2.9,10,20,9.4, ,2,Yes,No,Sprint-10,4368.1,GPL
D0268,Taylor,DevOps,8.0,Germany,Atlas,pyhton,3432,678,3723,111,491,325,499,2023-09-24,00:00,74,3597,250,5.5,30,11,21.1,FAIL,3,Yes,No,Sprint-10,547.2,
D0620,Sam,DevOps,0.6,USA,Forge,TypeScript,999999,835,1023,167,131,385,185,2023-03-17,25:61,36,3082,1047,4.4,26,4,36.4, ,7,No,Yes,Sprint-12,2877.4,MIT
D0625,Alex,Frontend,,India,Atlas,pyhton,-5,903,2622,46,520,383,127,17/05/2023,25:61,87,951,664,5.0,26,20,53.0,FAIL,6,No,Yes,Sprint-5,4746.9,GPL
D0029,Sam,DevOps,,Germany,Forge,Go,-5,510,3471,93,250,236,207,2023-07-03,00:00,8,4666,1479,3.2,1,13,4.6,Failed,10,Yes,No,Sprint-9,238.3,
D0246,Alex,Platform,,USA,Atlas,,999999,5,5601,154,6,275,13,27/05/2024,00:00,3,3765,691,1.5,21,22,35.4,Success,4,Yes,No,Sprint-9,249.1,Apache-2.0
D0068,Sam,AI,,India,Atlas,TypeScript,999999,520,1273,62,633,464,481,2025-01-01,25:61,97,1085,1925,11.0,12,0,36.0, ,7,Yes,No,Sprint-11,1497.1,GPL
D0610,Alex,AI,,Germany,Forge,Java,-5,661,2173,105,794,114,320,2024-06-19,25:61,94,1396,483,11.6,18,23,10.5,Failed,7,No,Yes,Sprint-6,4361.5,
D0364,Sam,Platform,,India,Nova,Rust,999999,817,1419,186,970,46,26,14/06/2024,8PM,15,689,431,2.4,11,25,60.5,Failed,6,Yes,No,Sprint-7,1652.3,
D0181,Chris,Platform,1.5,USA,Forge,python,999999,602,4404,83,613,385,486,16/08/2023,25:61,71,798,1161,6.6,17,20,56.6,Failed,4,Yes,Yes,Sprint-8,461.8,
D0513,Chris,Frontend,,India,Nova, PYTHON,-5,385,3049,176,693,420,432,23/03/2024,25:61,45,4818,134,10.5,9,11,26.1,Failed,2,No,Yes,Sprint-10,3267.0,
D0358,Sam,Backend,,Germany,Atlas,Java,-5,835,185,145,96,234,357,08/10/2024,00:00,46,481,524,12.7,28,1,23.0,Success,9,No,Yes,Sprint-9,3274.0,
D0373,Chris,AI,,India,Nova,,-5,697,538,148,512,201,322,2024-05-06,25:61,94,3610,2335,3.7,4,29,56.3,Failed,5,No,No,Sprint-12,4206.8,
D0213,Chris,Backend,,Germany,Atlas,pyhton,999999,520,2860,128,192,362,193,23/02/2024,25:61,47,3587,2417,8.0,0,1,44.6,Failed,8,No,Yes,Sprint-10,69.4,
D0582, ,Platform,,USA,Atlas,python,4853,697,5722,198,177,425,16,2023-06-14,8PM,7,3423,2461,4.1,30,12,18.9, ,6,No,Yes,Sprint-2,3859.4,GPL
D0330,Chris,AI,1.4,Germany,Nova,pyhton,-5,177,4350,179,989,270,435,20/06/2024,00:00,24,4320,2831,9.4,10,30,70.4,Success,2,No,Yes,Sprint-12,1071.9,Apache-2.0
D0180,Chris,Backend,6.8,USA,Nova,python,4893,630,4921,27,326,423,463,2024-04-04,8PM,49,1425,1108,5.8,5,9,18.4,Failed,10,No,Yes,Sprint-6,408.3,GPL
D0395,Alex,DevOps,3.5,USA,Atlas,,999999,302,4370,57,411,225,276,19/06/2025,00:00,95,3301,122,6.7,11,14,39.7,FAIL,3,No,No,Sprint-4,4451.1,GPL
D0503,Chris,Frontend,0.9,Germany,Atlas,Rust,-5,323,660,107,606,393,150,2024-08-16,00:00,52,539,248,7.8,9,11,52.7,FAIL,4,Yes,No,Sprint-12,3010.1,MIT
D0474,Chris,DevOps,,Germany,Forge,python,-5,771,1907,32,325,18,489,2023-08-19,25:61,94,16,786,11.0,26,29,23.8, ,1,Yes,Yes,Sprint-2,2624.3,GPL
D0069,Taylor,AI,13.2,USA,Atlas, PYTHON,4468,581,3573,176,205,454,54,31/07/2023,25:61,80,2941,1493,10.3,12,29,16.5,Success,3,No,Yes,Sprint-5,1629.9,MIT
D0588,Sam,Backend,4.1,USA,Forge, PYTHON,516,922,1937,167,538,373,441,2023-01-09,25:61,5,4410,1797,12.1,28,18,62.1, ,5,No,Yes,Sprint-9,3932.6,GPL
D0294, ,Frontend,,Germany,Forge,Java,-5,614,972,39,441,337,373,29/08/2023,8PM,19,2776,2981,0.7,23,17,71.0,Failed,8,No,Yes,Sprint-10,691.2,
D0030,Taylor,Frontend,2.3,India,Forge,python,-5,350,1423,100,47,293,446,21/04/2024,00:00,29,3925,2924,10.7,18,28,35.1,FAIL,10,Yes,No,Sprint-10,2376.7,Apache-2.0
D0275,Alex,Backend,5.0,India,Atlas,Java,999999,508,860,46,238,225,12,01/12/2023,25:61,90,923,1138,0.6,11,25,58.4, ,8,No,Yes,Sprint-8,968.1,Apache-2.0
D0614,Sam,DevOps,11.7,India,Forge,TypeScript,999999,44,34,124,211,412,488,2024-10-04,00:00,77,2989,901,12.5,2,18,42.6,FAIL,3,Yes,Yes,Sprint-3,2828.9,
D0151,Alex,AI,11.3,USA,Nova,pyhton,-5,355,2702,121,398,148,93,21/06/2023,00:00,77,3650,575,1.4,17,3,23.6,Failed,0,Yes,Yes,Sprint-1,3932.2,GPL
D0140, ,Frontend,,India,Nova,Python,-5,722,4367,50,743,63,207,2023-11-30,00:00,46,3763,2262,9.7,27,21,27.0, ,3,No,No,Sprint-1,2066.4,
D0055,Taylor,Platform,,India,Atlas,Java,999999,7,5150,7,444,370,423,2023-07-21,00:00,15,3423,2301,7.8,29,8,59.9, ,10,No,Yes,Sprint-1,376.3,MIT
D0234,Sam,DevOps,,Germany,Atlas,,999999,573,2794,65,338,45,459,2023-02-20,25:61,90,1127,536,0.4,20,7,55.5,Failed,4,No,No,Sprint-7,1737.5,GPL
D0564,Sam,Frontend,,Germany,Atlas, PYTHON,999999,588,341,144,278,3,259,15/06/2024,8PM,74,2095,1124,7.6,0,20,16.3, ,1,Yes,Yes,Sprint-6,2017.5,
D0134,Alex,Platform,8.0,Germany,Forge,python,-5,425,1072,178,938,267,9,2023-04-17,00:00,88,236,2668,4.5,22,5,70.4,Failed,5,Yes,Yes,Sprint-1,3555.7,
D0174,Chris,Platform,,USA,Nova,Java,999999,339,3363,164,793,330,343,2023-03-29,8PM,68,80,2506,12.3,15,16,13.2,Success,3,No,Yes,Sprint-10,908.4,
D0116,Taylor,Platform,14.4,India,Atlas,TypeScript,999999,883,476,2,856,385,248,08/11/2024,8PM,9,4715,455,4.9,5,2,43.1,Success,8,Yes,No,Sprint-5,2309.8,
D0422,Sam,DevOps,,India,Nova,python,999999,830,1518,77,760,170,334,02/08/2024,8PM,96,4471,2803,4.6,13,0,15.8, ,6,No,Yes,Sprint-1,1867.1,GPL
D0322,Chris,DevOps,10.0,USA,Nova,Go,-5,8,3388,43,140,253,182,2025-03-11,00:00,14,4710,2162,11.1,5,18,69.1,Success,4,Yes,No,Sprint-3,423.8,MIT
D0588,Alex,Platform,,India,Nova,pyhton,3219,759,5252,13,370,353,42,18/03/2023,00:00,74,2946,2481,11.9,2,27,26.2,FAIL,5,Yes,Yes,Sprint-12,2662.1,GPL
D0242,Alex,Backend,,Germany,Nova,pyhton,-5,459,1352,192,537,102,216,18/06/2023,25:61,79,2853,2139,9.6,10,7,57.9,Failed,8,No,Yes,Sprint-12,930.9,
D0523,Sam,DevOps,,Germany,Atlas,TypeScript,999999,602,5514,69,635,119,174,11/03/2024,00:00,11,2073,2815,6.3,28,11,51.6,Success,9,No,No,Sprint-12,1373.8,
D0559,Sam,AI,4.6,USA,Atlas, PYTHON,4864,997,4940,61,388,22,366,2023-08-02,25:61,58,4580,1411,6.9,25,11,28.1,Failed,10,Yes,Yes,Sprint-2,113.3,
D0017,Alex,Frontend,1.7,Germany,Nova,Java,-5,189,1596,85,506,79,345,15/01/2025,00:00,58,3282,600,12.3,23,14,33.4,Success,8,No,No,Sprint-12,3388.5,
D0036,Chris,Platform,9.7,India,Nova,python,3544,561,2089,11,862,195,173,01/09/2024,00:00,59,3022,835,3.0,30,1,44.5,FAIL,5,Yes,No,Sprint-7,996.4,
D0209, ,AI,3.5,Germany,Forge,Rust,999999,522,5402,92,886,54,334,2024-02-23,00:00,76,3545,2265,10.7,15,18,36.1,FAIL,5,Yes,Yes,Sprint-6,2880.5,
D0074,Taylor,Frontend,8.1,India,Nova,Python,-5,305,5598,167,525,403,333,06/06/2023,8PM,44,3098,1407,9.1,1,5,66.6, ,3,Yes,Yes,Sprint-8,3606.5,
D0266,Alex,Platform,,India,Forge,python,-5,567,4877,26,747,167,361,2024-05-15,25:61,71,285,2760,7.4,29,16,31.4,Failed,2,No,Yes,Sprint-9,4290.8,GPL
D0556,Taylor,DevOps,,Germany,Forge,TypeScript,-5,477,4662,98,429,335,87,20/05/2023,8PM,33,1710,1645,8.8,22,21,69.1,FAIL,6,No,Yes,Sprint-5,3890.4,
D0479,Alex,DevOps,,USA,Forge,python,2005,472,3979,136,871,304,474,2023-03-08,25:61,26,2284,1235,8.8,25,12,71.2, ,4,Yes,Yes,Sprint-9,4677.6,
D0142, ,DevOps,11.4,Germany,Atlas,Python,-5,337,1565,50,623,150,207,12/04/2023,00:00,23,992,1502,9.1,12,22,34.3,Failed,7,Yes,Yes,Sprint-4,4910.4,Apache-2.0
D0259,Chris,Platform,,India,Nova,TypeScript,4128,829,5996,66,6,29,46,03/06/2024,00:00,82,4224,2997,13.4,11,27,51.1,Success,7,Yes,No,Sprint-9,2685.9,GPL
D0180,Taylor,Backend,10.5,USA,Forge,,97,217,5072,114,84,129,276,2024-04-22,25:61,94,3508,2309,12.6,10,17,0.8,Failed,4,No,No,Sprint-11,1733.7,Apache-2.0
D0074,Chris,Platform,,India,Atlas,,-5,105,3084,190,490,311,365,07/04/2025,8PM,88,1272,762,7.1,28,13,28.8,FAIL,8,Yes,No,Sprint-11,1596.3,MIT
D0663,Alex,Backend,2.6,Germany,Nova, PYTHON,999999,457,1820,159,220,454,388,2024-01-14,00:00,36,2521,410,9.1,6,17,30.2,FAIL,1,No,No,Sprint-9,1992.6,MIT
D0066,Sam,AI,5.5,India,Atlas,pyhton,999999,486,5933,83,774,421,9,2025-01-21,00:00,22,3487,2221,6.4,26,26,49.7,Success,1,Yes,Yes,Sprint-12,1235.2,
D0372,Alex,Backend,,USA,Atlas,Go,-5,514,3383,125,855,345,117,2023-10-01,00:00,77,4861,1288,8.3,20,27,35.8,FAIL,10,No,Yes,Sprint-7,3828.3,MIT
D0262,Sam,Frontend,,Germany,Forge,Go,999999,939,3731,4,299,268,107,28/10/2024,25:61,37,718,1415,1.6,24,26,31.4,FAIL,4,No,Yes,Sprint-5,572.5,Apache-2.0
D0459, ,DevOps,11.0,India,Atlas,Rust,653,394,3849,69,0,414,271,2024-03-07,8PM,51,4931,786,13.5,17,26,66.4,FAIL,5,Yes,No,Sprint-8,1166.7,Apache-2.0
D0660,Chris,Platform,,India,Atlas,Python,4843,782,969,59,957,24,424,06/01/2025,00:00,4,4385,698,11.3,0,18,25.1,FAIL,9,No,Yes,Sprint-3,3104.6,
D0159,Sam,DevOps,7.5,Germany,Nova,,999999,139,2589,30,443,81,54,2023-06-29,8PM,28,4276,2981,6.8,30,10,45.4,Failed,5,Yes,Yes,Sprint-8,3822.0,MIT
D0622,Sam,Backend,1.7,Germany,Forge, PYTHON,999999,969,3612,139,398,451,28,01/05/2024,25:61,1,3171,2457,6.0,6,11,51.3,Failed,4,No,Yes,Sprint-3,2592.0,GPL
D0022,Chris,AI,,Germany,Atlas,TypeScript,999999,285,3067,106,635,296,378,2024-03-15,8PM,74,1152,1903,4.6,23,28,42.2,Failed,5,No,Yes,Sprint-5,2274.1,GPL
D0570, ,Frontend,10.7,India,Nova,,-5,679,4746,76,611,78,68,2023-07-11,8PM,59,2677,88,5.0,26,3,55.4,Success,6,Yes,Yes,Sprint-12,4093.7,
D0277,Sam,Platform,13.6,India,Nova,pyhton,1048,260,3699,2,859,356,441,2024-12-07,00:00,43,4293,1865,4.4,29,7,53.1, ,2,Yes,No,Sprint-5,4065.4,GPL
D0686,Chris,DevOps,9.4,USA,Atlas,python,999999,656,4232,97,266,442,263,2024-03-30,25:61,93,1058,2253,2.9,19,9,58.7, ,8,No,Yes,Sprint-2,1588.6,Apache-2.0
D0395, ,Platform,,Germany,Nova, PYTHON,999999,0,5178,62,594,186,349,22/02/2025,8PM,12,3243,282,6.5,16,12,69.1,Failed,9,Yes,Yes,Sprint-3,1716.0,Apache-2.0
D0501,Chris,DevOps,10.5,Germany,Atlas,Python,999999,774,3218,74,368,207,188,2025-03-22,25:61,77,4059,1754,0.4,15,25,3.5, ,10,No,No,Sprint-6,2320.8,GPL
D0083,Taylor,Frontend,,USA,Nova,TypeScript,-5,918,1251,111,160,493,206,20/01/2025,00:00,9,4398,1868,11.0,16,12,26.3,Success,0,Yes,Yes,Sprint-7,3565.8,Apache-2.0
D0208,Sam,Backend,,USA,Forge,Rust,-5,286,3995,23,961,342,40,08/01/2023,00:00,66,971,325,12.8,17,7,47.8,FAIL,0,No,Yes,Sprint-9,4868.9,MIT
D0462,Alex,DevOps,,India,Forge,Rust,4057,932,4623,182,134,389,476,28/03/2024,8PM,27,4424,1745,8.5,21,24,22.0,Success,1,Yes,No,Sprint-6,1628.9,Apache-2.0
D0150,Chris,DevOps,,Germany,Forge,Java,6,137,2979,31,863,154,274,2023-08-23,8PM,65,1085,392,1.9,2,3,55.8,FAIL,8,Yes,Yes,Sprint-8,155.2,GPL
D0413,Sam,Backend,0.7,India,Nova,python,999999,85,3407,1,453,233,168,2024-06-07,8PM,38,149,7,1.9,23,0,46.4,Failed,9,Yes,Yes,Sprint-1,3066.9,Apache-2.0
D0212,Sam,AI,,India,Forge,Python,-5,508,563,141,18,224,5,2023-02-13,00:00,94,2254,1265,6.8,19,0,14.1,FAIL,4,No,No,Sprint-10,3199.4,MIT
D0644,Taylor,Frontend,,Germany,Nova, PYTHON,4372,808,2942,28,548,86,71,2023-02-11,25:61,72,2825,1491,3.2,26,29,34.0, ,6,Yes,No,Sprint-6,2854.9,MIT
D0492,Sam,Frontend,8.2,Germany,Atlas,,999999,650,159,165,989,35,290,05/02/2023,25:61,31,2178,1972,5.4,28,14,25.1,FAIL,10,Yes,No,Sprint-2,2667.5,GPL
D0638,Alex,AI,4.5,India,Nova, PYTHON,999999,286,477,68,478,486,449,2023-10-11,25:61,21,1334,1998,4.5,13,29,33.6,Failed,9,No,Yes,Sprint-11,2838.1,MIT
D0423,Sam,AI,3.2,India,Nova,,-5,255,3386,5,754,11,410,2024-06-07,8PM,21,2770,539,4.2,9,13,60.1,Failed,8,Yes,No,Sprint-3,4028.2,MIT
D0190,Taylor,Frontend,8.3,India,Nova,Python,999999,107,3447,175,716,3,434,10/06/2025,25:61,79,1132,1039,5.5,19,6,9.1,FAIL,7,Yes,No,Sprint-1,1466.3,
D0515, ,AI,,USA,Atlas,Java,1580,433,5132,12,734,445,270,27/03/2024,8PM,6,2611,997,3.7,24,2,41.0,Success,9,Yes,No,Sprint-5,2686.5,MIT
D0473,Chris,Frontend,,USA,Atlas,Python,4031,714,5686,3,778,128,359,01/01/2024,25:61,57,1165,1678,5.7,5,13,13.0,FAIL,4,No,No,Sprint-3,4342.8,
D0476, ,Backend,4.2,USA,Nova,TypeScript,1758,397,2684,175,93,4,103,05/03/2025,25:61,31,1263,1985,7.5,10,9,7.0, ,4,Yes,Yes,Sprint-4,1408.6,
D0506,Alex,Backend,,Germany,Atlas,python,2495,21,3152,164,293,195,38,2023-01-30,25:61,62,3575,737,4.3,20,4,10.2,Failed,8,Yes,Yes,Sprint-8,1197.5,MIT
D0579, ,Frontend,,USA,Forge,Python,1711,643,2786,47,651,108,193,04/08/2023,25:61,73,4037,2960,10.6,1,12,28.1,Success,7,No,Yes,Sprint-1,4129.2,MIT
D0485, ,Platform,8.4,India,Atlas,python,882,510,2951,127,477,123,104,29/04/2024,00:00,75,1788,460,4.8,12,28,65.1,Success,8,Yes,No,Sprint-12,570.8,GPL
D0362,Taylor,Frontend,2.3,USA,Nova,python,-5,440,1966,44,992,467,359,2023-12-31,00:00,82,2608,2780,10.3,11,5,23.3,FAIL,9,No,Yes,Sprint-5,4636.3,Apache-2.0
D0553,Chris,DevOps,,India,Atlas,pyhton,-5,340,4278,141,712,159,177,2024-12-27,8PM,54,4816,1734,5.2,4,27,1.7,Success,7,No,No,Sprint-6,4570.3,Apache-2.0
D0651, ,DevOps,,USA,Forge, PYTHON,999999,413,654,34,97,449,101,2023-05-04,00:00,23,309,2344,5.3,1,21,23.9,FAIL,0,No,Yes,Sprint-11,972.9,MIT
D0497,Taylor,AI,6.8,USA,Forge,Rust,1903,737,1338,55,946,471,217,18/01/2023,8PM,81,-36,1485,2.6,8,30,0.7,Failed,8,No,Yes,Sprint-7,4810.9,GPL
D0281,Taylor,AI,2.5,India,Nova,pyhton,999999,618,4631,116,258,112,211,2024-12-05,25:61,24,4025,93,4.4,24,26,43.2,FAIL,8,No,No,Sprint-3,4209.6,Apache-2.0
D0461,Alex,DevOps,11.9,USA,Forge,Rust,999999,130,150,23,238,165,415,2023-02-17,25:61,39,416,2709,3.0,6,17,59.8, ,2,No,Yes,Sprint-8,839.3,
D0129,Sam,Frontend,12.1,USA,Nova,Rust,999999,398,3063,167,943,413,489,02/10/2024,25:61,98,148,2563,6.8,30,24,37.1,FAIL,8,Yes,No,Sprint-10,4353.8,Apache-2.0
D0639,Taylor,Platform,10.5,USA,Nova,pyhton,665,251,4576,138,813,16,382,30/01/2023,00:00,93,4595,499,10.2,18,13,5.1, ,1,No,Yes,Sprint-4,941.9,MIT
D0309,Alex,Backend,1.9,Germany,Nova,python,-5,285,5282,152,158,153,483,2023-01-28,00:00,88,195,1736,9.6,6,26,40.4,Success,9,No,Yes,Sprint-12,3804.8,MIT
D0097,Chris,AI,,USA,Forge,Java,412,466,3056,39,140,325,352,28/06/2023,25:61,77,3341,903,2.0,26,26,35.1,Success,4,Yes,Yes,Sprint-9,3123.4,MIT
D0558,Chris,DevOps,,India,Nova,Rust,999999,980,425,137,572,419,149,14/04/2023,00:00,43,1484,2621,7.1,30,3,41.3, ,10,No,Yes,Sprint-2,3807.5,MIT
D0119,Alex,Frontend,,USA,Forge,TypeScript,999999,139,545,134,573,124,382,20/02/2024,00:00,10,4648,367,3.0,12,12,52.4,FAIL,0,Yes,Yes,Sprint-4,2098.4,
D0155, ,Platform,,USA,Forge,Java,999999,645,3609,169,562,454,403,11/01/2025,00:00,43,625,27,11.6,1,29,70.5,FAIL,1,No,Yes,Sprint-11,785.5,GPL
D0003, ,DevOps,1.8,USA,Nova,Go,999999,728,2570,25,302,450,230,16/01/2025,8PM,5,4069,2266,4.0,14,10,22.1,Success,10,No,No,Sprint-11,2560.0,Apache-2.0
D0650,Sam,Backend,,India,Nova,Go,-5,284,2293,115,537,14,256,13/12/2023,25:61,15,4806,1951,10.0,18,27,52.6,Failed,6,No,Yes,Sprint-2,2159.8,
D0192,Chris,Frontend,4.3,USA,Atlas,TypeScript,999999,966,5822,126,143,405,358,2024-06-14,00:00,91,810,1683,10.6,5,9,41.7,Success,5,Yes,Yes,Sprint-5,639.9,
D0192, ,Frontend,,Germany,Atlas,TypeScript,815,329,1887,110,499,449,82,2023-07-27,8PM,15,-26,349,9.7,8,20,39.2,Success,2,Yes,Yes,Sprint-9,1275.0,GPL
D0409,Chris,DevOps,13.2,Germany,Nova, PYTHON,-5,70,1592,37,541,208,254,2024-10-12,8PM,86,2372,808,11.4,19,18,6.9,Failed,5,Yes,Yes,Sprint-9,1182.1,MIT
D0046,Taylor,Backend,7.7,USA,Nova,TypeScript,4867,987,821,102,268,9,314,2025-01-18,8PM,93,2287,800,12.8,1,27,17.8,Success,9,No,No,Sprint-7,986.1,Apache-2.0
D0546,Taylor,Backend,11.7,USA,Nova,pyhton,-5,395,2585,13,231,64,18,2023-11-29,8PM,75,1687,674,13.9,21,22,21.8, ,2,Yes,No,Sprint-9,3227.3,
D0642,Taylor,Frontend,,USA,Forge,pyhton,3215,362,5792,183,49,260,238,2023-04-16,8PM,37,2542,1078,12.1,21,11,28.0,Failed,6,No,No,Sprint-4,3668.1,Apache-2.0
D0601, ,Backend,,Germany,Nova,TypeScript,999999,182,55,16,954,224,401,18/11/2024,00:00,100,4463,813,3.7,5,25,32.5,Success,2,No,No,Sprint-2,1499.6,
D0220, ,Platform,4.2,Germany,Atlas,pyhton,868,138,3494,80,132,127,279,21/06/2024,8PM,81,233,2570,2.9,8,1,4.9,Failed,5,No,Yes,Sprint-5,545.4,GPL
D0156,Chris,Backend,,India,Atlas,python,999999,560,2192,102,790,70,352,06/06/2024,25:61,30,1422,358,10.8,21,11,25.9, ,5,Yes,Yes,Sprint-3,1717.5,MIT
D0229,Sam,Frontend,,USA,Atlas,TypeScript,-5,544,1002,90,704,356,83,30/01/2025,00:00,94,2204,478,4.0,14,10,9.1,Success,0,Yes,Yes,Sprint-8,3351.3,GPL
D0460,Chris,Backend,,India,Forge,Go,999999,144,2906,155,943,175,426,29/03/2025,8PM,22,1650,2398,12.7,18,23,27.6,Success,5,Yes,Yes,Sprint-6,2777.9,
D0473, ,Frontend,8.2,India,Forge,Python,999999,142,3067,116,7,344,434,19/09/2024,00:00,92,1458,1686,2.2,22,9,56.8,FAIL,3,No,Yes,Sprint-11,351.5,MIT
D0372,Sam,DevOps,5.4,India,Atlas,TypeScript,-5,520,2611,135,111,10,163,15/07/2024,00:00,77,2129,1632,12.9,28,20,72.0,Failed,9,Yes,No,Sprint-4,856.5,GPL
D0438, ,Backend,,Germany,Forge,TypeScript,3925,522,158,14,20,118,158,25/02/2025,8PM,83,1571,2538,6.6,18,23,56.7,FAIL,1,No,No,Sprint-10,2588.5,GPL
D0340, ,DevOps,,Germany,Forge,Go,999999,830,1856,26,29,373,382,2024-04-12,00:00,48,2948,242,1.9,6,20,4.6,Failed,8,Yes,Yes,Sprint-7,3191.4,GPL
D0118,Taylor,AI,12.8,India,Forge,Rust,999999,778,3827,15,601,329,369,2024-12-13,25:61,37,3517,2888,5.1,30,24,53.3,Success,6,No,No,Sprint-4,4871.3,GPL
D0196, ,AI,7.4,Germany,Nova,Go,999999,353,4380,179,37,125,482,22/10/2023,8PM,30,4309,989,12.2,14,1,31.9,Failed,7,No,No,Sprint-4,992.4,
D0020,Alex,Backend,,USA,Atlas,python,999999,334,825,134,580,415,43,2024-04-21,00:00,87,3649,286,0.9,19,13,38.0,Success,2,Yes,No,Sprint-5,577.2,Apache-2.0
D0219,Chris,Frontend,,India,Atlas,TypeScript,1563,53,140,184,996,12,10,08/10/2024,8PM,12,-10,1664,5.1,27,7,23.6, ,0,No,No,Sprint-8,2226.9,GPL
D0491,Taylor,Frontend,,India,Forge,TypeScript,-5,888,2795,15,604,482,83,2025-02-04,00:00,25,4107,2649,0.2,1,22,20.8,Success,9,Yes,Yes,Sprint-7,840.8,Apache-2.0
D0539,Chris,AI,10.5,Germany,Forge,Rust,4308,728,3525,89,730,38,37,2024-08-09,00:00,54,2768,766,13.5,22,1,32.0,Success,0,Yes,Yes,Sprint-12,2371.3,
D0380,Sam,Backend,9.6,USA,Atlas,Python,999999,155,147,73,508,72,442,07/02/2024,25:61,81,2821,1217,0.8,24,16,62.5, ,4,Yes,Yes,Sprint-2,1208.5,Apache-2.0
D0299,Chris,Frontend,14.8,USA,Forge,Rust,999999,930,3257,167,935,257,219,2024-10-07,25:61,63,398,1362,10.4,14,22,28.4,Success,4,No,Yes,Sprint-5,2404.6,
D0186,Taylor,Backend,6.2,India,Atlas,Java,-5,137,4155,79,248,77,226,25/06/2023,25:61,3,3412,1556,5.3,6,10,17.0,Success,4,No,No,Sprint-11,4552.2,Apache-2.0
D0067,Taylor,Frontend,13.8,India,Forge,,582,445,2010,188,205,63,196,2023-06-09,00:00,9,261,357,6.1,22,25,11.3, ,2,Yes,No,Sprint-10,2430.6,MIT
D0357,Chris,Frontend,,Germany,Forge,TypeScript,1278,594,4692,116,552,243,124,11/08/2023,00:00,38,3762,2138,3.8,15,0,61.6,FAIL,7,No,No,Sprint-1,947.4,Apache-2.0
D0026,Chris,DevOps,1.6,Germany,Forge,TypeScript,473,33,5580,98,979,168,323,12/03/2023,00:00,84,2346,419,11.2,19,14,37.0, ,8,Yes,Yes,Sprint-12,4956.2,
D0324,Alex,Platform,8.9,India,Atlas,,999999,774,5914,110,329,486,35,2024-01-28,25:61,39,1311,2942,6.8,10,11,46.0, ,1,Yes,No,Sprint-9,4683.9,GPL
D0234,Alex,Backend,4.0,India,Forge,TypeScript,1864,476,4026,1,160,411,252,23/06/2024,25:61,7,2318,1017,9.2,0,16,62.5,FAIL,0,No,Yes,Sprint-2,4485.0,
D0190,Taylor,DevOps,14.9,India,Forge, PYTHON,3858,894,838,125,749,281,201,26/07/2023,25:61,67,3934,2528,10.0,7,23,45.5,FAIL,0,No,No,Sprint-5,4779.7,
D0404,Alex,Platform,7.9,Germany,Atlas, PYTHON,999999,319,1684,45,125,467,488,2025-04-09,00:00,87,3077,2524,10.0,10,14,31.7,FAIL,5,Yes,Yes,Sprint-5,2534.5,GPL
D0176, ,DevOps,,India,Forge, PYTHON,3861,800,5688,100,304,64,243,28/07/2023,00:00,55,1758,544,7.5,25,1,68.8,FAIL,3,No,No,Sprint-11,1030.9,
D0516,Alex,DevOps,,USA,Atlas, PYTHON,999999,14,4687,68,551,357,133,12/01/2023,25:61,20,2747,318,13.7,30,20,32.8, ,9,Yes,Yes,Sprint-7,3441.0,
D0060,Chris,Platform,13.0,USA,Atlas,pyhton,4681,275,5296,154,843,486,294,2023-06-25,00:00,20,603,2633,13.6,25,21,62.6,Failed,4,Yes,No,Sprint-8,305.6,Apache-2.0
D0275,Sam,Frontend,,Germany,Atlas,Rust,-5,815,3136,191,879,181,21,03/02/2024,25:61,67,3350,2540,2.2,30,11,10.0, ,0,Yes,No,Sprint-12,4478.9,
D0316,Chris,AI,1.5,Germany,Forge,Python,999999,393,2676,89,651,280,231,11/12/2024,00:00,41,637,2990,11.6,10,0,2.4,Success,9,Yes,No,Sprint-5,4579.7,GPL
D0048,Alex,Platform,5.4,India,Atlas,Rust,-5,48,4430,46,681,273,173,09/12/2023,8PM,81,2131,2004,3.4,13,4,26.0,FAIL,9,No,No,Sprint-12,2651.7,Apache-2.0
D0368,Taylor,DevOps,,USA,Atlas,python,3038,133,3367,152,341,152,399,05/05/2025,25:61,43,846,639,2.4,4,19,13.2, ,4,Yes,Yes,Sprint-2,4614.3,Apache-2.0
D0380, ,Backend,,India,Atlas,python,999999,945,1006,96,211,401,498,2024-06-25,25:61,29,3481,1116,13.7,26,4,69.8,Success,5,Yes,Yes,Sprint-5,928.0,GPL
D0261,Taylor,AI,,USA,Nova,pyhton,999999,73,2707,66,213,174,488,2023-11-14,25:61,52,1732,541,11.3,14,20,64.5,Failed,10,Yes,Yes,Sprint-2,935.2,GPL
D0688,Sam,AI,13.1,Germany,Nova,TypeScript,634,77,2491,168,524,417,67,28/09/2023,00:00,37,4681,634,0.9,4,22,64.9,FAIL,5,Yes,No,Sprint-9,123.0,GPL
D0555,Taylor,DevOps,3.2,USA,Atlas,TypeScript,999999,191,53,154,455,239,276,2023-02-08,00:00,7,3255,2938,12.2,14,3,6.5, ,2,No,No,Sprint-1,2761.5,Apache-2.0
D0072,Sam,DevOps,,India,Atlas,TypeScript,2767,357,402,148,240,14,196,2023-03-04,00:00,46,1872,1449,0.9,30,7,39.7, ,7,No,Yes,Sprint-6,1901.4,Apache-2.0
D0378,Sam,Frontend,,Germany,Forge,Java,999999,446,3644,183,713,319,31,2023-07-28,25:61,58,1190,361,9.2,7,24,8.8,FAIL,8,Yes,No,Sprint-8,1041.6,
D0054,Chris,Platform,7.0,USA,Forge,Java,-5,667,4554,174,973,314,434,2024-05-02,8PM,56,2314,610,11.3,2,8,59.0, ,10,Yes,Yes,Sprint-3,1392.8,Apache-2.0
D0410,Chris,Platform,,USA,Forge,Python,1971,60,5389,139,217,427,464,2023-11-03,8PM,72,2531,1132,11.4,22,8,70.1, ,2,Yes,Yes,Sprint-10,469.7,
D0003, ,Frontend,6.3,USA,Atlas,Java,3670,809,3764,139,506,417,7,2023-09-05,8PM,55,-16,833,8.7,1,23,60.3,Success,7,Yes,No,Sprint-1,3571.8,MIT
D0619,Sam,AI,,Germany,Nova,python,999999,56,564,21,153,412,268,2025-04-04,8PM,98,3182,860,10.9,10,4,67.8,Failed,0,No,Yes,Sprint-10,3067.2,MIT
D0213,Sam,AI,,USA,Atlas, PYTHON,2727,838,5973,111,967,176,295,2023-10-11,00:00,100,3797,2730,12.6,1,13,7.9,Success,10,Yes,No,Sprint-5,442.7,GPL
D0691,Chris,DevOps,14.7,Germany,Forge,TypeScript,999999,859,4010,53,717,161,81,2025-01-30,00:00,7,2130,2327,3.8,20,1,47.1,Success,5,Yes,No,Sprint-3,530.3,Apache-2.0
D0480,Sam,Backend,,India,Nova,TypeScript,999999,397,5812,166,603,391,83,2025-03-10,25:61,64,1614,2125,5.4,17,27,61.2,FAIL,3,No,No,Sprint-4,1039.7,MIT
D0463,Sam,Platform,,USA,Nova,Java,-5,964,4854,138,555,355,491,2023-06-29,25:61,28,1541,744,5.3,17,5,34.4,Failed,7,No,No,Sprint-5,4571.7,Apache-2.0
D0101,Chris,Backend,,USA,Nova,Python,-5,370,2906,85,932,158,345,11/10/2023,00:00,48,2197,588,9.5,17,0,37.0,FAIL,4,No,Yes,Sprint-3,4665.1,Apache-2.0
D0299, ,Backend,0.7,India,Forge, PYTHON,1206,275,661,199,89,4,269,26/02/2023,00:00,82,2779,454,6.1,25,6,45.7,FAIL,3,Yes,Yes,Sprint-12,1471.7,
D0697,Alex,Backend,,Germany,Atlas,pyhton,1519,740,5178,54,848,420,499,2025-06-10,00:00,33,4223,630,12.7,23,10,22.6, ,3,Yes,Yes,Sprint-3,3850.7,GPL
D0217,Chris,AI,9.9,USA,Nova, PYTHON,-5,928,340,139,981,388,247,28/08/2024,25:61,86,4508,483,5.7,2,3,26.2,Success,10,Yes,No,Sprint-12,3047.0,Apache-2.0
D0594,Sam,DevOps,3.6,USA,Forge,Python,-5,432,4633,4,685,228,79,2023-02-20,25:61,36,259,870,2.1,20,0,57.5,FAIL,3,No,No,Sprint-8,3517.4,
D0421,Sam,DevOps,,Germany,Atlas,Java,999999,631,1764,119,359,282,60,2023-01-25,00:00,99,2297,617,12.8,9,7,59.3,Success,1,Yes,No,Sprint-2,3554.1,
D0539,Chris,Backend,,USA,Forge,Java,999999,408,5184,13,661,211,377,2024-03-05,8PM,81,686,1585,7.2,25,27,12.6,Failed,5,Yes,Yes,Sprint-2,1626.4,
D0258,Alex,DevOps,,USA,Forge,Python,999999,144,1129,15,83,400,393,2023-03-12,00:00,60,2414,1249,12.7,25,10,61.9,Success,9,No,No,Sprint-2,2187.1,Apache-2.0
D0678, ,Platform,,Germany,Forge, PYTHON,-5,68,2963,200,338,134,51,2023-06-14,25:61,20,3166,286,3.4,25,25,28.4,Failed,0,Yes,Yes,Sprint-4,965.9,MIT
D0319,Taylor,Backend,,USA,Nova, PYTHON,574,570,4910,105,80,210,291,09/01/2023,00:00,83,3241,2647,10.3,16,30,18.4,Failed,7,No,Yes,Sprint-11,1857.3,MIT
D0590, ,Backend,,India,Forge,Rust,999999,190,5291,99,780,228,207,23/06/2023,8PM,74,314,1804,7.0,30,2,15.3,Success,2,Yes,Yes,Sprint-11,2085.3,Apache-2.0
D0681,Sam,Platform,7.3,India,Atlas,Go,999999,577,1907,80,51,391,397,11/12/2024,25:61,38,3976,2291,4.7,2,8,37.5,Failed,10,No,No,Sprint-12,2669.9,Apache-2.0
D0399, ,Platform,,USA,Nova,Go,2220,207,5322,101,763,476,277,2024-03-15,00:00,66,3729,2883,6.0,28,9,37.4,Failed,3,Yes,Yes,Sprint-12,3837.9,
D0688, ,Backend,,Germany,Forge,TypeScript,999999,146,107,147,359,16,272,30/03/2024,25:61,21,1556,2737,3.9,19,19,46.1,FAIL,10,Yes,Yes,Sprint-1,4662.7,GPL
D0068,Taylor,DevOps,,USA,Nova,TypeScript,999999,381,3127,148,477,431,13,30/08/2024,00:00,98,490,2722,10.4,24,6,34.0,FAIL,6,No,No,Sprint-11,2204.2,MIT
D0122,Sam,DevOps,,India,Forge,python,999999,985,1001,48,351,74,488,03/02/2023,00:00,20,3031,2149,4.4,16,16,46.8, ,5,Yes,No,Sprint-2,4822.4,GPL
D0329,Sam,AI,,India,Atlas,,-5,226,967,60,722,355,90,27/06/2024,25:61,42,4190,702,4.5,14,30,18.2,Success,3,No,No,Sprint-1,4777.3,GPL
D0026, ,DevOps,,India,Forge,Go,999999,357,4423,198,828,395,444,2023-11-09,25:61,54,3898,2219,3.8,23,2,7.8,Failed,8,No,Yes,Sprint-2,4434.1,MIT
D0290,Sam,DevOps,,India,Forge,,-5,345,871,27,333,115,412,06/01/2025,25:61,13,1467,819,4.1,22,23,23.6,FAIL,5,No,No,Sprint-10,4538.3,GPL
D0320,Chris,Backend,,USA,Forge,python,-5,573,482,81,781,194,292,2025-02-11,25:61,28,227,1343,3.7,13,15,12.5,FAIL,7,Yes,Yes,Sprint-3,2565.1,MIT
D0533,Alex,Platform,10.3,India,Atlas, PYTHON,3332,291,1589,189,895,12,229,2024-11-03,25:61,30,1453,924,0.0,26,14,52.1,Failed,0,No,No,Sprint-7,1364.5,MIT
D0550,Chris,Platform,1.6,USA,Nova,Rust,4205,748,2019,181,158,42,157,26/07/2023,25:61,86,4786,2793,12.8,17,2,29.2,Failed,6,Yes,Yes,Sprint-12,1868.4,
D0104,Alex,AI,6.2,Germany,Nova,Go,999999,232,2179,166,188,177,79,05/08/2023,25:61,52,4951,2443,6.5,27,6,22.9,Success,0,No,No,Sprint-3,1579.2,MIT
D0114,Chris,Frontend,,Germany,Atlas,,999999,504,1379,97,529,162,368,24/06/2023,00:00,98,4917,782,5.6,25,30,0.8, ,1,No,No,Sprint-4,2379.5,GPL
D0434,Sam,DevOps,12.1,Germany,Forge,,-5,800,2016,33,919,17,253,2023-10-26,25:61,56,1613,2049,5.9,8,17,18.0,Success,3,Yes,No,Sprint-3,1265.6,MIT
D0029,Chris,Frontend,,USA,Forge,,-5,603,1033,49,611,471,157,28/08/2023,25:61,43,1648,1307,12.3,7,6,62.0,Success,4,No,Yes,Sprint-3,2322.3,GPL
D0182,Alex,Platform,2.0,Germany,Atlas,pyhton,-5,158,4888,21,833,277,326,23/10/2024,25:61,64,2762,1773,2.4,16,8,56.7,FAIL,6,No,Yes,Sprint-2,1971.3,GPL
D0179,Alex,Frontend,,Germany,Forge,Rust,2106,307,700,119,313,496,218,06/02/2024,00:00,37,3335,1068,8.3,16,13,38.6,FAIL,3,No,No,Sprint-11,4624.9,GPL
D0322,Sam,AI,,USA,Nova,Go,999999,510,3147,85,41,48,123,16/05/2025,8PM,25,1407,1428,5.6,1,14,40.0,Failed,2,Yes,Yes,Sprint-3,2906.3,GPL
D0536,Taylor,Backend,,USA,Forge, PYTHON,2529,177,2109,107,594,73,326,06/05/2024,8PM,74,3239,721,0.1,26,17,31.8,Failed,0,No,No,Sprint-9,4521.5,MIT
D0366,Sam,AI,14.8,USA,Forge,Rust,999999,840,2651,155,47,494,460,2024-09-12,25:61,64,480,471,2.3,20,8,43.7,Success,8,Yes,Yes,Sprint-8,1977.7,MIT
D0341,Chris,Platform,,USA,Forge,Go,2029,742,4143,183,66,38,258,28/08/2024,8PM,53,249,1509,0.6,23,12,54.9,Success,2,Yes,Yes,Sprint-11,2181.4,MIT
D0406,Taylor,DevOps,4.5,Germany,Forge,Python,-5,164,2074,67,27,227,470,2025-02-10,8PM,3,2016,1531,11.4,6,21,26.9,Success,4,Yes,No,Sprint-3,4482.6,GPL
D0251, ,DevOps,,Germany,Atlas,Python,-5,577,322,73,844,462,109,11/05/2025,25:61,81,2391,466,10.2,21,28,59.5,Success,8,Yes,Yes,Sprint-8,1245.1,
D0088,Chris,Backend,13.5,USA,Nova,python,1315,173,893,52,15,117,267,2023-04-13,00:00,52,2071,29,12.1,11,1,40.9, ,0,Yes,No,Sprint-8,2113.5,Apache-2.0
D0292,Alex,DevOps,5.9,India,Atlas,,4809,106,1058,29,787,53,355,2024-05-17,00:00,88,4741,1901,4.8,21,26,19.1, ,9,Yes,No,Sprint-3,3784.4,
D0347,Alex,Frontend,,USA,Nova,TypeScript,4586,990,5335,94,565,146,32,10/04/2023,25:61,25,203,164,11.9,13,15,0.1,Failed,4,No,Yes,Sprint-4,3236.5,MIT
D0249, ,DevOps,,Germany,Atlas,Java,-5,237,3483,72,343,433,322,2023-01-01,00:00,27,4591,1365,6.2,25,16,3.3,Failed,10,No,Yes,Sprint-8,27.3,
D0480,Alex,DevOps,,USA,Forge,Python,916,501,1162,80,461,155,360,2023-06-25,25:61,23,357,2018,11.7,27,9,62.5,Failed,6,No,Yes,Sprint-6,2992.8,
D0579,Taylor,DevOps,4.8,USA,Atlas,Go,4041,293,5700,119,156,277,417,2024-09-08,25:61,62,4432,1378,11.9,23,26,61.2,Failed,7,No,No,Sprint-2,926.9,GPL
D0599,Chris,Frontend,,India,Atlas,,999999,362,2868,151,500,100,428,2023-08-12,25:61,93,3178,1964,1.9,14,21,44.6,Success,10,Yes,No,Sprint-1,1403.7,
D0533,Chris,Backend,,Germany,Nova,Python,-5,12,2693,73,632,483,175,2024-02-02,25:61,36,2795,1385,9.7,20,15,23.7,Failed,10,Yes,No,Sprint-11,3794.4,MIT
D0331,Chris,AI,,India,Forge,python,1445,153,2158,198,844,461,492,21/05/2023,25:61,19,353,1576,7.1,22,28,68.7, ,3,Yes,Yes,Sprint-12,794.9,
D0063,Taylor,Backend,13.6,India,Nova,Go,-5,951,5633,6,166,295,363,13/12/2024,25:61,43,1484,1515,4.3,5,2,1.0,Failed,2,No,No,Sprint-2,2396.9,GPL
D0302,Taylor,Platform,,Germany,Forge,,-5,278,1787,4,540,395,159,17/06/2023,00:00,6,995,2524,2.4,18,28,70.9,Failed,0,No,No,Sprint-6,3682.3,Apache-2.0
D0211, ,Frontend,,India,Nova,pyhton,3126,157,1951,99,208,382,78,2023-02-05,25:61,14,4273,106,4.7,21,19,30.9,Failed,0,No,No,Sprint-8,2935.4,MIT
D0160,Taylor,Frontend,6.7,Germany,Forge, PYTHON,999999,999,2665,34,471,119,165,13/10/2023,8PM,48,119,1029,11.3,14,9,27.2,Failed,7,Yes,No,Sprint-1,2102.1,MIT
D0533,Sam,Platform,,USA,Atlas,Go,999999,778,2851,73,669,426,238,21/09/2024,25:61,52,4432,189,2.1,20,20,56.3,Failed,2,Yes,No,Sprint-2,3277.3,Apache-2.0
D0183,Alex,Backend,2.1,USA,Nova,Python,4933,638,2379,154,313,53,422,26/05/2023,8PM,84,2241,1715,10.2,21,13,47.5,Failed,4,Yes,No,Sprint-4,1537.7,Apache-2.0
D0671,Sam,DevOps,,Germany,Atlas,TypeScript,3334,275,4271,103,426,458,63,2024-11-10,00:00,59,479,2082,2.2,20,16,4.4,Success,6,Yes,No,Sprint-8,939.0,
D0523,Sam,Frontend,,USA,Nova, PYTHON,1312,920,573,28,741,309,492,02/04/2024,00:00,28,954,687,12.2,4,24,42.5,Failed,0,Yes,Yes,Sprint-9,2046.3,GPL
D0086, ,DevOps,13.7,Germany,Nova,,3976,187,4565,149,71,4,221,15/09/2023,8PM,68,2016,1300,4.0,4,19,56.2,Success,5,Yes,No,Sprint-9,2494.1,GPL
D0105,Sam,Frontend,,India,Forge,Go,3784,190,1813,104,81,168,404,11/01/2025,8PM,50,3604,743,8.4,5,17,54.9,Success,2,No,No,Sprint-2,1590.4,
D0424,Chris,Backend,3.3,Germany,Nova,Python,999999,142,4157,173,833,94,177,07/03/2025,25:61,88,1054,2929,10.1,14,10,15.2,Failed,5,Yes,Yes,Sprint-10,4449.8,Apache-2.0
D0548, ,Platform,,USA,Nova, PYTHON,999999,91,1322,11,937,261,248,29/04/2025,00:00,81,205,272,2.6,9,8,59.1,Success,8,Yes,Yes,Sprint-1,2198.6,Apache-2.0
D0594,Alex,AI,,Germany,Atlas,Go,-5,928,1523,75,423,475,64,2024-02-06,8PM,52,690,90,7.5,27,23,55.6,FAIL,10,Yes,Yes,Sprint-1,3438.9,
D0648,Alex,DevOps,,USA,Atlas,python,999999,902,2019,98,784,412,180,06/06/2024,8PM,51,1746,2967,5.1,14,7,2.9, ,8,No,Yes,Sprint-11,3833.2,
D0666,Alex,Backend,,Germany,Forge,TypeScript,999999,472,3825,91,469,495,445,2024-12-12,25:61,41,996,1229,8.2,19,15,2.9, ,5,No,No,Sprint-12,2247.1,GPL
D0675,Sam,AI,,USA,Forge,Go,999999,534,5805,99,701,430,448,2024-09-12,25:61,3,3393,675,0.9,8,8,17.6,Failed,1,Yes,No,Sprint-8,979.1,GPL
D0639,Taylor,Backend,,India,Atlas,TypeScript,1071,641,5543,191,640,183,314,2024-05-16,25:61,50,3803,1607,12.1,18,10,39.8,Success,1,Yes,Yes,Sprint-5,3405.0,GPL
D0171,Chris,Platform,,India,Forge, PYTHON,999999,746,5329,97,814,97,345,30/12/2023,8PM,94,1907,1517,12.5,29,18,26.9, ,7,Yes,No,Sprint-5,4843.9,Apache-2.0
D0651,Taylor,Platform,13.2,USA,Nova,Python,-5,743,3653,158,328,430,345,24/07/2023,25:61,49,4434,1807,9.5,16,16,53.3, ,2,No,No,Sprint-7,2640.3,Apache-2.0
D0559, ,Backend,5.4,USA,Forge, PYTHON,-5,278,2873,142,839,466,495,2023-11-21,8PM,6,557,1925,10.6,11,11,11.1, ,5,Yes,Yes,Sprint-12,362.6,GPL
D0067,Sam,Platform,4.4,India,Nova,Python,-5,345,5023,168,686,7,109,2025-01-31,00:00,72,4687,469,5.0,2,10,46.7, ,0,No,No,Sprint-3,1737.0,GPL
D0573,Chris,AI,11.2,India,Nova,Java,-5,542,4366,107,578,312,49,2024-06-13,25:61,43,2342,1368,10.5,4,0,58.7,Success,0,No,Yes,Sprint-5,1240.1,GPL
D0175,Sam,Backend,4.7,USA,Nova,pyhton,1166,915,5712,96,159,260,244,03/11/2023,00:00,55,47,2012,8.9,3,30,49.7,FAIL,4,No,Yes,Sprint-2,2506.0,MIT
D0346,Taylor,AI,10.0,Germany,Atlas,,1423,587,3099,69,838,43,479,2023-01-07,00:00,20,2947,311,10.6,6,5,67.4,Success,10,No,Yes,Sprint-5,4140.6,Apache-2.0
D0604,Sam,DevOps,,Germany,Forge,Go,-5,603,5984,25,381,13,9,2023-12-16,25:61,98,979,1946,0.2,12,29,11.9,FAIL,7,Yes,No,Sprint-11,2784.9,Apache-2.0
D0367,Sam,Backend,12.9,USA,Nova,Rust,999999,823,1926,75,679,125,463,2023-06-07,8PM,60,4935,258,2.2,26,12,37.4,Failed,5,No,No,Sprint-11,162.1,
D0103,Taylor,AI,,USA,Forge,Python,999999,173,5530,119,498,6,484,13/11/2023,25:61,33,2122,1005,11.4,1,7,0.9,Failed,5,No,No,Sprint-2,419.8,GPL
D0246,Chris,AI,14.5,Germany,Nova,TypeScript,-5,935,3922,147,148,303,330,2023-12-23,8PM,6,3296,1954,0.2,13,25,7.7,FAIL,4,No,Yes,Sprint-9,2809.5,MIT
D0427, ,AI,,Germany,Nova,Java,-5,282,4719,79,626,480,86,19/02/2024,8PM,57,4072,978,0.6,10,19,19.1,Success,4,Yes,Yes,Sprint-5,4808.2,MIT
D0345, ,Frontend,2.9,India,Forge,,1116,482,5918,193,68,2,282,2024-04-21,00:00,77,528,2321,13.9,23,9,0.3, ,4,No,Yes,Sprint-4,410.0,GPL
D0329,Taylor,Platform,,India,Nova,,329,764,3827,78,751,340,425,18/09/2023,25:61,93,307,88,10.9,15,18,40.2,FAIL,9,Yes,Yes,Sprint-9,952.5,Apache-2.0
D0335, ,Backend,14.4,India,Nova,,-5,73,1998,67,255,9,264,2024-06-14,25:61,16,1440,1448,9.3,5,21,69.0,FAIL,4,Yes,No,Sprint-8,3856.4,GPL
D0295, ,DevOps,4.3,USA,Forge,,1003,374,5652,189,13,254,268,10/09/2023,8PM,56,3046,2243,4.9,10,10,66.9, ,5,No,No,Sprint-6,198.0,
D0603,Chris,Platform,,USA,Nova,pyhton,-5,82,1221,132,749,331,2,23/11/2024,25:61,80,3941,1209,7.6,27,30,42.8,Failed,2,Yes,Yes,Sprint-9,2316.4,
D0459, ,Frontend,6.4,USA,Nova,Go,-5,848,1438,153,556,65,385,19/06/2023,00:00,2,557,2694,8.4,2,19,12.4,Failed,10,No,No,Sprint-8,2558.5,GPL
D0043,Sam,Platform,11.7,India,Nova,python,-5,786,909,122,112,52,161,2024-11-28,8PM,68,2501,1169,13.4,11,17,15.4,Failed,6,Yes,No,Sprint-10,561.9,
D0077,Chris,DevOps,7.1,India,Forge,Python,-5,923,2222,93,842,149,181,2023-12-08,8PM,2,2456,1991,2.3,4,26,11.7,FAIL,9,Yes,No,Sprint-12,488.9,GPL
D0605, ,AI,,USA,Atlas,python,-5,163,4441,66,186,120,74,2023-07-05,8PM,56,1277,184,7.1,13,5,66.2,FAIL,0,No,No,Sprint-5,1541.2,
D0291,Taylor,Platform,14.4,Germany,Atlas,python,-5,563,5994,159,596,454,48,05/07/2023,8PM,6,2109,1388,12.5,0,27,14.2,Failed,10,No,Yes,Sprint-2,1132.3,MIT
D0151,Chris,Backend,7.1,Germany,Nova,Java,-5,676,3807,106,829,231,199,2025-04-30,8PM,17,1441,971,10.9,19,2,8.0, ,1,No,Yes,Sprint-4,2861.5,Apache-2.0
D0268,Taylor,Backend,,India,Forge,,-5,528,1475,3,336,55,275,30/05/2024,25:61,31,2782,1648,10.3,7,8,43.3, ,0,Yes,Yes,Sprint-1,1997.5,Apache-2.0
D0614,Taylor,Platform,5.6,USA,Atlas,Java,999999,429,1236,30,870,154,308,2024-09-17,25:61,55,3424,2159,9.3,24,28,54.6, ,7,Yes,Yes,Sprint-11,1834.5,MIT
D0298,Sam,DevOps,,Germany,Atlas,Rust,999999,723,1541,17,953,69,36,2023-09-10,8PM,98,4136,1637,3.5,3,28,64.5, ,9,No,No,Sprint-4,2741.2,GPL
D0390,Sam,DevOps,,USA,Atlas,TypeScript,-5,485,3065,118,755,256,481,18/01/2023,8PM,76,4952,436,11.7,22,23,30.3,FAIL,4,Yes,No,Sprint-8,3141.7,Apache-2.0
D0583,Taylor,Frontend,11.3,Germany,Atlas,,-5,831,1904,88,594,333,479,12/06/2025,00:00,32,447,768,7.2,30,10,3.4,FAIL,3,No,Yes,Sprint-8,3484.2,
D0075,Sam,Backend,,India,Nova,Java,999999,298,289,169,277,11,410,27/04/2025,00:00,21,3470,1859,10.8,26,6,49.4,Failed,0,Yes,Yes,Sprint-1,888.2,Apache-2.0
D0272,Taylor,Platform,0.1,India,Forge,python,515,777,285,199,795,93,104,2023-03-08,8PM,59,2523,235,3.7,22,20,14.5,FAIL,8,No,No,Sprint-7,4108.4,Apache-2.0
D0485,Sam,Backend,7.0,Germany,Forge,Go,999999,139,4328,21,426,359,115,2024-12-08,8PM,1,3437,2671,5.6,10,19,23.1,FAIL,8,No,Yes,Sprint-12,2234.6,Apache-2.0
D0581,Alex,Backend,6.1,USA,Forge,TypeScript,4443,508,5135,15,851,100,252,22/02/2025,25:61,98,3532,5,0.0,6,6,57.6,Success,1,No,No,Sprint-7,4752.8,Apache-2.0
D0166,Sam,AI,,USA,Nova,Go,-5,994,5613,42,359,150,430,04/03/2024,00:00,69,1940,587,4.5,30,15,16.4, ,9,Yes,No,Sprint-11,894.2,
D0005,Alex,Backend,4.3,Germany,Nova, PYTHON,999999,224,908,154,908,173,393,2024-05-02,00:00,83,2136,1018,10.6,13,9,23.4,Failed,5,No,Yes,Sprint-2,1160.0,GPL
D0090, ,DevOps,7.8,India,Nova,Java,1223,930,5787,173,672,317,395,2024-01-14,00:00,65,1922,2998,13.9,18,25,32.8, ,0,Yes,No,Sprint-8,1822.9,GPL
D0694,Alex,Backend,,Germany,Atlas,Python,3862,906,3731,175,373,123,353,2024-11-26,00:00,23,1557,17,6.2,30,5,44.2,Failed,6,Yes,No,Sprint-6,3132.3,Apache-2.0
D0215,Sam,AI,,Germany,Forge,pyhton,3588,492,4915,144,410,380,384,25/09/2024,00:00,44,4355,2461,6.6,16,30,64.3, ,6,Yes,No,Sprint-9,2234.8,
D0059,Taylor,AI,,USA,Nova,python,999999,603,3351,14,966,335,411,02/01/2023,25:61,15,883,321,7.2,3,13,3.5, ,8,Yes,No,Sprint-8,384.6,
D0601,Alex,Frontend,,India,Nova,Rust,-5,623,2689,133,372,51,345,02/04/2024,00:00,75,1586,1177,8.2,16,7,52.2,Success,5,No,No,Sprint-8,3948.9,
D0533,Alex,AI,,India,Nova,Go,999999,486,5673,129,796,461,488,07/02/2023,8PM,76,274,1545,0.2,24,21,36.5, ,0,No,No,Sprint-11,218.5,GPL
D0027,Taylor,DevOps,14.9,Germany,Atlas,Python,999999,944,420,60,587,327,320,2023-11-10,00:00,67,3227,1331,9.1,27,5,58.6,Success,7,No,No,Sprint-4,3657.1,MIT
D0251, ,Backend,,Germany,Forge,Go,4922,861,1098,175,104,355,363,22/04/2023,00:00,37,762,1432,10.5,20,20,6.2,Success,3,No,Yes,Sprint-12,4814.9,Apache-2.0
D0692, ,Frontend,,India,Atlas, PYTHON,999999,609,3060,107,615,248,395,2023-02-23,8PM,32,4122,2729,13.2,0,14,33.5, ,6,Yes,No,Sprint-5,4799.1,Apache-2.0
D0128, ,AI,,India,Forge, PYTHON,-5,390,1451,37,633,337,167,2024-06-15,00:00,88,3092,2408,10.4,4,27,42.6,FAIL,6,Yes,Yes,Sprint-9,298.5,
D0691,Taylor,Frontend,,India,Forge,pyhton,999999,64,2281,200,118,78,494,08/04/2025,25:61,48,3608,84,0.3,16,22,36.3,FAIL,9,No,Yes,Sprint-10,2051.3,GPL
D0291,Chris,AI,,India,Atlas,,-5,84,3420,99,408,480,226,2024-08-10,8PM,87,4838,223,0.6,13,20,3.8,Success,8,No,Yes,Sprint-1,1584.7,GPL
D0565,Chris,Frontend,,India,Forge, PYTHON,999999,207,59,50,258,283,157,29/05/2024,00:00,100,419,1926,6.5,26,23,60.9,Success,6,No,Yes,Sprint-4,4895.6,
D0282,Taylor,AI,9.6,USA,Forge,Java,3720,601,853,5,996,461,64,2023-08-20,25:61,7,2126,2824,8.8,18,11,50.6,Success,6,No,Yes,Sprint-3,1911.4,Apache-2.0
D0105,Alex,AI,9.6,Germany,Atlas,TypeScript,999999,965,4160,99,424,304,87,04/12/2023,8PM,66,1181,2302,4.7,6,7,21.2, ,5,Yes,Yes,Sprint-8,2946.6,GPL
D0247,Taylor,AI,3.6,Germany,Forge,Go,999999,751,3064,66,589,353,337,10/08/2024,8PM,99,1561,1279,11.4,30,0,45.3, ,1,Yes,Yes,Sprint-7,2275.5,
D0072,Sam,Backend,,Germany,Nova,pyhton,-5,555,5888,96,724,139,49,2023-01-10,8PM,59,57,905,0.1,28,3,7.8,Failed,7,No,Yes,Sprint-11,2912.2,Apache-2.0
D0143,Alex,Frontend,8.3,India,Nova,Python,4583,106,2833,176,135,396,357,07/12/2024,00:00,20,2930,1084,0.6,4,16,61.3,FAIL,4,Yes,Yes,Sprint-12,1570.3,
D0503,Chris,Backend,,India,Atlas,python,-5,457,142,173,49,423,32,2024-12-17,8PM,16,202,2079,9.4,16,0,45.4,FAIL,1,Yes,Yes,Sprint-3,3088.9,
D0499,Chris,Backend,,USA,Nova,python,-5,285,4125,42,390,19,34,2024-01-19,25:61,20,2716,358,11.8,1,7,8.5, ,0,No,No,Sprint-6,1544.0,GPL
D0241,Sam,DevOps,,USA,Nova, PYTHON,3305,231,1259,138,325,125,357,2025-03-18,25:61,83,2093,1028,3.2,27,3,6.2,FAIL,9,No,Yes,Sprint-8,3211.7,GPL
D0400,Chris,DevOps,0.4,India,Nova,Rust,999999,922,3180,118,480,387,442,29/02/2024,00:00,87,510,910,12.3,11,29,54.1,Success,1,Yes,Yes,Sprint-6,4812.6,Apache-2.0
D0575,Sam,Backend,4.5,USA,Nova,Python,2883,944,3284,122,957,359,489,14/12/2023,25:61,9,993,1380,7.0,0,8,40.3, ,6,Yes,Yes,Sprint-7,1333.1,GPL
D0134,Taylor,AI,4.8,USA,Forge,TypeScript,-5,942,483,60,494,393,119,15/12/2024,25:61,77,966,1660,2.6,25,7,66.5, ,6,No,Yes,Sprint-1,1129.2,
D0127,Sam,Platform,,Germany,Atlas,TypeScript,-5,299,3061,154,677,474,387,2023-04-07,8PM,11,3783,2391,10.5,13,7,53.2,Success,0,No,Yes,Sprint-5,3512.2,
D0650,Alex,Frontend,6.3,Germany,Nova,pyhton,4726,597,2579,173,294,33,46,02/04/2024,00:00,25,4297,417,9.4,12,21,29.9,FAIL,2,Yes,Yes,Sprint-10,4424.9,GPL
D0126,Alex,Frontend,,India,Atlas,Go,-5,74,4598,18,169,10,494,06/01/2023,00:00,49,852,1869,2.7,13,21,25.6,Success,2,Yes,No,Sprint-4,4146.1,Apache-2.0
D0585,Alex,DevOps,,Germany,Forge,Java,-5,875,4318,112,911,115,247,2023-09-21,00:00,78,3747,603,9.7,18,1,47.7, ,9,Yes,Yes,Sprint-3,4418.7,GPL
D0199,Chris,Platform,14.3,Germany,Nova,Rust,4684,431,2012,20,107,452,102,14/02/2024,8PM,8,4327,1398,8.8,4,12,7.1, ,6,Yes,No,Sprint-3,4702.7,
D0276, ,Platform,,Germany,Nova,TypeScript,3813,244,1241,17,206,443,110,2024-07-27,00:00,31,92,2632,0.4,29,20,10.2,Failed,5,No,Yes,Sprint-3,4300.2,GPL
D0424,Alex,Backend,,Germany,Atlas,Python,999999,20,1729,186,110,312,326,2023-05-04,25:61,38,1585,624,9.8,2,3,51.4,Success,1,Yes,Yes,Sprint-8,2620.6,GPL
D0618, ,Platform,,Germany,Forge,pyhton,3766,637,2120,53,926,128,82,2023-04-28,25:61,98,2035,2448,10.0,3,13,6.8,Success,1,No,No,Sprint-3,75.7,MIT
D0359,Chris,Platform,12.6,USA,Nova,Python,-5,885,3294,54,505,212,152,2024-08-16,8PM,89,3530,772,1.2,17,3,11.5,Success,0,No,Yes,Sprint-2,1635.8,
D0539,Taylor,DevOps,1.9,USA,Atlas,python,1342,576,525,151,396,38,386,07/11/2024,00:00,31,4813,1929,11.5,25,11,64.7,FAIL,4,No,No,Sprint-12,724.3,GPL
D0672,Chris,Platform,,India,Forge,Python,999999,207,5317,3,289,379,225,2025-04-10,00:00,93,895,359,1.5,29,19,55.7,Success,7,Yes,No,Sprint-3,1734.6,
D0537, ,Platform,6.2,Germany,Forge,Python,429,657,101,166,87,426,401,2024-05-19,8PM,60,4009,2715,13.9,8,25,7.6,Failed,7,Yes,No,Sprint-11,2799.5,
D0177,Chris,Platform,2.9,India,Atlas,python,-5,512,3804,53,5,290,471,06/01/2024,8PM,18,4059,1357,8.9,30,15,59.7,Failed,5,Yes,Yes,Sprint-10,183.5,
D0289, ,Platform,,Germany,Nova,python,-5,637,4677,124,361,359,366,19/01/2025,00:00,36,4105,157,14.0,6,7,50.0,FAIL,3,Yes,No,Sprint-2,2818.2,Apache-2.0
D0679,Alex,DevOps,13.4,India,Forge,python,999999,630,391,181,100,238,476,01/05/2025,8PM,19,3953,418,6.5,16,18,54.9,FAIL,9,No,Yes,Sprint-4,2127.4,
D0128,Chris,Frontend,,USA,Atlas,pyhton,999999,30,3939,144,322,212,33,2023-10-28,8PM,16,1762,1072,12.8,9,0,30.5,Success,9,No,No,Sprint-2,1984.4,
D0313,Taylor,AI,14.8,India,Forge, PYTHON,3389,81,3733,111,489,34,150,16/10/2023,00:00,76,1915,2839,6.3,26,19,38.9,Success,1,No,No,Sprint-11,527.1,MIT
D0028,Sam,Backend,8.6,USA,Nova,Go,-5,774,924,172,753,308,28,2023-08-09,00:00,39,2653,895,10.6,20,20,12.6,Success,7,No,No,Sprint-8,3893.9,Apache-2.0
D0633, ,Backend,6.8,Germany,Atlas,TypeScript,-5,719,3318,197,350,301,124,06/07/2023,8PM,9,18,1892,2.0,23,15,61.7,Success,6,No,Yes,Sprint-9,1179.7,Apache-2.0
D0054,Sam,AI,,India,Atlas,Java,-5,197,3447,76,903,312,1,26/10/2024,00:00,52,2367,630,2.6,27,17,14.7,Success,1,No,No,Sprint-6,2252.7,GPL
D0288,Sam,AI,,Germany,Forge,Python,-5,325,1820,85,766,171,319,24/07/2024,8PM,23,4298,2523,11.7,21,27,58.2, ,3,No,No,Sprint-3,732.3,GPL
D0251,Chris,Frontend,0.7,USA,Forge, PYTHON,535,804,4804,99,693,202,130,2024-02-07,25:61,93,2241,1277,6.7,15,27,32.8,Failed,4,Yes,Yes,Sprint-7,4408.4,Apache-2.0
D0103,Alex,Frontend,10.9,India,Nova,TypeScript,999999,115,2614,118,678,27,387,2023-07-06,00:00,22,3129,522,4.3,30,17,37.7,FAIL,8,No,Yes,Sprint-9,860.9,MIT
D0623,Sam,Platform,4.6,Germany,Forge,pyhton,246,425,2099,104,29,175,261,11/03/2023,00:00,66,1112,522,4.1,10,14,51.1, ,10,No,Yes,Sprint-11,2427.0,Apache-2.0
D0633,Chris,Frontend,,India,Forge,python,-5,124,5404,139,88,165,461,2023-03-28,8PM,43,1179,1512,3.1,0,7,32.3,FAIL,4,Yes,No,Sprint-11,2500.7,Apache-2.0
D0451,Alex,AI,8.5,India,Nova,Go,999999,733,2874,153,781,206,116,2023-01-09,25:61,5,2208,433,9.3,2,8,47.7, ,0,No,Yes,Sprint-12,4901.5,
D0543,Taylor,DevOps,2.5,Germany,Atlas,python,999999,627,3526,87,877,159,269,02/05/2025,8PM,74,2238,1259,6.0,17,25,43.9,Failed,5,No,No,Sprint-12,4676.7,MIT
D0268, ,Platform,9.4,India,Atlas,Rust,999999,766,1298,89,344,259,15,07/09/2024,25:61,48,2573,2708,0.7,24,16,12.0,Failed,7,Yes,Yes,Sprint-7,3054.0,GPL
D0567,Taylor,Backend,9.7,Germany,Nova,TypeScript,-5,419,2464,157,927,229,243,31/01/2023,00:00,29,4099,1714,0.5,23,22,54.6,Failed,6,Yes,No,Sprint-12,3769.3,MIT
D0648, ,Platform,,India,Atlas, PYTHON,999999,554,1098,98,204,165,280,12/04/2025,00:00,25,464,449,12.6,20,30,43.4,Failed,0,Yes,No,Sprint-2,4388.1,GPL
D0587,Alex,AI,,USA,Forge,Go,1481,157,4625,191,645,321,151,2024-01-07,8PM,29,1732,2265,3.1,9,23,27.0,FAIL,7,Yes,No,Sprint-10,4135.7,GPL
D0582,Chris,Backend,14.9,India,Nova,python,-5,358,4560,177,702,423,215,2023-01-18,00:00,92,4082,1253,1.9,11,26,1.4,Success,6,No,No,Sprint-12,553.7,
D0060,Alex,AI,,India,Atlas,,-5,774,3076,50,643,136,24,26/11/2024,00:00,26,1050,2579,11.2,25,17,69.6,Success,7,Yes,No,Sprint-1,3608.8,Apache-2.0
D0266, ,Backend,,USA,Atlas, PYTHON,3679,970,351,181,257,498,125,2023-04-04,25:61,12,1382,1656,2.1,6,27,32.2,FAIL,3,Yes,Yes,Sprint-3,1354.7,GPL
D0353, ,DevOps,10.1,USA,Atlas,pyhton,-5,629,2634,60,664,210,273,2024-08-18,00:00,8,4869,2525,0.7,26,20,23.0,Failed,3,Yes,No,Sprint-4,3009.8,MIT
D0355,Sam,Backend,,Germany,Nova,,-5,442,3888,80,865,54,187,24/07/2023,8PM,61,4276,2087,10.9,2,16,23.3,Success,1,Yes,No,Sprint-4,665.2,GPL
D0084,Alex,Platform,,India,Nova,Rust,-5,195,5219,27,628,90,306,27/02/2023,25:61,87,2967,1704,5.6,22,12,15.4, ,9,No,No,Sprint-8,3741.8,Apache-2.0
D0636,Taylor,Backend,9.2,India,Atlas,TypeScript,4245,473,234,96,281,273,303,2023-11-29,8PM,22,4512,2881,6.3,3,11,67.8,FAIL,6,Yes,No,Sprint-10,1661.3,GPL
D0115,Chris,Backend,,India,Nova,TypeScript,3439,371,1315,23,83,17,300,26/03/2024,25:61,9,2801,2295,10.3,8,24,35.8,Success,6,No,Yes,Sprint-4,857.6,GPL
D0127,Sam,Frontend,7.6,India,Forge,TypeScript,1840,96,3896,109,529,132,124,2024-01-12,00:00,67,4975,2851,7.9,21,14,14.4,Success,5,No,No,Sprint-4,3793.8,
D0263, ,Platform,,India,Nova,TypeScript,999999,803,2434,126,891,388,194,2023-04-25,25:61,4,4507,391,13.5,9,6,68.2, ,9,No,No,Sprint-9,3906.8,
D0038,Chris,Backend,12.9,Germany,Nova, PYTHON,999999,283,5719,71,179,213,472,2024-03-16,00:00,67,4617,1707,3.8,7,26,49.1,Success,3,Yes,No,Sprint-3,2153.9,
D0405,Alex,AI,,USA,Forge,Python,999999,201,2993,26,357,143,254,28/12/2023,25:61,57,2565,2679,1.1,21,23,13.4, ,2,Yes,Yes,Sprint-6,1291.8,Apache-2.0
D0223,Chris,Platform,,India,Nova,,999999,999,3414,187,297,480,373,14/02/2024,00:00,42,1957,2688,10.3,9,25,13.9,Success,0,Yes,Yes,Sprint-5,4869.3,
D0160,Alex,Frontend,8.0,India,Atlas,Go,999999,146,1444,164,972,218,205,27/07/2023,8PM,56,2387,503,1.3,1,23,23.7,Failed,9,No,No,Sprint-6,1040.1,
D0202, ,DevOps,,Germany,Forge,python,3629,885,122,29,669,123,438,15/02/2024,25:61,57,1365,2985,0.7,20,2,10.5,Success,8,No,No,Sprint-5,1295.5,
D0419,Alex,Backend,8.6,USA,Forge,pyhton,-5,931,5734,128,593,208,177,2024-06-22,8PM,18,4254,2835,5.2,13,29,37.8,Failed,8,No,Yes,Sprint-10,4594.5,
D0604, ,DevOps,3.3,Germany,Forge,Rust,1457,491,2130,158,29,229,181,2023-10-22,8PM,46,1874,781,6.8,16,26,26.8, ,3,Yes,Yes,Sprint-1,4002.7,MIT
D0427,Sam,AI,0.4,USA,Atlas, PYTHON,999999,111,3114,162,598,90,416,30/05/2025,00:00,64,1542,258,0.3,19,7,5.8,Failed,10,Yes,Yes,Sprint-10,4606.5,MIT
D0285,Taylor,Platform,1.4,Germany,Nova,pyhton,999999,445,512,142,315,197,454,10/06/2024,00:00,41,2054,1640,2.6,0,11,17.8, ,10,No,Yes,Sprint-3,4400.8,GPL
D0070,Chris,DevOps,,India,Nova, PYTHON,-5,251,1216,53,187,280,224,2024-03-02,00:00,57,2338,544,0.2,30,27,60.6, ,2,Yes,No,Sprint-10,2102.9,Apache-2.0
D0072,Taylor,Platform,,India,Forge,Java,-5,952,3990,73,329,258,1,07/04/2024,8PM,85,1495,745,1.2,14,24,35.9,FAIL,7,Yes,Yes,Sprint-10,3196.1,Apache-2.0
D0159,Taylor,Platform,9.7,India,Nova,pyhton,999999,838,3526,9,770,362,151,2023-01-14,8PM,95,1311,2071,2.5,14,3,62.6,Failed,10,No,Yes,Sprint-5,2178.4,MIT
D0429,Alex,Platform,0.8,Germany,Atlas,Python,-5,771,1756,98,99,12,108,2023-02-11,8PM,38,3337,1196,3.6,9,0,28.2,FAIL,1,No,No,Sprint-9,3045.1,GPL
D0243,Taylor,Backend,4.8,Germany,Forge,Python,-5,957,3207,62,844,455,472,15/06/2025,00:00,3,3596,460,10.9,8,23,58.8,FAIL,9,No,Yes,Sprint-8,2200.8,MIT
D0657, ,AI,8.2,USA,Nova,,999999,258,2154,23,51,365,0,25/11/2024,8PM,95,4479,2812,5.8,11,6,11.7, ,10,Yes,Yes,Sprint-6,854.2,Apache-2.0
D0322, ,Backend,,India,Nova,Go,-5,135,212,3,978,74,108,12/09/2024,8PM,82,3028,1309,2.4,3,22,48.5,Failed,4,Yes,Yes,Sprint-4,3433.4,Apache-2.0
D0645, ,AI,,Germany,Forge, PYTHON,3777,720,3912,40,231,282,478,2023-01-16,25:61,19,2218,2543,7.3,28,3,62.4,FAIL,5,Yes,No,Sprint-8,4453.6,GPL
D0319,Alex,Backend,,India,Nova,python,999999,544,5833,196,953,479,439,2024-02-05,8PM,96,870,1105,11.3,19,22,51.9,Failed,9,Yes,No,Sprint-4,4308.8,
D0093, ,Frontend,0.8,USA,Forge,Python,999999,96,5288,173,784,260,84,2023-08-02,8PM,100,2397,2234,3.8,21,6,19.7,Success,8,Yes,No,Sprint-11,2348.6,
D0137,Chris,Frontend,,India,Forge,,-5,981,4356,121,440,113,318,2023-04-08,8PM,12,4835,1162,11.8,29,17,68.0,FAIL,3,No,No,Sprint-1,3702.3,
D0359,Chris,AI,6.5,Germany,Forge,python,-5,521,45,195,367,260,133,15/12/2024,25:61,22,675,908,9.4,24,16,32.6,FAIL,4,No,Yes,Sprint-4,1403.8,
D0657,Sam,DevOps,,India,Forge,TypeScript,-5,381,5666,148,387,94,93,01/09/2023,8PM,74,2498,959,1.6,7,3,8.5,Success,5,No,No,Sprint-12,959.5,GPL
D0675,Sam,Backend,5.7,Germany,Atlas, PYTHON,-5,734,4570,86,124,423,421,2023-05-14,8PM,47,2257,2983,6.7,8,12,33.2,FAIL,5,No,Yes,Sprint-9,2457.3,
D0250,Chris,Platform,12.9,Germany,Forge,Java,-5,407,4478,159,659,316,462,26/11/2023,25:61,5,2807,2691,8.2,20,8,11.6,Failed,1,No,No,Sprint-2,3536.2,
D0605, ,Backend,6.2,USA,Atlas,Java,-5,309,4333,159,647,209,455,2023-02-11,25:61,24,3723,2308,11.8,26,14,34.3,Success,9,Yes,Yes,Sprint-11,146.7,
D0183,Alex,DevOps,7.1,India,Nova,python,163,908,3176,199,102,32,59,2024-10-03,8PM,79,19,663,9.3,1,20,57.0,FAIL,6,No,Yes,Sprint-5,1962.6,MIT
D0473,Chris,AI,4.5,India,Nova,,999999,228,2949,11,330,400,88,12/07/2024,8PM,6,3851,2425,10.2,17,1,1.9, ,1,No,No,Sprint-4,4857.1,GPL
D0209,Chris,DevOps,2.7,India,Nova,python,999999,956,2723,84,159,102,485,17/06/2025,8PM,42,1866,704,5.7,18,22,49.0,Failed,9,No,Yes,Sprint-4,3233.1,GPL
D0103, ,Backend,,India,Forge,python,1829,889,130,60,870,144,243,22/12/2023,00:00,21,1498,192,2.6,28,10,60.2,Failed,6,No,Yes,Sprint-2,3129.5,
D0369, ,AI,8.4,USA,Forge,TypeScript,2398,953,2066,174,359,227,68,2025-06-07,25:61,41,4024,65,12.2,14,28,64.9,Failed,8,Yes,No,Sprint-4,118.7,GPL
D0319,Sam,AI,0.4,India,Nova,,999999,502,4490,12,811,426,295,2024-06-15,25:61,69,986,1117,13.7,11,0,51.4, ,0,Yes,No,Sprint-2,4207.7,MIT
D0401,Chris,Platform,,India,Atlas,,-5,436,1498,119,788,119,486,14/06/2024,25:61,4,2818,551,8.8,18,19,55.7,Success,7,Yes,No,Sprint-11,4739.6,Apache-2.0
D0684,Sam,Backend,4.2,Germany,Forge,pyhton,-5,700,4774,20,212,287,142,21/11/2023,8PM,35,4408,1944,12.0,19,5,51.5,FAIL,4,No,Yes,Sprint-12,3532.4,Apache-2.0
D0358,Chris,DevOps,,India,Atlas,,999999,712,2493,25,414,376,67,06/12/2024,8PM,41,1809,940,9.2,10,15,26.3, ,5,No,No,Sprint-12,4579.9,MIT
D0585,Alex,Backend,,India,Forge,Rust,999999,338,4570,149,315,494,326,04/03/2024,00:00,42,3467,2762,11.0,14,26,19.9,Success,1,No,No,Sprint-12,3515.8,Apache-2.0
D0208,Sam,AI,,India,Atlas,pyhton,999999,523,3388,153,401,177,220,23/01/2025,00:00,85,3540,1825,11.1,30,16,47.4,FAIL,2,Yes,No,Sprint-4,696.0,MIT
D0059,Alex,Frontend,13.4,India,Forge,,-5,61,247,47,76,387,239,2023-12-17,00:00,39,1314,2157,0.7,9,22,11.2,FAIL,0,No,No,Sprint-3,3285.8,Apache-2.0
D0028,Taylor,Frontend,1.6,USA,Atlas, PYTHON,3021,565,142,9,61,95,291,2023-03-18,25:61,30,1839,413,0.8,12,0,58.6,Success,10,No,Yes,Sprint-9,4217.6,Apache-2.0
D0472,Sam,Backend,4.3,Germany,Forge,Go,999999,684,5087,89,788,27,457,2023-08-08,25:61,2,3406,2477,6.9,26,28,0.8,Failed,1,Yes,Yes,Sprint-7,4378.1,Apache-2.0
D0090,Taylor,Backend,7.9,Germany,Nova,pyhton,2243,983,3655,46,993,147,450,04/07/2024,25:61,59,862,20,12.7,23,17,60.5,FAIL,5,Yes,Yes,Sprint-10,2140.5,
D0236,Chris,DevOps,5.2,Germany,Atlas,Python,999999,610,1425,150,580,301,373,13/08/2023,8PM,48,1488,203,12.4,22,15,26.1,Failed,2,No,Yes,Sprint-11,2587.5,
D0449,Chris,AI,9.4,India,Atlas,Java,999999,163,2442,165,468,366,451,2023-03-28,8PM,13,3067,1309,12.0,8,30,6.4,FAIL,3,No,Yes,Sprint-6,2024.0,GPL
D0210,Sam,AI,,Germany,Nova,python,-5,834,1377,95,672,385,190,12/07/2023,00:00,60,3405,382,13.9,12,0,62.5, ,2,No,No,Sprint-1,1400.0,Apache-2.0
D0309,Sam,Backend,7.2,USA,Atlas,Go,2674,133,1215,146,707,231,278,2024-05-31,8PM,53,3219,2543,1.8,21,18,67.8,FAIL,10,Yes,Yes,Sprint-7,4169.2,Apache-2.0
D0296,Alex,AI,7.8,USA,Forge,,-5,379,5133,3,117,333,390,03/04/2023,00:00,39,3188,1289,6.0,1,26,35.0,Failed,1,Yes,Yes,Sprint-7,927.6,MIT
D0636,Chris,DevOps,3.6,India,Forge,Java,-5,547,5627,12,997,243,357,27/05/2024,25:61,83,4760,737,13.0,1,1,4.1,Failed,2,Yes,Yes,Sprint-7,343.8,
D0285, ,Frontend,8.0,Germany,Atlas,pyhton,999999,172,2014,58,909,297,84,09/02/2025,25:61,70,1851,803,5.2,10,3,65.3,Success,10,Yes,No,Sprint-1,1023.2,MIT
D0249, ,AI,,USA,Atlas,,2681,340,1405,55,510,141,68,2023-06-30,00:00,28,963,38,2.1,10,11,6.9,Failed,10,Yes,Yes,Sprint-6,2691.5,MIT
D0208,Sam,AI,6.8,Germany,Forge,Go,999999,229,2872,76,951,448,175,17/01/2025,00:00,1,1765,818,7.6,6,29,40.9,FAIL,3,No,Yes,Sprint-9,4095.8,Apache-2.0
D0582,Chris,Frontend,,India,Atlas,TypeScript,999999,570,2574,109,489,75,427,2023-03-14,25:61,64,2324,2011,2.8,1,10,7.8,Success,4,Yes,No,Sprint-12,649.4,GPL
D0598,Chris,Backend,3.7,India,Nova,Python,-5,473,2219,68,892,496,266,13/06/2024,8PM,73,668,726,7.8,19,17,0.1, ,1,Yes,No,Sprint-11,1420.8,GPL
D0692,Sam,Platform,,India,Atlas, PYTHON,675,291,3400,152,729,364,298,2024-06-18,8PM,43,505,1108,5.4,26,11,63.7, ,4,No,Yes,Sprint-12,804.8,MIT
D0476,Alex,AI,7.5,USA,Nova,pyhton,999999,100,597,1,806,362,323,2023-11-22,00:00,6,3591,991,5.5,4,20,7.6, ,2,No,Yes,Sprint-7,2398.3,Apache-2.0
D0540,Sam,Platform,11.8,India,Forge,pyhton,999999,153,2603,65,29,462,351,18/08/2023,25:61,93,308,2311,10.5,29,10,24.1,FAIL,2,No,Yes,Sprint-7,3925.4,GPL
D0349,Alex,Backend,6.4,USA,Forge,Rust,999999,133,4882,146,595,364,263,10/03/2025,8PM,42,3115,635,12.5,17,25,12.3, ,7,Yes,Yes,Sprint-3,722.8,
D0460,Sam,AI,1.8,USA,Nova,pyhton,999999,122,2082,1,650,154,48,2023-01-12,25:61,7,2490,978,6.0,22,18,12.2,FAIL,1,No,No,Sprint-6,3712.2,MIT
D0621,Taylor,Frontend,13.4,India,Nova,python,-5,428,1260,31,874,16,475,26/02/2024,8PM,83,1123,959,3.7,3,11,21.2,FAIL,6,No,Yes,Sprint-3,4676.9,GPL
D0517, ,DevOps,6.3,India,Nova,Rust,999999,959,1646,98,483,404,436,05/04/2024,00:00,67,-27,2633,5.5,27,16,13.1, ,7,Yes,Yes,Sprint-2,217.3,GPL
D0097,Alex,AI,,Germany,Nova, PYTHON,999999,71,1557,63,412,32,345,26/02/2023,00:00,5,3016,2384,1.4,7,22,28.1, ,3,No,No,Sprint-12,4888.2,Apache-2.0
D0343,Taylor,DevOps,,USA,Nova, PYTHON,-5,345,5056,58,457,94,124,2023-01-28,8PM,4,405,1795,3.1,1,18,51.4,FAIL,8,Yes,Yes,Sprint-3,4372.1,GPL
D0678,Taylor,Frontend,,India,Atlas,TypeScript,-5,5,10,43,177,123,457,2024-11-20,25:61,36,2851,1070,3.5,20,30,24.5,FAIL,4,Yes,Yes,Sprint-11,3350.4,
D0380,Sam,DevOps,6.2,Germany,Forge,TypeScript,3416,743,1096,105,767,103,220,27/03/2025,8PM,78,1468,2417,5.0,12,19,14.0,Success,8,No,No,Sprint-5,2898.3,MIT
D0053,Sam,Platform,,USA,Nova, PYTHON,-5,637,1171,72,452,315,266,30/09/2023,8PM,64,2495,1587,11.5,8,30,23.4, ,0,Yes,No,Sprint-2,1607.3,Apache-2.0
D0351,Chris,Backend,,Germany,Nova, PYTHON,999999,299,5379,200,46,315,194,2023-05-10,8PM,75,2476,731,12.2,6,4,27.1, ,5,Yes,No,Sprint-11,1048.5,MIT
D0292,Alex,Frontend,,Germany,Atlas,Go,-5,977,691,55,79,426,55,06/08/2023,25:61,51,1249,342,3.3,2,23,35.3,Failed,8,No,No,Sprint-1,888.2,MIT
D0251,Taylor,DevOps,,USA,Forge, PYTHON,999999,116,3495,23,69,297,51,2023-10-30,00:00,7,2136,2777,4.4,14,2,11.5,Success,3,No,Yes,Sprint-7,389.4,Apache-2.0
D0452,Sam,Backend,3.2,USA,Nova,python,-5,957,3643,23,571,51,461,03/04/2024,25:61,61,1643,211,0.1,0,20,43.0,FAIL,9,No,No,Sprint-4,3723.1,GPL
D0602,Sam,DevOps,,Germany,Atlas,python,1053,450,5041,1,302,130,219,27/04/2025,00:00,97,2256,2290,11.2,7,18,53.0,Failed,6,Yes,No,Sprint-4,278.5,MIT
D0446, ,Frontend,2.7,India,Nova,Rust,1952,872,5756,24,250,428,159,2023-03-01,00:00,51,120,941,12.6,29,28,56.6,Failed,1,No,Yes,Sprint-11,1570.8,MIT
D0214,Sam,DevOps,0.5,Germany,Atlas,TypeScript,164,123,4037,109,813,211,321,23/03/2024,00:00,88,755,1267,5.1,0,7,17.3, ,9,Yes,Yes,Sprint-3,873.8,
D0692,Taylor,Backend,,India,Nova,Java,999999,220,1012,198,176,34,341,2025-06-13,8PM,66,3348,145,3.1,20,27,38.4,FAIL,2,Yes,No,Sprint-2,2039.3,GPL
D0453,Sam,Platform,14.3,USA,Nova,Rust,999999,490,1753,82,70,352,33,20/02/2023,00:00,53,637,2294,9.3,20,12,62.6,Success,5,Yes,No,Sprint-7,3831.8,GPL
D0415,Alex,AI,2.9,USA,Nova,python,-5,18,1890,51,695,470,468,2023-10-08,8PM,7,2344,2719,2.4,3,1,13.0,Success,2,Yes,No,Sprint-9,2621.9,Apache-2.0
D0456, ,Platform,,Germany,Nova,Go,-5,558,2279,118,714,399,55,23/08/2023,25:61,66,4428,2916,11.6,1,2,26.6,Success,0,Yes,Yes,Sprint-11,951.6,
D0005,Chris,AI,4.9,India,Forge,Python,-5,445,3992,153,964,451,428,2024-05-26,25:61,61,4114,1015,4.6,26,12,8.1,FAIL,1,No,Yes,Sprint-2,3652.0,
D0411,Alex,Backend,,India,Forge,Go,-5,659,85,150,60,388,343,2024-07-19,25:61,41,4827,93,5.3,8,2,23.2,FAIL,1,No,No,Sprint-8,241.3,Apache-2.0
D0288, ,DevOps,,USA,Atlas,Go,1961,373,4224,153,13,61,180,2024-06-02,00:00,72,2687,1568,12.0,26,10,65.9,Success,1,No,Yes,Sprint-6,1383.6,GPL
D0429,Sam,Platform,,USA,Atlas,,-5,683,5396,161,715,430,253,2025-01-25,25:61,51,1900,1266,1.3,18,20,7.2,FAIL,5,Yes,Yes,Sprint-8,4549.6,Apache-2.0
D0029,Alex,DevOps,,Germany,Atlas,Go,4708,374,631,192,374,132,110,2025-05-08,00:00,6,4157,1171,11.0,13,25,10.1,FAIL,8,No,Yes,Sprint-9,1872.8,GPL
D0461,Taylor,Frontend,,Germany,Atlas,Rust,-5,530,3944,128,352,487,132,16/07/2023,00:00,71,4656,142,2.4,9,9,71.1,FAIL,2,Yes,No,Sprint-9,3360.0,MIT
D0239,Alex,Backend,7.0,USA,Atlas,python,-5,319,1862,133,804,265,292,2023-11-24,8PM,31,2687,1222,4.9,12,23,60.8,Failed,6,No,No,Sprint-2,4199.5,MIT
D0136,Taylor,Backend,13.8,USA,Atlas,,2734,592,3637,23,339,308,469,2023-07-04,00:00,89,2915,127,4.0,20,0,4.4, ,8,Yes,Yes,Sprint-6,2688.9,Apache-2.0
D0266,Taylor,DevOps,,India,Atlas, PYTHON,999999,238,4839,8,332,146,64,18/12/2024,25:61,2,3313,657,6.2,21,19,10.5,Success,3,No,No,Sprint-6,3195.9,
D0178, ,AI,2.1,India,Atlas,python,473,450,4173,53,614,4,435,2025-02-18,25:61,13,4244,1320,7.4,24,6,42.1,Failed,8,No,Yes,Sprint-7,4457.9,MIT
D0463,Taylor,Frontend,,Germany,Atlas, PYTHON,3505,702,1470,33,750,325,133,23/02/2025,8PM,89,4830,928,3.8,29,20,57.2,FAIL,4,No,No,Sprint-7,4449.6,MIT
D0357,Taylor,Backend,,USA,Forge,TypeScript,-5,754,1905,193,743,430,328,26/01/2023,25:61,62,154,1108,7.0,18,28,5.0,FAIL,9,Yes,No,Sprint-8,3501.3,GPL
D0575,Taylor,DevOps,,USA,Forge,Java,999999,908,3779,87,994,296,267,03/07/2024,8PM,26,1958,1361,4.2,20,19,21.9,FAIL,3,No,No,Sprint-12,2305.1,GPL
D0217,Taylor,Platform,,Germany,Atlas,Python,1146,475,3388,140,788,161,122,06/05/2024,00:00,23,2222,2854,2.3,27,25,69.3,Failed,10,Yes,Yes,Sprint-10,4715.8,Apache-2.0
D0483,Alex,Platform,14.3,USA,Forge, PYTHON,1767,657,5040,102,728,487,320,2023-03-16,8PM,30,4391,1023,11.0,18,13,16.8,Success,4,No,No,Sprint-4,1826.5,MIT
D0391, ,Platform,12.2,India,Atlas,Go,-5,870,932,41,807,109,192,08/06/2024,8PM,89,2916,2690,11.3,11,19,12.4,FAIL,9,No,Yes,Sprint-10,781.9,GPL
D0659, ,Frontend,,Germany,Atlas,,-5,720,219,32,497,136,427,2023-08-24,8PM,64,3507,822,0.3,15,6,19.0, ,4,Yes,Yes,Sprint-10,1975.8,
D0065,Sam,Platform,,Germany,Nova,,999999,891,562,113,505,373,351,2023-04-14,8PM,98,10,2370,1.5,5,9,40.4,FAIL,7,No,No,Sprint-11,623.4,GPL
D0421, ,Frontend,8.7,Germany,Atlas,Rust,999999,498,3061,16,385,370,213,2025-03-09,25:61,75,4901,1415,5.6,24,14,37.7,Success,3,Yes,No,Sprint-8,3713.7,GPL
D0062,Alex,Frontend,,USA,Forge,pyhton,4233,652,4465,21,954,226,70,2023-11-03,00:00,78,3969,157,5.0,0,22,38.7,Failed,2,No,Yes,Sprint-1,3937.0,GPL
D0166, ,Backend,,Germany,Atlas,Python,3517,246,617,134,500,252,236,19/02/2023,00:00,59,1800,2881,13.7,2,21,36.8,Failed,9,No,Yes,Sprint-7,334.1,
D0601,Alex,Frontend,,India,Forge,python,999999,779,4803,144,493,181,284,2024-12-26,00:00,55,1553,1330,7.4,1,0,43.9,Failed,9,Yes,Yes,Sprint-12,4548.8,GPL
D0340, ,Backend,8.2,Germany,Nova,TypeScript,-5,747,3889,183,487,27,162,2025-04-26,25:61,82,1726,128,8.3,22,0,36.7,Success,7,No,No,Sprint-12,4205.0,Apache-2.0
D0406,Sam,Platform,,USA,Forge,Python,2048,135,4036,39,692,168,138,05/10/2023,8PM,88,71,606,5.5,19,15,38.3,FAIL,2,No,No,Sprint-3,4529.4,MIT
D0284,Chris,Frontend,8.3,India,Forge,pyhton,-5,449,226,55,580,312,430,20/03/2025,25:61,50,2530,1917,3.5,7,18,11.9,Success,2,No,Yes,Sprint-9,3271.4,
D0144,Sam,Frontend,,Germany,Nova,Python,999999,506,4679,42,372,87,436,24/06/2024,00:00,44,3211,813,2.2,13,23,7.6,FAIL,10,Yes,Yes,Sprint-1,4222.3,Apache-2.0
D0447,Sam,Platform,,USA,Forge,,1105,901,4138,95,631,349,324,21/05/2023,00:00,77,3186,2116,3.2,9,3,31.8, ,1,No,Yes,Sprint-11,4665.1,
D0144,Taylor,Frontend,,USA,Atlas,Python,999999,648,3392,50,736,398,200,06/08/2023,00:00,51,3451,1522,10.0,17,25,4.2, ,3,No,Yes,Sprint-1,2011.4,GPL
D0624,Taylor,DevOps,,USA,Forge,Rust,999999,122,2573,4,485,63,93,2024-04-23,25:61,49,3424,301,2.2,1,4,22.2, ,8,No,Yes,Sprint-3,452.9,GPL
D0459,Chris,DevOps,,Germany,Forge,Java,999999,619,395,15,799,500,477,22/11/2024,25:61,84,1315,1129,4.8,26,17,52.2, ,6,No,No,Sprint-11,4156.1,Apache-2.0
D0453, ,Frontend,,Germany,Atlas, PYTHON,999999,523,3562,171,302,155,393,2025-03-05,00:00,94,2596,2949,0.3,14,18,10.3, ,8,Yes,Yes,Sprint-12,1632.2,Apache-2.0
D0092,Taylor,Backend,,India,Atlas,Python,-5,624,5172,183,489,402,61,27/11/2023,00:00,16,56,1425,1.8,24,11,28.5, ,5,No,Yes,Sprint-3,497.6,MIT
D0587,Sam,DevOps,,Germany,Forge,Go,-5,816,1225,108,429,461,125,04/02/2023,00:00,38,4654,1423,9.9,7,11,37.4, ,5,Yes,No,Sprint-4,403.4,MIT
D0188,Alex,DevOps,9.9,India,Nova,,999999,359,2542,76,360,351,66,22/02/2024,00:00,91,4689,2352,7.1,14,29,71.0,Failed,3,Yes,No,Sprint-6,1243.3,GPL
D0012,Taylor,DevOps,,India,Forge,,999999,742,1045,104,117,178,447,2024-09-06,00:00,95,811,1098,12.0,1,3,1.6,Success,0,No,No,Sprint-1,1710.5,GPL
D0620,Chris,DevOps,10.2,USA,Forge, PYTHON,999999,243,2146,26,496,468,386,09/03/2024,25:61,51,2500,2457,5.7,7,14,42.4,Failed,5,Yes,Yes,Sprint-4,4141.4,GPL
D0342,Chris,Frontend,13.3,Germany,Forge,Python,999999,187,685,109,536,193,405,22/02/2025,00:00,24,2477,1509,10.9,14,12,33.4,Success,3,Yes,No,Sprint-12,1826.6,MIT
D0330, ,Frontend,6.0,Germany,Atlas,,999999,617,5890,69,159,454,366,09/04/2025,00:00,12,3631,2180,0.8,10,6,52.3,FAIL,9,No,Yes,Sprint-10,2976.2,MIT
D0027, ,AI,,Germany,Forge,Python,-5,49,2202,45,232,229,16,2024-05-07,8PM,33,2762,2155,11.4,11,14,25.0,FAIL,7,Yes,Yes,Sprint-12,611.0,Apache-2.0
D0366,Chris,Frontend,2.9,India,Forge, PYTHON,999999,490,3637,86,483,238,202,03/08/2023,00:00,68,135,1719,1.2,2,11,38.1, ,7,Yes,No,Sprint-1,742.2,GPL
D0222,Alex,Backend,9.4,USA,Nova,python,999999,468,757,173,97,86,367,2024-10-24,25:61,42,4120,1170,7.2,27,21,51.9,Success,1,Yes,Yes,Sprint-5,4148.5,GPL
D0034,Chris,Backend,,India,Nova,pyhton,3057,690,3842,159,400,319,37,2023-04-09,8PM,62,609,2546,1.1,25,0,66.0, ,5,Yes,No,Sprint-5,671.0,
D0414,Sam,Platform,,USA,Atlas, PYTHON,4327,316,263,118,743,394,431,2023-03-05,25:61,7,589,2524,6.3,4,30,47.5,Failed,9,No,Yes,Sprint-6,4404.4,Apache-2.0
D0033,Sam,AI,1.6,India,Atlas,Go,2524,988,2451,9,331,384,392,2024-02-08,8PM,38,3211,2723,4.9,10,16,33.5, ,0,Yes,No,Sprint-7,2043.7,GPL
D0476,Alex,AI,,India,Atlas,python,863,592,1193,64,409,442,421,18/12/2023,25:61,15,4671,133,8.9,3,19,38.5,Success,4,Yes,No,Sprint-7,3657.4,MIT
D0507,Alex,Frontend,0.3,USA,Forge,python,-5,476,400,197,449,321,337,04/06/2024,00:00,100,4878,158,13.8,19,2,5.1,Failed,9,Yes,Yes,Sprint-10,1692.4,GPL
D0019,Sam,Backend,,USA,Forge,Python,828,396,1268,172,890,398,1,2025-04-25,00:00,96,1314,1828,6.9,1,27,44.3,Failed,9,Yes,No,Sprint-10,3227.0,
D0107,Alex,Platform,,USA,Atlas,Python,999999,574,1430,131,362,185,251,07/05/2025,00:00,57,2345,1624,1.7,11,12,66.8,Success,2,Yes,Yes,Sprint-10,4827.8,MIT
D0363,Taylor,Frontend,,Germany,Atlas,TypeScript,3247,55,4072,190,548,432,166,2023-12-03,8PM,28,4558,2299,4.3,20,21,27.2,FAIL,2,Yes,Yes,Sprint-8,149.5,
D0381, ,Backend,4.7,USA,Forge,python,-5,495,5559,9,714,371,439,29/04/2024,8PM,30,3344,973,3.8,14,3,41.6,Success,1,Yes,No,Sprint-12,3161.7,
D0399, ,AI,,Germany,Atlas,pyhton,-5,484,3149,113,788,327,45,03/12/2023,8PM,37,676,2251,9.8,28,25,21.7,Success,2,No,Yes,Sprint-1,1289.3,GPL
D0237,Sam,Frontend,4.4,India,Atlas,python,-5,308,3913,46,120,178,316,2025-06-02,00:00,45,3724,2894,3.5,24,1,14.9, ,1,No,Yes,Sprint-8,3864.5,MIT
D0495,Sam,Platform,2.7,Germany,Forge,pyhton,1552,149,5154,166,868,387,317,25/03/2025,25:61,96,4686,563,12.9,25,0,17.5,Failed,10,Yes,Yes,Sprint-9,187.7,MIT
D0639,Sam,Backend,10.5,Germany,Forge,Python,3170,91,1420,127,302,78,218,24/07/2023,8PM,52,1584,1034,2.9,3,23,71.9,FAIL,6,Yes,No,Sprint-6,3505.8,Apache-2.0
D0240,Alex,DevOps,,India,Forge,Java,-5,599,3119,165,600,72,280,2024-05-19,25:61,70,2906,2426,0.9,13,16,58.9,FAIL,10,Yes,No,Sprint-4,1274.7,
D0081,Sam,AI,,India,Atlas,Python,-5,852,4838,3,743,317,403,2023-02-05,8PM,27,4980,704,7.0,7,8,27.2,Success,7,Yes,No,Sprint-2,3947.8,Apache-2.0
D0604,Sam,AI,10.8,Germany,Atlas,TypeScript,-5,957,3846,30,265,217,235,2023-03-13,00:00,90,3788,2489,0.4,11,20,43.0, ,2,Yes,Yes,Sprint-9,3612.3,
D0683,Alex,Backend,10.1,India,Atlas,Python,2843,827,134,195,896,262,127,17/10/2023,00:00,88,4294,1338,10.1,30,22,48.4,FAIL,7,Yes,No,Sprint-7,2481.4,GPL
D0078, ,Frontend,13.1,USA,Atlas,Rust,-5,137,1418,6,386,93,148,03/02/2024,25:61,36,807,2682,10.6,15,16,45.8,Success,10,No,No,Sprint-2,3038.4,
D0472,Alex,Platform,6.4,India,Nova,Java,220,417,3090,89,888,326,153,2024-07-16,8PM,14,2558,1927,2.2,7,2,68.1,Success,5,Yes,Yes,Sprint-3,2805.9,Apache-2.0
D0575, ,Backend,12.9,USA,Atlas, PYTHON,4574,666,1372,5,545,381,127,11/11/2023,25:61,67,1696,185,9.5,3,16,0.1,FAIL,5,Yes,No,Sprint-3,3137.6,GPL
D0547,Taylor,DevOps,12.1,Germany,Nova, PYTHON,999999,320,2360,96,933,147,381,23/04/2025,8PM,44,1427,714,4.3,5,28,21.6,FAIL,9,Yes,Yes,Sprint-9,869.0,MIT
D0087,Sam,DevOps,,Germany,Atlas,TypeScript,-5,194,4462,106,628,378,275,19/11/2023,00:00,41,2068,643,5.5,11,23,60.9, ,3,No,Yes,Sprint-11,403.0,
D0173,Sam,Platform,,India,Nova,Java,2318,912,3454,149,955,291,242,2023-02-21,25:61,11,4883,633,6.0,6,10,21.3,Success,1,No,No,Sprint-2,2802.0,Apache-2.0
D0656,Sam,Platform,9.7,Germany,Forge,TypeScript,1845,941,2662,129,891,451,225,2023-04-13,00:00,27,2053,411,12.6,25,26,53.0,Success,6,No,No,Sprint-6,3153.0,
D0292,Chris,Frontend,14.3,Germany,Forge,TypeScript,1289,973,5798,188,311,485,130,08/11/2023,8PM,36,2292,944,11.2,10,10,14.5,Success,5,No,Yes,Sprint-11,1822.2,Apache-2.0
D0650,Chris,AI,,India,Atlas,pyhton,1118,877,3436,185,720,347,468,2025-05-10,25:61,62,289,2878,7.5,19,18,30.2,FAIL,2,Yes,Yes,Sprint-2,4742.2,
D0584,Taylor,AI,10.8,India,Atlas,TypeScript,999999,820,4786,167,12,106,278,2023-08-01,8PM,11,4579,2,6.9,17,20,14.2,Failed,4,No,No,Sprint-11,1426.7,GPL
D0617,Alex,Frontend,,India,Forge,Go,-5,444,3061,175,202,291,205,21/06/2023,00:00,64,717,662,5.6,2,15,29.1,Failed,2,No,No,Sprint-1,2460.5,Apache-2.0
D0246, ,Backend,,USA,Nova,python,2144,724,4337,1,182,486,130,2025-01-23,00:00,61,721,1855,11.8,23,12,35.3, ,6,No,No,Sprint-11,2960.5,Apache-2.0
D0156,Chris,AI,,Germany,Atlas,Python,999999,298,4786,54,82,181,419,2024-07-26,8PM,7,1143,2395,7.2,26,12,48.5,Success,10,No,Yes,Sprint-10,2516.3,Apache-2.0
D0550, ,DevOps,8.8,Germany,Atlas,Go,-5,276,4689,118,838,224,494,13/11/2024,00:00,61,4522,2205,8.7,3,12,4.8,Success,7,No,Yes,Sprint-11,3884.8,MIT
D0388,Taylor,Platform,,Germany,Forge,Go,2772,825,2179,54,436,179,460,2023-11-10,25:61,59,3959,2675,0.7,4,8,9.4, ,0,No,Yes,Sprint-7,2096.0,GPL
D0459,Alex,Frontend,11.9,Germany,Nova,Go,-5,989,3756,162,520,195,79,25/04/2023,00:00,72,1395,2206,1.9,28,24,55.5, ,6,No,No,Sprint-2,4009.7,MIT
D0184,Alex,Platform,,India,Forge,python,-5,242,902,195,743,450,467,2023-04-14,25:61,66,3984,267,13.4,21,11,63.0,Success,2,No,Yes,Sprint-7,4939.0,
D0141,Chris,Platform,,USA,Forge,,-5,668,2854,3,963,299,32,31/01/2023,25:61,10,4197,183,1.0,27,1,32.6, ,5,No,No,Sprint-6,1606.5,Apache-2.0
D0442,Alex,Frontend,9.4,India,Forge,Go,779,906,1468,160,536,59,412,2025-04-23,25:61,54,3488,577,11.7,16,19,0.6,FAIL,1,No,Yes,Sprint-9,4524.8,GPL
D0462,Chris,Platform,,India,Forge, PYTHON,999999,342,631,17,763,60,410,16/05/2025,00:00,71,3236,780,3.9,3,27,69.8,FAIL,6,Yes,No,Sprint-3,60.4,GPL
D0526,Chris,DevOps,,USA,Nova,,-5,35,1704,57,654,427,227,2025-04-02,8PM,75,1801,2347,11.0,29,4,39.8,Failed,6,No,Yes,Sprint-9,842.2,GPL
D0319,Taylor,Backend,,India,Forge,,-5,722,4923,193,809,177,72,03/06/2024,00:00,69,4998,2655,0.5,7,20,51.2,Failed,6,Yes,No,Sprint-5,4612.8,
D0156,Taylor,Frontend,,USA,Atlas,Rust,664,811,3342,181,207,388,238,2023-05-20,8PM,57,4887,623,4.1,27,0,52.1,Success,4,No,No,Sprint-3,3266.6,Apache-2.0
D0329, ,Platform,1.2,Germany,Atlas,Rust,999999,689,1797,16,958,425,315,03/10/2024,8PM,41,1434,2456,9.7,19,11,0.8,Failed,6,Yes,No,Sprint-7,3546.8,Apache-2.0
D0258,Chris,Platform,12.1,Germany,Forge,python,2194,92,3553,20,892,410,6,11/06/2024,00:00,56,2089,2239,12.3,20,28,9.4,Success,0,No,Yes,Sprint-4,3437.0,MIT
D0328,Taylor,AI,,India,Nova, PYTHON,4680,333,3228,176,416,43,53,2024-11-30,00:00,10,4664,387,3.3,18,13,22.8,Failed,9,No,No,Sprint-11,2830.8,MIT
D0638,Chris,Frontend,,India,Nova,Java,999999,422,499,124,747,300,372,2024-05-01,25:61,26,2950,285,12.4,30,7,68.5,Failed,5,No,Yes,Sprint-7,4773.5,GPL
D0468, ,DevOps,9.1,Germany,Forge,Rust,3714,320,529,16,163,186,286,14/02/2025,8PM,81,-5,1125,8.9,17,2,1.6,Failed,1,Yes,Yes,Sprint-6,915.5,MIT
D0587,Sam,Platform,,USA,Atlas,pyhton,999999,145,4883,91,320,190,23,2023-08-12,00:00,70,1496,1088,1.7,0,19,6.0,Success,2,No,No,Sprint-5,4381.7,
D0683,Sam,Platform,,Germany,Nova,python,-5,290,4,148,361,348,253,28/09/2024,25:61,55,43,1551,6.3,6,5,61.5,Failed,8,No,No,Sprint-4,766.9,Apache-2.0
D0602,Taylor,Platform,,Germany,Forge,pyhton,4509,954,5334,100,634,195,248,29/09/2024,8PM,84,640,2154,2.9,6,11,18.4, ,4,No,No,Sprint-12,4189.2,Apache-2.0
D0418,Sam,Backend,,India,Forge, PYTHON,999999,868,549,132,282,7,492,21/03/2025,00:00,20,3432,1873,3.9,4,5,54.3,FAIL,10,Yes,Yes,Sprint-12,3642.0,GPL
D0028, ,DevOps,9.8,India,Atlas,Go,559,807,3714,183,282,242,282,10/07/2024,00:00,88,50,1982,7.2,8,3,59.3,Failed,9,No,Yes,Sprint-11,828.6,
D0279,Alex,AI,,USA,Atlas, PYTHON,-5,251,4930,38,305,240,499,16/09/2023,00:00,78,2728,2342,9.1,18,20,40.0,Success,5,Yes,Yes,Sprint-4,876.9,MIT
D0059,Chris,Frontend,,USA,Atlas,TypeScript,999999,719,1287,105,935,26,181,2023-10-22,00:00,54,4868,521,8.6,12,11,59.9,Failed,1,Yes,No,Sprint-9,4478.9,GPL
D0313,Chris,Platform,,India,Atlas,Go,-5,439,5837,165,403,10,52,2023-11-11,00:00,66,743,500,1.5,22,26,3.7,FAIL,3,No,No,Sprint-9,554.5,MIT
D0442,Alex,AI,,Germany,Nova,Go,-5,414,978,34,832,238,497,25/10/2023,00:00,73,2036,473,9.2,9,1,38.1,Failed,5,Yes,No,Sprint-1,3778.6,Apache-2.0
D0232,Alex,Backend,14.3,Germany,Forge,Python,1833,19,2911,54,266,188,144,14/08/2024,8PM,20,3477,2461,0.4,2,18,13.6, ,6,Yes,Yes,Sprint-11,3483.6,MIT
D0247,Alex,Backend,,India,Nova,,4146,280,837,74,287,96,40,2024-07-04,00:00,56,1926,1615,3.7,28,0,30.1,Success,10,Yes,No,Sprint-8,4033.2,MIT
D0177, ,Frontend,,India,Nova,Rust,999999,711,1304,73,59,107,257,11/03/2024,8PM,32,4691,419,3.0,19,20,63.0,FAIL,4,Yes,Yes,Sprint-7,4050.0,GPL
D0351,Sam,Frontend,,India,Atlas,,-5,279,803,127,533,228,484,2024-08-23,00:00,73,3826,2623,4.1,3,4,70.3, ,4,No,No,Sprint-3,1511.5,
D0119,Chris,Backend,,Germany,Forge,,-5,271,4977,56,932,454,250,2025-02-12,8PM,3,4879,2850,0.9,6,26,43.9,FAIL,3,Yes,Yes,Sprint-4,2117.3,GPL
D0322,Chris,Backend,,Germany,Atlas,Rust,-5,93,2784,120,223,337,11,2025-03-08,00:00,77,2979,2522,8.7,6,28,15.0,Success,5,No,Yes,Sprint-3,346.0,MIT
D0386,Chris,Platform,13.8,Germany,Nova, PYTHON,-5,640,242,193,233,468,111,2023-05-23,8PM,13,3748,1048,2.0,28,25,46.8,Success,10,Yes,No,Sprint-8,1260.8,
D0297,Chris,AI,6.0,India,Forge, PYTHON,-5,194,4212,117,31,371,302,2023-07-22,25:61,38,3002,2671,6.2,17,30,4.2,Success,4,No,Yes,Sprint-9,1051.9,GPL
D0660, ,Backend,,Germany,Forge,pyhton,-5,876,1648,88,986,75,466,20/09/2024,25:61,78,4187,570,11.7,22,16,14.5,FAIL,9,Yes,Yes,Sprint-5,132.4,MIT
D0329,Taylor,DevOps,,Germany,Forge,,-5,607,5772,52,988,363,312,28/06/2024,8PM,88,4490,803,6.6,19,18,41.4,Success,9,Yes,No,Sprint-3,3699.8,
D0201,Taylor,Backend,11.1,Germany,Atlas,python,-5,249,4708,11,330,170,159,2023-04-20,25:61,46,3293,1154,7.9,6,5,59.5, ,10,Yes,Yes,Sprint-8,2175.4,GPL
D0379,Taylor,Platform,,India,Forge,python,999999,585,2253,191,700,39,325,2023-06-10,00:00,1,3688,119,3.9,4,14,19.3,FAIL,6,No,Yes,Sprint-7,2347.7,
D0001, ,AI,,USA,Forge,Python,3794,164,3687,152,404,264,273,2023-06-13,8PM,63,2754,481,5.9,14,15,41.0, ,10,No,Yes,Sprint-4,3218.1,MIT
D0015,Chris,AI,,Germany,Nova,Go,-5,286,1236,143,832,113,48,2023-04-18,8PM,60,4563,709,11.7,17,22,63.2,FAIL,9,Yes,No,Sprint-12,4476.6,Apache-2.0
D0419, ,Backend,12.5,India,Nova,Java,3279,342,4754,83,219,412,396,2025-01-03,8PM,30,3521,2038,13.6,16,0,47.1,Failed,0,No,Yes,Sprint-3,4138.6,MIT
D0047,Chris,Platform,0.6,USA,Forge,Go,-5,695,5652,73,596,457,244,2024-11-19,00:00,72,4013,913,1.8,29,8,25.0,Success,7,Yes,Yes,Sprint-3,4975.1,MIT
D0312,Alex,DevOps,11.1,India,Nova,,-5,507,3816,86,740,414,495,2024-11-22,25:61,48,3873,1188,7.8,0,7,41.6,Failed,2,No,Yes,Sprint-7,2519.5,Apache-2.0
D0072,Alex,DevOps,10.3,USA,Nova,TypeScript,-5,302,1476,80,749,150,345,2024-02-09,25:61,73,1595,1001,6.9,21,8,37.6,FAIL,4,Yes,No,Sprint-2,1538.4,MIT
D0335,Chris,AI,13.7,India,Forge,TypeScript,-5,716,112,14,251,464,100,15/01/2024,25:61,26,617,388,8.0,22,8,59.8,Failed,7,No,No,Sprint-9,4829.8,GPL
D0686, ,Frontend,13.0,USA,Forge,TypeScript,491,450,2207,136,589,34,259,2023-08-24,25:61,19,917,1952,1.0,10,26,67.8,FAIL,0,No,No,Sprint-5,4667.5,
D0121,Taylor,Backend,,India,Atlas,Java,1781,223,4331,197,809,157,102,2024-07-29,25:61,20,28,52,11.1,12,21,67.1,Failed,3,Yes,Yes,Sprint-6,1760.9,MIT
D0174, ,Backend,12.7,Germany,Forge,,999999,943,119,187,971,357,62,04/10/2023,8PM,54,4925,2782,14.0,22,15,57.3,Success,10,No,No,Sprint-7,4925.4,Apache-2.0
D0394,Taylor,AI,5.5,USA,Forge, PYTHON,-5,616,5395,22,396,345,420,22/01/2023,25:61,3,2155,2242,10.2,22,24,50.5,Failed,5,No,No,Sprint-6,46.6,GPL
D0159, ,Platform,0.3,USA,Forge,Python,999999,149,5441,128,968,350,278,15/10/2024,25:61,77,1109,1630,12.0,27,14,8.9,Failed,8,Yes,No,Sprint-9,4898.5,MIT
D0499,Chris,Backend,2.5,India,Nova,Python,999999,537,5890,29,1,357,187,30/04/2025,00:00,70,1271,1572,6.7,30,7,53.4,Failed,9,Yes,No,Sprint-7,4507.8,Apache-2.0
D0180,Sam,DevOps,,India,Atlas,TypeScript,2333,987,2,133,468,92,328,08/12/2023,25:61,3,259,1012,3.9,16,7,12.6,Success,6,Yes,No,Sprint-12,3251.9,Apache-2.0
D0054,Chris,DevOps,0.1,Germany,Forge,Rust,-5,778,107,129,496,198,50,2024-10-07,25:61,71,354,1275,9.6,12,7,1.3,Failed,7,No,No,Sprint-12,1435.4,MIT
D0428, ,Backend,7.6,USA,Atlas,Rust,999999,476,623,98,265,430,84,18/02/2023,8PM,91,4630,1956,0.9,27,25,12.7,Success,0,No,No,Sprint-6,3247.9,Apache-2.0
D0189,Sam,AI,,Germany,Forge,TypeScript,999999,514,904,119,195,237,334,18/04/2025,00:00,29,3574,2355,11.2,18,0,25.7,Success,7,Yes,Yes,Sprint-7,1864.6,MIT
D0339,Alex,DevOps,9.4,India,Nova,Java,-5,301,1003,196,591,42,248,2025-05-14,8PM,2,3417,2169,7.7,3,3,28.9, ,6,No,No,Sprint-10,4041.6,
D0327,Alex,Platform,,USA,Forge,pyhton,999999,756,2984,98,694,160,354,2025-02-15,00:00,49,258,620,4.1,30,0,56.7, ,3,Yes,Yes,Sprint-11,3515.5,MIT
D0534,Sam,Platform,2.6,India,Atlas, PYTHON,886,393,4913,62,157,185,434,07/07/2024,25:61,68,738,631,8.6,10,13,47.8, ,1,No,Yes,Sprint-4,469.3,
D0521,Chris,AI,4.4,India,Atlas,TypeScript,999999,346,1333,189,783,182,294,2023-01-26,8PM,18,2776,173,8.1,10,16,56.8,Failed,6,Yes,No,Sprint-7,4687.9,Apache-2.0
D0343, ,Frontend,8.6,India,Atlas, PYTHON,999999,83,1743,173,804,183,468,05/12/2023,25:61,67,157,1481,3.9,6,8,70.0,Success,8,Yes,No,Sprint-4,374.8,
D0486, ,Platform,10.9,USA,Forge,Python,1553,581,2197,146,589,57,30,2024-03-13,8PM,35,3724,2500,11.9,2,0,43.9,Failed,0,Yes,Yes,Sprint-2,3810.2,
D0502,Alex,Frontend,,USA,Nova,TypeScript,999999,810,5172,151,436,482,272,2023-02-24,25:61,90,2418,2049,9.1,14,22,63.4,FAIL,7,Yes,No,Sprint-7,2582.0,GPL
D0660, ,Frontend,,USA,Atlas,Python,-5,666,5622,59,111,26,61,02/01/2024,8PM,45,1399,893,0.3,25,15,20.7,FAIL,4,Yes,No,Sprint-8,4171.6,MIT
D0360,Taylor,AI,8.4,India,Atlas,TypeScript,999999,304,4040,6,281,272,88,07/01/2025,00:00,53,2233,2415,11.0,0,25,35.0,Failed,3,Yes,No,Sprint-4,4526.8,GPL
D0644,Taylor,Platform,,India,Nova,Rust,-5,38,4382,141,364,229,28,2024-07-10,8PM,28,1504,660,4.1,12,25,51.7,Success,0,Yes,Yes,Sprint-7,2110.1,
D0506,Taylor,AI,,Germany,Forge,Rust,-5,805,5288,31,22,111,333,2023-12-31,8PM,66,1819,230,12.1,30,26,52.9,Failed,8,Yes,No,Sprint-7,4711.7,MIT
D0168,Taylor,Frontend,5.9,USA,Atlas,Python,-5,245,1516,191,598,198,87,2024-08-08,25:61,96,1867,2593,5.3,24,17,14.9,Failed,2,Yes,No,Sprint-2,618.1,GPL
D0577,Alex,AI,,India,Forge, PYTHON,999999,827,4039,16,85,310,395,2024-08-30,00:00,9,2282,2506,2.4,11,10,53.3,Success,5,Yes,No,Sprint-8,273.4,MIT
D0088,Alex,AI,,India,Nova,python,-5,940,3821,186,432,305,82,01/02/2024,8PM,78,3021,2953,4.4,29,28,3.8,Failed,8,Yes,Yes,Sprint-2,1168.9,GPL
D0268,Sam,Backend,,USA,Forge,Go,999999,416,4048,186,374,125,122,12/06/2023,00:00,72,1112,2140,11.7,28,21,52.8,Failed,8,Yes,No,Sprint-7,4426.0,MIT
D0091,Taylor,Frontend,11.2,USA,Nova,TypeScript,4638,541,5544,194,648,440,91,12/11/2024,25:61,74,1783,2429,12.3,21,19,35.4,Success,8,Yes,No,Sprint-2,937.4,GPL
D0591,Alex,Backend,0.8,India,Nova,Python,1693,392,2923,129,764,359,374,2024-09-17,8PM,77,1278,145,9.0,16,17,37.4,Success,5,Yes,No,Sprint-5,1642.3,Apache-2.0
D0053,Alex,DevOps,,USA,Forge,,-5,151,1863,110,559,288,102,28/11/2024,25:61,94,-25,1000,10.8,30,6,62.8, ,1,No,Yes,Sprint-9,1221.8,
D0095,Chris,DevOps,,USA,Atlas,Python,-5,784,3152,124,301,167,222,21/01/2024,8PM,99,247,1185,0.2,9,10,10.2,Success,7,No,Yes,Sprint-12,990.4,MIT
D0266,Alex,Frontend,,Germany,Nova,pyhton,546,664,3730,153,477,253,420,2023-08-11,8PM,25,4532,1137,9.9,3,14,36.3,Failed,4,Yes,No,Sprint-8,249.9,Apache-2.0
D0026, ,AI,3.9,USA,Atlas,,4482,193,3383,156,122,256,262,30/04/2024,00:00,53,1877,2397,4.4,22,7,24.0,Success,10,Yes,Yes,Sprint-7,16.2,GPL
D0599,Chris,DevOps,10.9,Germany,Atlas,TypeScript,77,462,15,79,144,102,209,21/12/2023,00:00,18,4590,787,1.0,14,28,2.3, ,8,Yes,Yes,Sprint-1,2604.0,MIT
D0136,Sam,DevOps,9.6,India,Atlas,pyhton,-5,13,1471,137,910,361,126,05/08/2023,00:00,36,4227,182,13.4,11,18,47.1,Success,7,No,Yes,Sprint-7,3384.3,
D0515,Sam,AI,,India,Nova,Python,-5,975,2158,141,32,270,249,2023-05-23,25:61,39,1315,466,10.5,21,20,67.9,Failed,7,Yes,Yes,Sprint-4,1781.1,
D0417, ,DevOps,9.3,Germany,Forge,TypeScript,-5,71,4840,144,697,321,111,2023-02-14,25:61,49,3188,2863,6.5,21,11,32.8,FAIL,10,Yes,Yes,Sprint-11,2385.8,
D0069,Alex,AI,0.2,USA,Nova, PYTHON,710,58,2845,191,168,55,173,2024-03-21,25:61,46,3364,1850,8.0,12,23,7.7,FAIL,7,No,No,Sprint-11,1567.8,MIT
D0441,Alex,Platform,14.3,India,Atlas,pyhton,999999,28,277,123,250,365,39,08/05/2024,25:61,90,4598,534,9.1,10,22,43.7, ,2,No,Yes,Sprint-10,1683.7,GPL
D0438,Sam,DevOps,7.2,India,Atlas,Python,-5,517,928,20,335,41,151,07/05/2023,25:61,74,1325,1208,7.9,13,10,30.6,Failed,5,No,No,Sprint-4,395.9,MIT
D0642, ,Platform,10.3,USA,Atlas,pyhton,999999,887,3467,60,862,260,440,2023-01-15,25:61,1,557,2560,5.5,12,28,44.1,FAIL,1,Yes,No,Sprint-1,4289.3,GPL
D0181,Taylor,AI,,India,Nova,python,1371,541,2107,48,828,384,338,2023-06-01,25:61,5,2280,2063,11.0,29,16,61.8, ,0,No,Yes,Sprint-8,3750.7,Apache-2.0
D0185,Sam,Frontend,13.3,India,Nova, PYTHON,3035,20,2211,154,965,245,132,2024-11-23,25:61,95,3441,1546,4.4,3,11,21.0,Success,4,Yes,No,Sprint-5,3292.1,GPL
D0519,Chris,DevOps,,India,Forge,TypeScript,1639,246,5669,109,289,393,410,2024-02-09,00:00,51,4801,2714,7.0,9,7,51.2,FAIL,0,No,No,Sprint-11,3623.9,MIT
D0062,Taylor,Backend,,Germany,Atlas,,-5,594,1141,54,180,94,316,16/02/2025,8PM,60,3439,433,13.3,9,13,68.0,FAIL,1,No,No,Sprint-7,4131.6,MIT
D0330,Chris,Frontend,8.1,USA,Atlas,pyhton,-5,244,3891,60,945,465,53,25/06/2023,25:61,42,4927,2459,3.4,7,30,58.9,FAIL,7,No,Yes,Sprint-9,1611.0,MIT
D0099,Sam,DevOps,,India,Nova,pyhton,-5,688,1366,173,891,343,10,2024-12-26,25:61,95,2291,427,5.9,20,28,54.6,FAIL,2,Yes,No,Sprint-12,3559.4,
D0448,Sam,DevOps,,Germany,Atlas,TypeScript,3019,539,1829,122,793,491,381,2023-08-01,00:00,22,4411,416,11.6,18,21,1.0,Failed,7,No,Yes,Sprint-9,444.7,
D0126,Alex,Backend,12.6,Germany,Forge,Rust,2891,168,2323,178,202,66,384,08/07/2024,8PM,5,873,2457,9.3,25,2,12.8, ,1,Yes,No,Sprint-4,4815.3,
D0599,Chris,Platform,,India,Atlas,Go,999999,974,1036,195,442,54,148,2024-02-02,25:61,51,3091,2836,7.7,6,17,40.8, ,0,No,Yes,Sprint-10,2604.4,GPL
D0304, ,DevOps,,India,Atlas,Java,-5,50,5817,52,729,136,159,17/03/2023,8PM,90,4883,808,8.4,26,14,24.7,Failed,9,No,Yes,Sprint-5,3591.8,MIT
D0105,Alex,DevOps,,India,Atlas,python,999999,23,3501,116,104,30,406,07/02/2023,00:00,1,3941,2572,4.5,20,25,19.3,Failed,7,Yes,Yes,Sprint-9,4374.2,
D0379,Taylor,Platform,9.2,India,Atlas,Rust,2622,414,4482,198,668,232,485,22/01/2024,25:61,17,4090,1061,12.8,26,26,53.4, ,3,No,No,Sprint-7,2516.6,GPL
D0147,Chris,Platform,0.8,Germany,Atlas,Java,-5,45,4162,86,410,358,312,18/11/2023,25:61,55,1306,1048,9.8,6,9,22.4,Success,5,No,Yes,Sprint-4,172.5,GPL
D0291,Alex,Backend,12.9,India,Atlas,,-5,522,454,46,994,414,13,16/09/2023,00:00,64,3579,1333,4.4,16,18,4.7,Success,3,Yes,Yes,Sprint-12,1431.1,Apache-2.0
D0072,Taylor,AI,8.1,India,Nova,pyhton,999999,162,5750,172,114,142,491,2024-05-07,25:61,38,1931,1954,12.2,20,5,50.7,Failed,2,Yes,No,Sprint-12,3056.4,
D0325, ,DevOps,,Germany,Forge,python,999999,62,1597,33,957,337,343,06/09/2023,8PM,33,3183,689,7.1,5,16,39.4,Failed,1,No,Yes,Sprint-8,1293.3,MIT
D0402,Alex,Frontend,14.3,India,Atlas,TypeScript,4527,729,432,93,844,116,83,21/06/2023,8PM,69,1588,2685,7.9,27,6,58.5,Failed,8,No,No,Sprint-6,4885.3,Apache-2.0
D0466,Alex,DevOps,5.9,USA,Atlas,Rust,-5,584,4152,192,78,7,190,2023-07-12,00:00,87,1507,1014,5.2,19,9,66.4,FAIL,7,Yes,Yes,Sprint-6,1418.7,GPL
D0206,Chris,DevOps,,Germany,Forge, PYTHON,-5,690,3401,168,456,215,289,17/06/2023,00:00,44,3372,1838,6.0,3,4,44.1,Failed,6,No,No,Sprint-10,3205.6,
D0326,Taylor,AI,0.6,India,Atlas,Go,999999,239,1985,66,244,47,444,2024-09-06,25:61,75,2831,1662,1.4,12,3,30.0,FAIL,9,No,No,Sprint-5,1427.9,MIT
D0656, ,Backend,,USA,Atlas,pyhton,999999,553,4937,98,823,32,94,06/11/2023,00:00,27,4890,506,10.5,14,9,23.8, ,9,No,Yes,Sprint-11,2617.3,MIT
D0357,Sam,AI,,USA,Forge,Java,4432,139,2848,180,806,450,486,2024-06-11,00:00,60,3996,1835,2.8,5,10,19.8,Failed,6,No,Yes,Sprint-11,1257.4,Apache-2.0
D0666, ,Frontend,,USA,Atlas,TypeScript,-5,600,186,177,615,198,178,22/08/2024,8PM,91,1425,2774,2.8,14,24,32.8,Failed,5,No,No,Sprint-8,4870.5,GPL
D0335,Sam,DevOps,1.7,USA,Atlas,TypeScript,-5,290,4301,109,170,472,226,12/03/2023,00:00,45,4630,2796,6.9,8,27,56.1, ,10,No,No,Sprint-11,2580.6,Apache-2.0
D0140,Sam,Platform,,India,Atlas,Go,-5,759,4868,149,74,358,23,2024-03-15,25:61,4,3578,1256,13.1,5,27,4.0,Success,7,Yes,No,Sprint-1,2326.5,MIT
D0150,Taylor,AI,7.1,Germany,Atlas,Python,999999,567,1274,79,946,263,52,04/04/2024,8PM,25,2878,1879,6.3,19,7,49.5,FAIL,0,Yes,No,Sprint-11,3903.1,GPL
D0435,Sam,Platform,,India,Nova,Java,999999,416,743,81,664,214,252,20/09/2023,25:61,15,4259,663,2.1,30,15,27.8,Success,10,No,No,Sprint-12,1130.7,GPL
D0382,Taylor,Backend,2.3,USA,Nova,TypeScript,3882,162,980,38,774,8,401,2024-07-15,8PM,41,1691,2229,10.7,0,30,70.1,Success,2,Yes,No,Sprint-8,2610.0,
D0086, ,AI,,USA,Atlas,Go,999999,998,5528,47,94,74,417,09/08/2023,25:61,2,4919,811,10.1,22,17,39.1,Failed,4,Yes,No,Sprint-8,206.2,Apache-2.0
D0089,Alex,Frontend,,USA,Forge,Go,-5,94,352,60,773,210,494,12/07/2024,8PM,84,3423,1817,5.6,7,9,65.5,FAIL,8,No,No,Sprint-2,3454.0,MIT
D0646,Alex,DevOps,,Germany,Atlas,,3522,570,472,82,975,447,435,08/12/2023,8PM,53,4091,288,1.5,0,29,29.0,FAIL,0,No,No,Sprint-8,4622.0,
D0267,Sam,Backend,9.1,USA,Atlas,pyhton,999999,709,3520,175,144,388,382,15/10/2023,25:61,90,666,654,9.7,19,19,31.0,Success,4,No,No,Sprint-3,3407.4,Apache-2.0
D0499,Taylor,Platform,1.2,Germany,Atlas,Rust,3910,997,2542,179,231,418,434,02/01/2025,25:61,33,575,2478,11.9,4,14,31.5,Failed,3,No,No,Sprint-5,2195.9,
D0069, ,AI,,India,Nova, PYTHON,4963,886,4860,176,19,389,274,2023-09-03,8PM,8,3284,1388,8.6,28,17,68.9,Success,8,No,No,Sprint-6,1937.6,GPL
D0458,Sam,AI,0.6,Germany,Atlas,python,999999,978,3677,45,703,158,89,24/12/2024,00:00,68,899,2706,13.9,9,30,31.5,FAIL,4,No,Yes,Sprint-1,3797.3,Apache-2.0
D0288,Chris,Frontend,,Germany,Nova,,1728,813,2900,147,441,70,337,06/11/2023,8PM,88,1424,488,12.1,17,2,67.7, ,1,Yes,Yes,Sprint-9,325.4,GPL
D0611,Chris,Platform,6.8,Germany,Nova, PYTHON,3223,5,4783,95,518,101,416,2023-12-06,25:61,12,3895,1740,13.3,19,22,44.5,Failed,8,Yes,Yes,Sprint-5,3978.8,
D0127,Alex,Backend,9.9,India,Forge,Java,999999,981,4896,83,299,222,13,11/10/2024,00:00,13,3885,2016,13.0,10,13,49.3, ,8,Yes,No,Sprint-2,1297.5,
D0651,Sam,Frontend,0.8,Germany,Forge,Java,955,249,5155,134,702,6,146,2024-02-22,25:61,43,4693,1375,3.7,5,27,37.2,Success,2,No,Yes,Sprint-8,41.2,GPL
D0274,Taylor,DevOps,5.5,India,Nova,TypeScript,-5,877,536,86,918,136,268,2023-09-04,8PM,2,1449,2438,3.0,5,17,25.9,FAIL,0,Yes,Yes,Sprint-8,2830.4,MIT
D0645,Taylor,Platform,,India,Forge,TypeScript,-5,624,2021,58,127,465,275,19/03/2023,00:00,100,395,1408,9.3,12,29,8.2,FAIL,1,Yes,Yes,Sprint-10,438.6,GPL
D0373,Chris,DevOps,5.2,Germany,Atlas,pyhton,-5,678,1162,98,386,437,57,2024-11-27,25:61,71,3769,1992,13.6,12,6,53.6,Success,2,No,Yes,Sprint-3,3174.0,GPL
D0633, ,AI,,USA,Nova, PYTHON,-5,81,2789,129,594,127,74,2024-02-27,25:61,9,3475,1020,9.8,9,24,67.2,Success,6,No,Yes,Sprint-6,1788.7,
D0433,Alex,Frontend,,India,Atlas,,1059,567,1082,199,537,46,409,18/06/2025,00:00,31,4849,2761,4.8,1,4,0.7, ,3,Yes,No,Sprint-11,1559.8,GPL
D0302,Taylor,Frontend,,USA,Nova,TypeScript,-5,402,3807,149,544,108,144,2025-05-31,00:00,40,596,1515,10.4,4,1,24.5,Success,1,No,No,Sprint-6,2797.2,MIT
D0397,Alex,AI,,Germany,Nova,,999999,880,1705,18,80,197,420,2023-05-09,25:61,75,2289,1876,2.3,16,21,15.1,FAIL,6,No,No,Sprint-11,2561.8,MIT
D0040,Sam,Frontend,13.5,India,Nova, PYTHON,999999,946,2317,172,919,160,107,28/10/2024,8PM,45,4889,2252,2.4,14,15,46.5, ,3,Yes,No,Sprint-3,4456.5,GPL
D0424,Alex,DevOps,13.6,India,Atlas,Python,999999,587,4314,198,664,312,431,22/10/2023,8PM,35,1204,2743,4.0,2,30,16.6,Success,4,No,Yes,Sprint-2,3541.1,Apache-2.0
D0152, ,DevOps,,India,Atlas,Python,1193,108,4204,175,462,453,29,2023-03-09,8PM,26,1914,2511,13.8,6,12,65.4,Failed,5,No,Yes,Sprint-2,3760.7,
D0134,Taylor,Frontend,12.8,Germany,Atlas,python,999999,745,4214,71,757,430,315,17/12/2023,8PM,40,4614,2593,4.1,21,11,57.1,FAIL,4,Yes,No,Sprint-12,4741.0,Apache-2.0
D0251,Sam,Backend,,Germany,Nova,,999999,12,1137,182,598,65,433,19/12/2023,00:00,67,2965,2958,10.9,1,29,24.4,FAIL,4,No,No,Sprint-3,3344.3,GPL
D0409, ,AI,,USA,Forge,TypeScript,4955,572,3324,60,269,82,410,2025-01-14,25:61,80,1929,1276,2.8,12,6,56.6,Success,8,No,No,Sprint-1,3912.9,Apache-2.0
D0506,Alex,AI,11.8,Germany,Atlas,TypeScript,999999,610,2138,121,216,464,55,2024-12-18,25:61,20,2066,1420,6.2,3,23,54.0,Failed,0,Yes,Yes,Sprint-8,3939.6,MIT
D0144,Alex,AI,,India,Forge,,-5,336,1735,49,106,421,60,19/06/2025,00:00,68,2023,710,13.5,2,25,54.9, ,7,No,Yes,Sprint-9,538.0,
D0032, ,Frontend,10.6,Germany,Atlas, PYTHON,-5,969,3433,110,47,164,483,09/05/2024,00:00,60,4154,943,0.6,22,16,54.6, ,4,No,No,Sprint-7,3193.2,Apache-2.0
D0363,Sam,Platform,,Germany,Forge,python,-5,334,1225,136,877,314,435,2023-09-26,00:00,32,1373,1524,3.6,12,14,51.5, ,9,No,Yes,Sprint-5,1346.3,
D0585,Chris,DevOps,10.3,India,Forge,,-5,428,5740,191,524,232,7,2024-01-11,00:00,19,2083,513,12.7,9,12,46.4,FAIL,5,Yes,Yes,Sprint-10,344.8,
D0495,Alex,Backend,,Germany,Forge,,-5,259,2016,115,472,327,312,18/01/2025,25:61,54,1149,2112,4.2,2,30,48.1, ,7,No,No,Sprint-10,4031.1,
D0588,Alex,Frontend,3.1,USA,Atlas,TypeScript,1266,281,12,85,410,149,211,2023-05-09,00:00,15,675,28,5.6,13,11,5.6,Success,1,Yes,Yes,Sprint-1,2203.2,Apache-2.0
D0148,Chris,AI,13.8,Germany,Atlas,python,2208,65,5553,97,821,391,81,2024-10-02,00:00,99,3203,618,8.6,3,3,36.5,Success,1,Yes,Yes,Sprint-6,4105.2,
D0395,Chris,Frontend,11.3,USA,Nova,pyhton,-5,472,3164,176,631,445,324,21/10/2024,8PM,83,2343,101,1.8,20,28,58.9,Failed,1,No,No,Sprint-11,128.8,
D0355, ,DevOps,,Germany,Nova,Java,-5,738,3547,26,586,41,246,2023-06-12,8PM,72,3432,237,1.6,1,30,53.4,Success,10,No,No,Sprint-4,2128.6,MIT
D0180, ,Frontend,3.0,India,Nova,pyhton,-5,339,5289,101,224,96,120,2023-04-30,25:61,59,1678,1350,7.6,20,20,56.4,FAIL,6,No,Yes,Sprint-2,1142.4,
D0498,Taylor,AI,,USA,Nova,pyhton,999999,201,2051,59,910,375,291,2024-03-15,00:00,93,3475,1981,6.7,1,9,32.6,FAIL,3,Yes,No,Sprint-1,933.2,GPL
D0184,Chris,DevOps,,India,Nova,pyhton,999999,117,4082,191,531,446,153,2024-06-01,25:61,60,123,2557,9.6,29,7,55.1,Success,6,No,No,Sprint-9,2928.6,Apache-2.0
D0287, ,Frontend,9.6,USA,Atlas,Rust,-5,75,3161,121,316,337,60,15/01/2024,25:61,21,3678,370,0.5,18,0,34.1,FAIL,8,Yes,Yes,Sprint-7,2488.6,GPL
D0538, ,Platform,,USA,Atlas,,999999,161,1847,124,320,208,239,2024-08-18,8PM,28,3943,1901,10.1,23,28,28.2,Failed,7,No,No,Sprint-10,1243.7,Apache-2.0
D0265,Taylor,DevOps,4.8,USA,Nova,Go,-5,217,4491,18,134,321,211,02/09/2024,25:61,56,3723,189,3.6,9,26,17.2,Failed,3,No,No,Sprint-2,3448.6,Apache-2.0
D0587,Taylor,AI,,USA,Nova,Go,999999,935,691,29,421,430,429,01/05/2023,8PM,69,4083,1169,2.9,4,9,71.7,FAIL,0,No,Yes,Sprint-3,4373.8,Apache-2.0
D0430,Sam,Frontend,10.2,India,Nova,Rust,270,834,2300,86,73,355,413,2023-02-03,8PM,60,3080,1991,4.5,29,5,53.3, ,5,No,Yes,Sprint-11,348.2,Apache-2.0
D0395,Taylor,AI,,India,Forge,Go,999999,643,3662,166,866,458,446,2024-04-25,8PM,84,638,784,11.3,30,2,37.2,FAIL,2,Yes,Yes,Sprint-11,1126.0,MIT
D0277,Sam,Platform,3.3,India,Nova,TypeScript,999999,685,1047,103,19,476,426,09/03/2025,25:61,8,2857,1196,3.1,22,20,6.3,Failed,7,Yes,Yes,Sprint-6,2338.2,
D0682,Sam,Frontend,,India,Atlas,TypeScript,4901,355,2728,86,498,274,125,2025-01-05,25:61,67,185,538,4.3,7,30,55.5,Success,9,Yes,No,Sprint-2,4833.9,GPL
D0281,Sam,AI,,India,Forge,,999999,663,2184,181,86,235,259,21/12/2024,00:00,16,1132,831,12.8,1,5,60.9,FAIL,6,No,No,Sprint-10,1410.6,Apache-2.0
D0402,Chris,Frontend,10.9,India,Atlas,Rust,-5,266,640,121,875,343,362,2023-05-25,00:00,67,4559,1625,0.1,13,21,56.7,Success,5,Yes,No,Sprint-10,4426.8,GPL
D0480,Alex,Frontend,7.7,India,Forge,Java,999999,111,5125,62,713,63,425,26/09/2024,00:00,6,3137,1507,1.8,23,6,63.5,FAIL,5,Yes,No,Sprint-12,3578.0,MIT
D0226,Alex,Platform,,Germany,Forge,Python,-5,549,1422,33,504,336,23,25/03/2024,00:00,50,1592,671,13.4,6,24,2.1,Failed,7,Yes,No,Sprint-10,3402.6,
D0421, ,DevOps,,USA,Forge,Go,-5,619,226,94,356,499,296,2025-04-09,00:00,20,4471,21,2.5,4,5,47.3,Failed,3,Yes,Yes,Sprint-3,186.0,GPL
D0650,Chris,AI,13.2,Germany,Nova,pyhton,3187,862,3893,193,425,306,170,30/01/2025,00:00,79,651,112,0.5,21,3,28.0,Failed,1,No,No,Sprint-5,4742.0,GPL
D0422,Chris,Frontend,,USA,Atlas,TypeScript,999999,700,1364,58,784,315,212,15/02/2023,8PM,20,91,229,8.2,27,5,44.9,Failed,1,Yes,No,Sprint-9,264.6,Apache-2.0
D0346,Sam,Frontend,,India,Atlas,Rust,-5,364,4390,183,900,483,183,2025-02-15,25:61,86,2063,797,12.4,12,1,43.7,Failed,6,No,Yes,Sprint-2,620.2,GPL
D0610,Alex,Backend,,USA,Forge,pyhton,3933,354,3918,54,25,180,191,2024-09-11,8PM,27,4,1989,2.0,28,26,55.9, ,2,No,No,Sprint-6,1830.3,MIT
D0405, ,Platform,,USA,Forge,TypeScript,2945,72,5974,45,941,111,373,07/08/2024,00:00,50,4851,1816,6.3,25,20,25.4, ,3,No,No,Sprint-8,931.1,Apache-2.0
D0209,Taylor,Platform,13.9,USA,Forge,,999999,532,3309,65,74,330,345,2024-01-13,25:61,80,1589,2218,6.5,9,2,14.6,FAIL,0,No,Yes,Sprint-9,2661.2,
D0380,Taylor,DevOps,,India,Atlas,Python,-5,612,89,135,803,372,54,2025-01-29,8PM,62,4779,672,5.8,13,20,68.9,Success,3,Yes,No,Sprint-10,4146.1,GPL
D0545,Sam,Backend,,USA,Forge,,999999,520,3666,39,285,142,229,21/07/2023,8PM,91,16,2439,7.1,8,4,59.9,FAIL,1,No,No,Sprint-10,1590.2,
D0218,Alex,Platform,3.7,Germany,Nova,Python,999999,654,4716,69,539,257,226,28/12/2023,8PM,94,2994,2973,13.9,7,8,8.7,Failed,9,Yes,Yes,Sprint-9,3198.3,GPL
D0051,Sam,DevOps,13.6,Germany,Forge,Rust,999999,782,5034,20,371,1,315,08/10/2023,8PM,79,457,1908,2.7,21,30,0.1, ,9,No,Yes,Sprint-5,4605.0,
D0340,Alex,DevOps,5.1,Germany,Forge,pyhton,999999,594,1299,6,564,231,393,19/11/2023,00:00,42,4730,2342,9.2,26,15,63.4,FAIL,6,No,Yes,Sprint-9,2442.4,GPL
D0066,Taylor,Frontend,10.0,Germany,Forge,pyhton,-5,366,2640,69,603,378,444,30/12/2024,8PM,62,3045,494,8.2,4,29,9.3,Success,5,No,Yes,Sprint-11,11.0,
D0169,Taylor,DevOps,14.5,Germany,Atlas,python,999999,552,5677,183,378,413,423,01/09/2023,8PM,90,4609,654,1.6,17,11,57.9,Failed,0,Yes,No,Sprint-9,2871.9,MIT
D0246,Chris,DevOps,15.0,Germany,Nova,Rust,999999,353,2431,18,512,335,443,01/06/2023,00:00,66,2863,2969,11.3,13,7,65.1,Success,1,Yes,No,Sprint-1,1029.1,MIT
D0324,Chris,Frontend,,India,Nova,Java,3375,923,5769,163,627,373,396,27/12/2023,25:61,43,3710,2360,1.3,29,27,60.1,Success,4,No,Yes,Sprint-5,1677.5,GPL
D0036,Taylor,Backend,,USA,Nova,pyhton,999999,921,172,160,23,64,283,2024-07-08,25:61,72,110,1559,7.7,22,18,66.2,Failed,6,Yes,Yes,Sprint-9,426.2,GPL
D0520,Taylor,Platform,,USA,Nova,Go,-5,965,1455,55,756,408,54,24/04/2023,25:61,56,2989,128,8.0,24,14,61.9,Success,7,No,No,Sprint-4,3713.9,Apache-2.0
D0187,Taylor,DevOps,1.6,India,Atlas,TypeScript,-5,979,4589,78,256,101,412,2024-01-18,25:61,4,2087,2261,10.5,13,14,31.3,FAIL,6,Yes,No,Sprint-1,2946.2,Apache-2.0
D0646,Taylor,AI,7.2,India,Nova,pyhton,-5,826,5931,167,900,243,153,16/01/2025,25:61,78,3400,2630,5.0,17,21,19.8,Success,8,No,No,Sprint-7,1717.7,Apache-2.0
D0100,Alex,DevOps,,Germany,Atlas,,999999,560,231,94,267,414,425,2023-08-10,00:00,86,4992,1875,6.7,6,28,18.6,FAIL,7,Yes,Yes,Sprint-12,4440.6,MIT
D0627, ,AI,,Germany,Nova,,999999,151,5090,192,190,379,104,25/03/2025,00:00,16,4696,2610,3.7,18,1,21.0,FAIL,7,No,Yes,Sprint-1,4395.0,MIT
D0215, ,Frontend,,India,Forge, PYTHON,-5,421,2422,163,152,61,119,02/05/2025,00:00,71,3383,2866,8.4,23,4,57.3,Failed,10,Yes,No,Sprint-6,3700.9,MIT
D0605, ,AI,10.9,USA,Nova,pyhton,-5,488,4992,106,211,381,127,05/04/2023,00:00,97,1155,1486,11.3,9,21,63.3,Failed,5,No,No,Sprint-5,899.8,Apache-2.0
D0176,Sam,Frontend,,India,Nova,python,2886,517,2513,187,985,419,106,11/09/2024,8PM,7,4551,295,3.5,21,4,20.6,Failed,2,Yes,Yes,Sprint-3,3742.7,GPL
D0287, ,Backend,,USA,Forge, PYTHON,1160,924,189,52,851,86,37,2023-07-03,25:61,45,1320,2899,0.0,8,20,19.5,Success,5,No,Yes,Sprint-5,1433.2,MIT
D0427,Sam,Platform,,India,Nova,Rust,4027,944,892,134,652,34,84,14/06/2024,8PM,56,2035,2996,5.0,1,15,53.9,FAIL,5,Yes,Yes,Sprint-4,556.8,GPL
D0385,Sam,DevOps,,Germany,Nova,python,3964,301,5787,155,675,179,386,2024-09-06,8PM,77,4350,1528,1.6,7,22,27.2, ,2,No,No,Sprint-7,922.5,GPL
D0047,Chris,Backend,11.0,India,Nova,Java,-5,476,1807,134,855,466,438,02/03/2024,8PM,36,4599,596,2.0,0,30,70.1, ,8,No,Yes,Sprint-3,4590.8,
D0135,Taylor,Backend,,India,Forge,,999999,371,3421,80,443,389,179,21/09/2023,00:00,9,1460,782,13.4,2,14,36.4,Failed,1,No,Yes,Sprint-6,804.9,GPL
D0263,Taylor,Frontend,,USA,Nova,pyhton,-5,588,4099,87,595,241,120,2024-12-03,25:61,100,2828,2265,3.4,8,22,24.5,Failed,4,Yes,Yes,Sprint-5,3178.6,GPL
D0087,Alex,DevOps,3.8,India,Nova,Go,-5,318,1515,82,584,482,290,02/10/2024,00:00,64,3322,1901,3.1,20,18,48.0, ,6,No,Yes,Sprint-11,4567.1,
D0253,Taylor,Platform,,India,Forge, PYTHON,-5,284,4486,106,693,40,410,08/03/2025,00:00,73,4722,2249,11.3,9,3,47.5, ,4,No,No,Sprint-7,101.4,GPL
D0385,Taylor,Backend,12.3,Germany,Atlas,TypeScript,4763,501,3074,118,778,136,230,2023-11-12,8PM,19,4118,2397,12.9,14,10,30.0, ,9,Yes,Yes,Sprint-7,3626.5,Apache-2.0
D0405, ,Platform,,USA,Atlas,,-5,431,4830,152,458,470,333,07/05/2025,25:61,1,3100,1299,1.4,26,8,35.3,FAIL,3,Yes,No,Sprint-11,3094.8,MIT
D0075,Alex,Backend,,USA,Forge, PYTHON,4113,855,577,17,284,393,194,2023-11-15,00:00,2,4494,2867,9.1,17,5,61.8,FAIL,6,Yes,Yes,Sprint-9,3585.5,GPL
D0418,Sam,Backend,5.4,USA,Forge,python,999999,965,1720,173,631,154,2,22/01/2025,25:61,93,1977,786,2.8,5,10,29.0,FAIL,3,No,Yes,Sprint-8,2548.8,Apache-2.0
D0127,Chris,AI,,India,Nova,Java,999999,879,4202,71,157,321,86,31/07/2023,25:61,83,2254,2783,3.6,18,0,67.1,Success,2,No,No,Sprint-1,2549.9,GPL
D0381,Taylor,AI,,USA,Forge, PYTHON,-5,651,3233,55,692,94,492,2023-01-26,8PM,47,4192,2441,2.1,7,28,13.3,Failed,9,Yes,Yes,Sprint-4,645.7,Apache-2.0
D0612,Alex,Backend,9.4,USA,Forge,Rust,-5,60,4298,127,866,72,58,13/04/2023,25:61,15,4143,1056,7.1,27,6,55.6, ,8,Yes,Yes,Sprint-11,4250.1,
D0214,Taylor,Platform,,Germany,Atlas,Rust,999999,118,4136,4,31,408,93,15/12/2024,8PM,31,92,120,1.4,20,19,28.8,FAIL,1,No,Yes,Sprint-12,807.2,Apache-2.0
D0031,Chris,Backend,,Germany,Atlas, PYTHON,-5,82,1468,109,331,198,47,16/04/2023,8PM,55,4537,253,2.8,5,30,51.9,Failed,2,No,No,Sprint-5,2019.0,Apache-2.0
D0349,Alex,Frontend,6.7,USA,Nova,TypeScript,999999,501,1939,189,546,238,208,12/06/2024,00:00,74,3602,2722,13.1,21,11,37.1,Success,8,Yes,Yes,Sprint-1,1825.0,
D0377,Taylor,DevOps,,Germany,Nova,Python,999999,151,1990,62,68,291,481,2025-01-10,25:61,51,1903,2414,10.0,17,7,69.9, ,10,Yes,No,Sprint-1,1210.4,GPL
D0456,Sam,DevOps,1.5,India,Nova,Java,999999,970,2416,142,617,185,124,09/01/2023,8PM,67,768,1795,5.1,14,10,70.4,Success,0,Yes,Yes,Sprint-2,2377.4,
D0475,Taylor,Platform,10.7,India,Nova,Rust,-5,304,3049,125,92,210,397,30/04/2024,25:61,8,4171,2018,4.6,29,27,69.0,FAIL,0,Yes,Yes,Sprint-1,1129.2,GPL
D0475, ,DevOps,,Germany,Forge,Java,999999,18,5747,87,174,17,327,06/06/2024,25:61,60,260,1807,10.0,3,12,46.3,Success,0,Yes,Yes,Sprint-8,1664.6,Apache-2.0
D0212,Alex,AI,8.0,USA,Forge,,1226,712,2356,51,247,221,26,10/04/2025,00:00,91,3613,640,10.9,7,16,35.7,FAIL,5,Yes,No,Sprint-2,4206.2,MIT
D0520,Chris,DevOps,,Germany,Forge,Rust,999999,170,3956,55,819,112,113,2023-06-23,00:00,28,1022,2335,7.1,29,28,61.9, ,8,Yes,No,Sprint-10,3499.8,GPL
D0610, ,DevOps,,India,Forge,Rust,999999,10,5606,121,202,47,304,2024-04-18,00:00,25,814,1423,13.2,15,21,50.8,Failed,4,Yes,Yes,Sprint-12,3670.4,
D0544,Sam,Platform,,USA,Forge,TypeScript,4609,327,4203,72,766,280,409,01/01/2024,8PM,84,949,1533,10.4,24,0,0.2, ,7,No,No,Sprint-4,1894.2,Apache-2.0
D0169,Taylor,AI,,Germany,Atlas,TypeScript,-5,732,3771,58,505,223,407,22/02/2024,00:00,42,2533,2169,7.7,20,28,34.4,Failed,4,Yes,No,Sprint-10,3520.1,Apache-2.0
D0289,Sam,DevOps,1.4,Germany,Forge, PYTHON,-5,637,5547,141,128,236,80,2023-08-05,25:61,91,4129,2436,4.0,20,24,19.8,FAIL,9,No,No,Sprint-2,3168.5,
D0315,Alex,Frontend,,India,Atlas,Rust,999999,84,3847,121,257,351,459,27/10/2024,25:61,70,3091,2199,5.1,13,3,63.1,FAIL,9,No,No,Sprint-4,341.8,GPL
D0021,Taylor,Backend,3.8,India,Forge,Go,999999,322,1574,56,19,221,339,2023-04-13,00:00,10,482,1259,11.4,2,25,31.1, ,2,Yes,No,Sprint-1,4539.9,Apache-2.0
D0171,Alex,Frontend,,India,Nova,,-5,819,2805,25,135,114,80,24/03/2024,8PM,18,4830,990,7.2,11,16,7.0,Success,6,Yes,No,Sprint-1,50.7,Apache-2.0
D0559,Alex,Backend,,Germany,Forge,Rust,3068,749,3011,100,909,72,488,2025-05-12,25:61,67,3539,913,8.0,11,19,16.1,FAIL,0,No,Yes,Sprint-9,4487.1,MIT
D0006,Alex,Platform,2.9,Germany,Nova,TypeScript,3602,192,1432,103,390,112,139,2023-09-12,8PM,37,2194,1773,13.0,12,5,32.4,FAIL,2,No,No,Sprint-5,22.3,
D0216,Chris,Platform,,India,Nova,Rust,771,962,2274,114,691,290,278,2023-03-01,00:00,28,3348,2524,11.0,30,1,39.6,Failed,3,Yes,No,Sprint-10,2956.1,MIT
D0207, ,DevOps,,USA,Nova,Python,3718,974,630,31,921,487,30,2023-02-09,00:00,88,4919,1291,0.9,25,13,58.4,Success,3,Yes,Yes,Sprint-9,650.5,MIT
D0334,Chris,Platform,,USA,Nova,Java,999999,810,4668,186,872,46,389,2023-09-29,8PM,26,1211,727,3.5,17,7,45.4,Success,3,Yes,No,Sprint-9,634.2,
D0202,Chris,AI,12.6,India,Atlas,pyhton,2451,372,1873,189,270,121,310,26/06/2023,8PM,63,3119,1266,7.9,19,13,36.6,Failed,9,No,No,Sprint-4,3006.9,GPL
D0622,Chris,Backend,0.8,USA,Nova,Go,-5,951,3932,99,213,200,234,2023-03-14,00:00,73,4084,2444,5.9,26,2,68.3,FAIL,10,Yes,No,Sprint-6,3897.5,MIT
D0136,Sam,AI,,India,Nova,Rust,-5,940,3027,179,453,375,353,25/02/2024,25:61,2,928,1955,10.9,23,7,68.9,Success,1,No,Yes,Sprint-10,2512.0,
D0627,Alex,Frontend,,USA,Nova,pyhton,-5,555,5419,88,577,264,285,07/01/2025,00:00,32,352,1082,11.6,15,16,1.9,FAIL,0,Yes,No,Sprint-8,632.5,
D0026,Alex,Backend,10.9,Germany,Forge,python,3017,330,28,17,529,16,378,2023-07-31,00:00,88,3644,1151,7.7,23,23,7.7, ,7,No,Yes,Sprint-11,4601.0,Apache-2.0
D0359,Chris,Backend,11.0,India,Forge,Rust,-5,684,1720,57,362,398,97,02/06/2025,00:00,44,4086,2313,8.6,29,20,65.3,FAIL,6,No,Yes,Sprint-8,272.3,MIT
D0651,Alex,Backend,5.3,USA,Atlas,,-5,6,4663,162,434,334,256,2023-05-04,8PM,93,1809,2481,7.1,21,9,57.5,Success,6,No,No,Sprint-2,1313.1,GPL
D0598,Taylor,Platform,,USA,Forge,python,2179,959,1926,68,126,231,360,2023-07-18,00:00,93,2552,1036,10.7,14,8,8.8,Success,10,Yes,Yes,Sprint-4,850.9,GPL
D0085,Sam,DevOps,,India,Atlas,python,3873,640,3732,77,123,145,248,2023-05-17,25:61,65,448,1207,8.6,14,28,51.2,FAIL,1,Yes,No,Sprint-3,1434.4,MIT
D0253,Chris,DevOps,11.4,Germany,Nova,,-5,480,2184,31,254,37,286,2024-03-15,25:61,15,3248,2092,6.4,14,29,9.0,Success,6,No,Yes,Sprint-9,2434.6,GPL
D0098,Alex,AI,,India,Nova, PYTHON,999999,893,4911,157,827,365,347,2023-08-16,25:61,94,324,554,6.4,7,6,54.2,Failed,8,Yes,Yes,Sprint-3,3060.4,Apache-2.0
D0123,Taylor,DevOps,13.2,India,Forge,pyhton,999999,590,4054,189,313,75,27,2023-06-17,25:61,5,2492,1048,2.0,2,23,45.4,Failed,8,No,No,Sprint-5,1889.2,MIT
D0240,Sam,DevOps,7.7,Germany,Atlas,TypeScript,-5,181,4680,65,944,342,373,2024-10-06,00:00,50,1480,57,11.3,5,18,2.7,Success,9,No,No,Sprint-11,2236.0,
D0375,Chris,Platform,3.7,USA,Atlas,Java,-5,4,1365,127,701,34,134,2025-03-15,25:61,36,388,1721,3.3,27,23,40.6,Failed,1,Yes,No,Sprint-7,13.8,Apache-2.0
D0113,Sam,Frontend,,USA,Atlas,Rust,3852,292,2014,66,367,83,128,2024-05-02,25:61,41,2034,66,8.9,11,19,47.3,Success,2,No,No,Sprint-1,636.5,Apache-2.0
D0139,Alex,Platform,5.8,India,Atlas,TypeScript,999999,718,2621,107,798,191,272,13/06/2025,25:61,10,2738,2875,2.0,26,28,24.4,Success,2,No,Yes,Sprint-4,2320.5,Apache-2.0
D0305,Alex,Backend,0.7,USA,Nova,,999999,285,4290,82,884,96,178,2024-04-09,00:00,83,2777,2767,2.6,21,19,53.2,FAIL,9,No,No,Sprint-6,1397.3,MIT
D0212,Alex,Backend,,Germany,Forge,TypeScript,999999,99,4698,36,73,36,343,14/09/2024,8PM,88,2353,878,12.0,5,9,62.7, ,10,No,Yes,Sprint-10,2007.7,
D0510, ,Backend,5.0,Germany,Nova,Go,999999,341,4811,190,485,80,129,2023-08-13,00:00,84,4686,417,1.3,7,27,7.5,Success,6,Yes,Yes,Sprint-12,2369.1,MIT
D0306,Taylor,Frontend,,Germany,Atlas,,999999,994,4374,185,982,315,347,2024-05-11,00:00,34,342,1351,1.4,4,9,5.9, ,2,Yes,Yes,Sprint-2,2564.7,MIT
D0590,Chris,Backend,14.4,USA,Forge,Python,252,544,4356,97,555,158,393,2023-08-14,8PM,45,1151,2746,9.4,25,26,47.6,Success,3,Yes,Yes,Sprint-9,4155.7,GPL
D0518, ,AI,,India,Forge,pyhton,-5,804,318,30,874,274,481,2023-02-04,00:00,68,4214,2310,7.1,5,16,10.9,Success,1,No,No,Sprint-12,1130.5,
D0430, ,Backend,,USA,Nova,pyhton,-5,614,4818,63,820,410,197,03/01/2025,8PM,89,3683,1248,13.2,20,4,28.2,Failed,7,No,No,Sprint-4,2235.8,GPL
D0039,Sam,Platform,1.1,Germany,Forge,TypeScript,2684,309,4709,5,280,392,27,2023-02-25,25:61,93,1886,2866,0.6,22,22,69.8,FAIL,8,Yes,No,Sprint-12,881.5,MIT
D0308,Alex,DevOps,,USA,Atlas,TypeScript,-5,836,2738,154,860,244,6,2024-08-31,8PM,8,4162,1227,3.6,13,27,57.4, ,1,Yes,Yes,Sprint-11,3061.0,Apache-2.0
D0427,Sam,DevOps,4.8,India,Forge,Go,999999,807,2055,85,431,66,392,2025-02-01,00:00,39,563,1253,6.4,22,26,61.3,Success,0,Yes,Yes,Sprint-3,3375.8,Apache-2.0
D0005,Chris,DevOps,,Germany,Nova,python,1968,205,4606,109,743,222,30,01/09/2024,8PM,57,928,465,14.0,8,11,14.2,FAIL,1,Yes,No,Sprint-2,1088.7,GPL
D0319,Alex,DevOps,2.0,USA,Nova,Java,-5,657,2709,33,399,96,350,15/05/2024,8PM,74,632,2073,11.0,13,14,65.4, ,6,No,Yes,Sprint-11,2120.0,MIT
D0669,Sam,Frontend,13.6,Germany,Nova,,999999,105,5618,8,572,429,97,14/12/2024,00:00,60,2065,1805,7.2,22,29,49.3,FAIL,3,No,No,Sprint-8,3084.9,GPL
D0508,Taylor,Platform,1.9,Germany,Atlas,python,999999,501,2344,162,222,285,305,28/11/2024,00:00,16,4106,937,8.9,4,9,35.2,FAIL,4,No,No,Sprint-7,4876.0,MIT
D0465,Chris,DevOps,,Germany,Forge,pyhton,999999,427,3191,160,156,127,385,2024-10-29,8PM,45,2671,2248,6.1,8,8,52.6,Success,7,No,No,Sprint-11,325.4,Apache-2.0
D0016,Taylor,Backend,,Germany,Atlas,Rust,999999,139,2745,176,884,350,42,2025-05-19,00:00,71,180,2136,13.6,2,18,4.0,FAIL,2,Yes,Yes,Sprint-11,2604.4,
D0229, ,DevOps,0.2,India,Atlas,Java,-5,891,206,57,895,245,78,18/04/2024,8PM,11,565,2319,3.9,19,28,65.3,Success,6,Yes,No,Sprint-11,2822.8,GPL
D0106,Taylor,Frontend,,Germany,Atlas,Java,999999,482,2070,28,416,39,192,2023-06-11,00:00,49,-23,2812,1.3,12,18,13.3,Success,5,No,No,Sprint-5,993.3,MIT
D0303,Alex,DevOps,,USA,Nova,Python,-5,980,4101,7,936,239,182,13/09/2024,00:00,33,1510,788,10.4,25,14,55.5,FAIL,8,No,No,Sprint-5,2112.9,MIT
D0694,Sam,Backend,,USA,Atlas,Go,4415,22,5811,33,970,262,81,2023-03-01,8PM,27,177,685,11.1,19,16,43.5,FAIL,6,Yes,No,Sprint-10,559.2,GPL
D0399, ,AI,8.4,Germany,Nova,Java,999999,126,1269,173,110,438,299,13/01/2024,25:61,7,2440,1359,0.2,10,9,16.9,Success,6,No,Yes,Sprint-5,2502.2,
D0557,Chris,DevOps,,Germany,Nova,Java,999999,376,268,172,604,241,79,2023-09-01,00:00,2,3263,1905,1.4,22,10,51.0,Success,0,No,Yes,Sprint-2,805.9,MIT
D0543,Taylor,AI,,India,Atlas,pyhton,2312,608,2906,166,635,322,489,01/12/2024,8PM,69,232,154,11.3,24,2,49.4,Success,8,No,No,Sprint-1,1964.5,GPL
D0110,Sam,DevOps,,India,Forge,,2571,594,3415,147,395,216,208,2023-06-21,00:00,9,761,731,13.0,23,15,8.0, ,9,No,No,Sprint-5,1999.3,MIT
D0100,Alex,Platform,,India,Nova,Go,-5,324,2254,93,119,320,230,18/02/2024,00:00,40,275,1315,8.5,14,18,51.4,Success,1,No,No,Sprint-10,2605.2,Apache-2.0
D0452,Chris,Backend,,India,Nova,Java,999999,831,4927,8,449,87,360,2025-06-12,00:00,1,3968,2428,6.5,1,7,55.9,Success,10,No,Yes,Sprint-8,3089.4,
D0131,Taylor,Platform,,USA,Atlas, PYTHON,-5,450,1043,17,447,439,111,2024-12-22,8PM,69,3209,1594,2.1,1,27,38.9,FAIL,2,No,Yes,Sprint-4,1531.5,MIT
D0392,Sam,Backend,12.0,Germany,Atlas,Rust,999999,234,342,182,156,462,73,16/02/2025,8PM,23,384,2020,6.2,30,24,53.3, ,0,No,No,Sprint-11,1758.7,GPL
D0560,Chris,Platform,,Germany,Forge,Java,-5,532,2662,85,727,229,194,24/07/2024,8PM,8,941,2836,8.9,18,8,49.9,Success,8,Yes,Yes,Sprint-3,457.8,MIT
D0653,Taylor,AI,1.9,USA,Nova,,999999,541,3121,103,596,212,22,10/08/2023,25:61,72,825,1650,6.2,16,14,40.9, ,4,No,Yes,Sprint-6,1652.8,Apache-2.0
D0639,Taylor,Backend,,Germany,Forge,Go,999999,658,5394,67,273,400,410,2023-05-25,25:61,95,1814,2816,7.3,12,26,46.0,Failed,4,No,Yes,Sprint-6,990.0,GPL
D0259, ,Frontend,7.1,Germany,Atlas,python,2234,875,3162,20,939,73,418,2024-01-21,25:61,78,946,2865,3.0,14,0,15.9, ,3,No,Yes,Sprint-3,1771.8,Apache-2.0
D0167,Alex,Platform,,USA,Forge,TypeScript,999999,431,4257,20,52,163,355,02/11/2023,25:61,42,2303,2774,6.2,5,12,68.5, ,5,Yes,No,Sprint-3,501.4,GPL
D0547, ,AI,11.4,Germany,Nova,Java,999999,535,3047,158,287,19,300,05/08/2023,25:61,28,4580,1735,2.6,15,19,21.7,Success,4,No,No,Sprint-12,4935.7,MIT
D0310,Chris,AI,0.8,Germany,Nova,Go,999999,384,785,25,234,134,413,2023-01-08,25:61,14,4890,974,7.7,1,10,60.6,Success,10,Yes,No,Sprint-6,2680.9,MIT
D0223,Chris,AI,12.0,Germany,Forge,Python,-5,449,139,86,766,2,241,05/04/2025,00:00,15,653,2789,8.8,24,7,15.0, ,3,Yes,Yes,Sprint-1,3444.5,Apache-2.0
D0189,Taylor,Frontend,,Germany,Atlas,Go,999999,753,4865,200,466,407,21,2023-03-13,8PM,17,1854,2360,0.6,24,18,17.0,FAIL,0,Yes,Yes,Sprint-2,4339.9,MIT
D0104,Chris,Backend,,India,Nova, PYTHON,4637,582,2994,26,807,352,475,2023-09-26,25:61,24,2461,1572,11.0,27,22,11.3,Success,5,No,No,Sprint-4,2792.9,GPL
D0357,Sam,DevOps,,India,Nova,Java,-5,440,4569,44,404,388,387,2023-03-06,00:00,84,3719,88,6.8,6,18,55.0,FAIL,6,No,Yes,Sprint-1,1151.2,MIT
D0203,Taylor,Frontend,,Germany,Nova, PYTHON,-5,619,2516,135,727,177,459,2023-07-08,00:00,77,2939,459,2.3,24,4,16.3,FAIL,3,Yes,No,Sprint-1,2115.3,MIT
D0009, ,Backend,,India,Forge,Java,4328,615,3218,97,261,298,316,2023-10-08,00:00,6,789,1669,8.5,9,5,10.3, ,8,No,No,Sprint-12,2092.2,GPL
D0621,Alex,Frontend,,India,Nova,Rust,3748,560,5844,189,22,307,82,15/03/2023,00:00,86,4500,2282,5.4,8,23,70.2, ,4,Yes,Yes,Sprint-5,3397.7,Apache-2.0
D0256, ,Platform,5.6,India,Atlas, PYTHON,-5,717,330,140,987,111,465,11/04/2024,25:61,75,3999,1629,0.5,25,17,22.9,Success,0,Yes,Yes,Sprint-2,2346.2,Apache-2.0
D0223,Taylor,AI,3.6,India,Forge,,4311,18,5939,117,94,217,212,2023-03-27,25:61,70,4134,185,3.2,6,20,24.5, ,10,Yes,No,Sprint-9,528.3,MIT
D0369, ,AI,3.2,Germany,Nova,TypeScript,999999,661,3118,111,89,236,247,2024-11-30,8PM,34,1059,1105,13.6,19,23,34.0, ,10,No,Yes,Sprint-6,4195.9,MIT
D0162,Alex,Backend,,Germany,Atlas,pyhton,3450,737,829,147,279,375,414,01/08/2024,8PM,91,4324,1567,4.1,15,18,48.9,Success,2,Yes,No,Sprint-3,3023.0,Apache-2.0
D0387,Sam,Frontend,,India,Nova,Java,4935,88,5997,161,584,288,418,04/10/2024,8PM,27,1656,2426,11.1,27,0,12.7,FAIL,7,Yes,Yes,Sprint-6,4119.9,GPL
D0575, ,DevOps,,USA,Nova,Rust,3297,626,4184,29,753,434,118,2025-01-30,00:00,100,4028,634,0.5,7,28,49.1,FAIL,2,Yes,Yes,Sprint-5,618.6,Apache-2.0
D0436,Taylor,Backend,,India,Nova,pyhton,-5,182,1158,90,78,223,447,27/06/2023,25:61,46,4319,1003,1.9,20,4,11.2,FAIL,10,No,No,Sprint-4,4422.2,MIT
D0457,Taylor,AI,5.8,Germany,Forge,Go,1563,391,4653,1,301,277,441,20/08/2023,25:61,57,1353,1880,7.8,23,21,52.8,Success,1,Yes,No,Sprint-9,3311.7,Apache-2.0
D0008, ,Platform,,Germany,Nova,Go,999999,128,279,129,52,359,359,2025-03-09,8PM,19,1637,1307,3.4,3,15,3.3,Failed,4,Yes,Yes,Sprint-2,1406.9,MIT
D0558,Chris,Backend,,India,Atlas,Java,999999,373,4728,168,539,262,313,2023-11-13,25:61,11,3408,2488,12.9,11,10,16.0,Success,3,Yes,Yes,Sprint-2,3108.7,GPL
D0677, ,Platform,,India,Forge,Python,-5,812,4100,130,124,309,330,27/01/2025,8PM,84,2420,1007,12.2,23,9,42.5,Failed,8,Yes,No,Sprint-2,2710.6,MIT
D0118,Chris,Backend,2.6,India,Nova,TypeScript,931,520,5850,0,715,455,64,2025-02-09,8PM,31,3191,1013,11.7,9,2,29.7,Success,8,Yes,Yes,Sprint-5,3308.5,MIT
D0371,Sam,Platform,,Germany,Atlas,TypeScript,999999,477,2843,199,125,349,92,2024-06-08,00:00,29,3960,2551,3.0,25,5,12.1,FAIL,3,Yes,Yes,Sprint-12,3632.8,
D0222,Taylor,Backend,,Germany,Atlas,TypeScript,999999,320,5361,39,491,368,444,16/04/2024,00:00,93,4083,667,12.6,0,9,43.4,FAIL,5,No,No,Sprint-12,4388.4,MIT
D0251, ,AI,,USA,Forge,TypeScript,4770,930,1370,28,207,39,41,2024-05-23,25:61,12,4396,933,10.1,3,7,16.5,FAIL,3,Yes,No,Sprint-12,4592.5,
D0316, ,Frontend,,Germany,Forge,Rust,999999,522,4864,120,467,261,317,2025-02-14,8PM,93,2090,32,0.2,10,21,7.9,FAIL,8,Yes,No,Sprint-5,1811.3,
D0617, ,DevOps,,Germany,Atlas,TypeScript,4403,243,1975,161,740,312,251,19/04/2025,8PM,98,328,530,6.5,17,4,6.8,Success,4,Yes,Yes,Sprint-11,3864.0,MIT
D0094, ,Platform,5.2,Germany,Forge, PYTHON,999999,329,5742,23,78,374,85,18/03/2025,25:61,61,454,703,10.3,14,19,2.7,FAIL,2,No,No,Sprint-1,4162.9,MIT
D0216,Chris,Backend,5.4,India,Nova,python,999999,647,1311,110,784,82,220,2023-04-01,25:61,36,3641,2695,13.0,13,27,28.8,Success,9,Yes,No,Sprint-6,2169.5,GPL
D0036,Chris,DevOps,3.1,Germany,Atlas,,-5,334,4019,40,790,252,93,2024-08-05,00:00,82,4827,260,11.4,11,0,51.8, ,9,Yes,Yes,Sprint-3,4419.8,MIT
D0523,Chris,Frontend,,USA,Nova,Java,-5,575,3238,81,725,473,195,2023-05-02,25:61,87,396,1891,0.8,17,20,71.5,Success,7,Yes,No,Sprint-8,1052.8,
D0699, ,Backend,1.0,Germany,Atlas, PYTHON,4361,953,2377,66,475,107,116,2023-09-10,00:00,23,4902,395,4.6,9,14,17.7,Success,1,No,Yes,Sprint-5,4349.4,Apache-2.0
D0193, ,Frontend,,USA,Forge,Python,-5,500,5376,115,74,35,479,2023-03-31,00:00,59,430,1945,11.2,8,1,37.7,Failed,0,No,No,Sprint-6,3584.1,MIT
D0244,Chris,Platform,,Germany,Nova,Java,1525,398,3274,194,100,170,152,2024-08-26,25:61,78,4191,1018,4.4,9,9,1.7,Failed,10,No,Yes,Sprint-8,1479.8,GPL
D0452, ,Platform,,USA,Nova, PYTHON,1030,899,423,62,166,431,458,2023-04-28,8PM,69,1545,2024,0.2,28,24,63.0, ,9,Yes,No,Sprint-2,4657.3,Apache-2.0
D0657,Sam,AI,9.2,Germany,Forge,Java,999999,450,238,63,389,418,0,2024-10-19,00:00,97,454,2301,12.2,2,20,17.1,FAIL,1,Yes,Yes,Sprint-11,2045.4,Apache-2.0
D0603,Chris,Backend,12.0,India,Forge,Go,4700,406,35,128,108,418,398,2023-10-02,8PM,81,3849,1433,3.3,1,14,5.6, ,6,Yes,No,Sprint-8,2224.9,
D0337,Alex,DevOps,9.7,India,Forge, PYTHON,999999,755,4255,31,752,135,65,2023-10-21,25:61,35,4151,2753,13.2,12,2,51.5, ,5,No,No,Sprint-3,3112.3,Apache-2.0
D0611, ,Frontend,,India,Atlas, PYTHON,181,934,2883,98,356,223,170,02/06/2023,8PM,40,2744,1170,1.4,30,10,2.6, ,9,No,No,Sprint-9,2070.3,Apache-2.0
D0311, ,AI,,India,Nova,pyhton,-5,902,3261,32,520,6,192,2023-02-04,25:61,66,4681,151,12.5,9,21,29.7, ,0,Yes,No,Sprint-9,2618.9,MIT
D0440, ,DevOps,,Germany,Atlas,pyhton,-5,566,1982,76,859,342,26,06/03/2024,00:00,63,4583,366,9.0,3,28,37.8, ,2,Yes,Yes,Sprint-6,4524.1,
D0452,Chris,Backend,,USA,Nova,Go,999999,656,2528,42,184,343,231,10/02/2025,25:61,85,2833,2417,11.8,10,8,2.1, ,4,Yes,Yes,Sprint-2,1212.0,MIT
D0486, ,Backend,13.2,India,Forge,TypeScript,-5,198,1588,119,445,394,89,27/04/2025,00:00,66,510,2646,5.4,5,24,22.7,Failed,7,No,Yes,Sprint-12,225.2,MIT
D0078,Chris,AI,8.6,Germany,Nova, PYTHON,-5,685,2021,64,242,11,228,2024-10-30,00:00,71,2558,2858,11.8,19,14,59.9, ,2,Yes,Yes,Sprint-1,3239.1,GPL
D0499,Chris,DevOps,,USA,Forge,Python,2555,259,573,185,68,434,381,2023-10-01,00:00,98,3628,2282,1.2,11,8,14.6,Failed,3,No,No,Sprint-8,1859.8,
D0351,Chris,DevOps,,Germany,Nova,Python,-5,933,838,66,861,407,100,2025-01-20,8PM,93,1331,1824,4.8,6,18,17.9, ,0,Yes,Yes,Sprint-5,2313.8,GPL
D0386,Alex,Platform,,India,Atlas,TypeScript,999999,135,2052,164,601,265,402,24/05/2025,8PM,10,439,365,8.9,7,13,21.5,FAIL,4,Yes,Yes,Sprint-5,415.5,Apache-2.0
D0001, ,Platform,10.7,Germany,Atlas, PYTHON,-5,17,3399,128,505,108,217,2025-02-02,25:61,89,736,1406,13.8,5,22,27.7, ,9,No,Yes,Sprint-4,2450.4,Apache-2.0
D0656,Sam,DevOps,,Germany,Forge,Go,999999,355,3120,180,617,9,395,2024-08-20,8PM,7,1760,1688,2.5,28,4,33.9,Success,10,Yes,Yes,Sprint-10,4526.2,MIT
D0135,Chris,Frontend,,India,Nova,,999999,923,4443,198,198,25,283,2023-11-01,25:61,53,3985,288,6.0,18,5,33.8,FAIL,1,No,Yes,Sprint-1,2468.3,Apache-2.0
D0245,Taylor,Frontend,,India,Nova,,999999,614,493,7,376,391,149,29/02/2024,00:00,55,2475,2841,7.0,12,25,8.4, ,5,No,No,Sprint-4,2016.7,MIT
D0233,Taylor,DevOps,6.5,India,Atlas,pyhton,999999,763,3057,91,356,337,75,2024-01-01,25:61,90,3871,2036,12.7,18,21,54.6,Failed,1,No,Yes,Sprint-9,4367.3,
D0602,Sam,Frontend,,India,Nova, PYTHON,999999,708,226,142,176,432,54,2024-03-20,00:00,81,3877,867,6.5,14,30,7.9,Success,10,Yes,Yes,Sprint-4,4171.2,MIT
D0418,Alex,AI,,Germany,Atlas,python,-5,121,5281,110,401,112,169,31/03/2025,00:00,28,332,1355,11.5,2,17,32.9,Success,0,No,Yes,Sprint-10,4224.6,Apache-2.0
D0671, ,AI,8.0,Germany,Atlas,python,999999,910,1554,116,790,60,205,2023-08-21,8PM,59,2650,2040,12.0,18,20,56.0,FAIL,1,No,Yes,Sprint-2,2505.4,MIT
D0433,Sam,DevOps,7.8,India,Nova,TypeScript,-5,875,3002,165,632,284,206,14/09/2024,00:00,31,2617,1737,9.1,3,29,36.6, ,9,No,No,Sprint-1,850.2,MIT
D0162,Alex,Backend,2.5,USA,Atlas,Go,-5,66,933,191,273,125,124,2023-04-09,00:00,22,2350,1970,2.3,1,23,17.7,Failed,7,Yes,Yes,Sprint-3,2966.3,
D0340,Alex,AI,,USA,Nova,Python,-5,34,1780,83,324,300,425,12/06/2023,00:00,28,308,639,12.3,17,22,27.7,Success,8,Yes,No,Sprint-9,4652.1,
D0044,Sam,Backend,10.2,Germany,Forge,pyhton,4996,966,3895,56,327,21,461,06/11/2023,00:00,89,2697,2417,0.6,29,11,5.1,Failed,1,Yes,Yes,Sprint-6,2655.1,
D0467,Taylor,Platform,6.4,USA,Nova,Java,-5,617,2576,194,45,143,31,2024-11-30,00:00,57,893,1964,4.9,17,6,66.6, ,9,No,Yes,Sprint-6,3897.6,Apache-2.0
D0251,Sam,Frontend,,USA,Nova,TypeScript,3818,814,4956,57,332,368,314,08/10/2023,25:61,60,1117,2165,0.9,21,9,14.9, ,8,Yes,No,Sprint-1,4042.8,MIT
D0171,Sam,AI,14.4,Germany,Forge,Java,3897,159,3530,141,296,71,42,27/07/2024,8PM,8,4996,1140,3.5,16,3,0.2,Success,7,No,No,Sprint-6,2356.2,GPL
D0065,Chris,AI,8.5,Germany,Nova,pyhton,708,570,2109,105,258,260,363,02/05/2024,00:00,68,3360,45,0.2,10,7,8.4,Success,9,Yes,Yes,Sprint-5,4218.9,Apache-2.0
D0412,Chris,Backend,12.7,USA,Forge,Rust,3177,596,390,100,27,265,201,2023-07-26,25:61,17,62,2132,0.5,7,29,68.2,Failed,9,No,Yes,Sprint-7,2715.5,GPL
D0215, ,Backend,0.5,USA,Nova,python,999999,115,991,131,245,111,161,2023-07-08,00:00,11,3678,1984,8.8,6,16,46.3, ,8,No,Yes,Sprint-5,179.3,
D0483, ,Platform,3.8,India,Forge,,-5,374,5582,130,608,491,138,2023-12-24,25:61,29,3335,2714,9.9,0,21,1.7, ,7,Yes,No,Sprint-12,3438.4,Apache-2.0
D0086,Sam,DevOps,7.3,India,Atlas,python,-5,561,1017,30,599,12,443,2025-01-17,25:61,88,4348,491,4.7,25,0,65.2,Failed,7,No,No,Sprint-11,4772.8,GPL
D0108, ,DevOps,2.3,Germany,Forge,Java,4017,419,3329,6,141,437,184,30/05/2025,8PM,19,2318,911,0.7,29,10,28.4,FAIL,5,Yes,No,Sprint-2,993.2,MIT
D0496, ,DevOps,7.5,USA,Nova,python,4115,688,4342,195,424,212,289,18/06/2025,00:00,46,949,1044,13.4,4,11,41.1,Success,8,Yes,Yes,Sprint-8,4072.1,GPL
D0381,Alex,Platform,,India,Forge,,-5,668,5497,148,731,331,244,2025-04-19,25:61,78,1148,396,9.8,30,7,49.5, ,0,No,No,Sprint-7,2116.9,
D0535,Chris,Frontend,12.2,Germany,Atlas,Rust,-5,623,3596,45,309,434,476,05/12/2024,00:00,14,4500,1940,12.9,29,0,69.8, ,7,No,Yes,Sprint-9,3813.7,GPL
D0397,Chris,DevOps,9.1,India,Atlas,Go,4284,780,1657,169,281,60,132,2024-12-10,00:00,59,1175,2451,9.6,21,26,6.8,Success,9,No,No,Sprint-5,3263.2,
D0091,Alex,Backend,,USA,Nova,,3037,475,2884,198,461,340,47,2025-02-13,25:61,1,1496,2473,13.3,10,0,61.0,Success,9,Yes,No,Sprint-4,4078.8,MIT
D0175,Taylor,Frontend,,Germany,Nova,Go,999999,734,3033,83,353,35,181,2023-01-21,00:00,15,1013,2745,6.2,18,26,50.6, ,2,Yes,Yes,Sprint-11,3499.1,GPL
D0347,Sam,DevOps,1.3,USA,Forge,Rust,-5,705,4485,196,989,85,378,2023-04-29,25:61,55,2820,733,12.8,9,13,3.3, ,8,No,Yes,Sprint-2,202.1,GPL
D0519,Sam,AI,10.9,India,Atlas,Rust,-5,814,551,53,789,75,156,17/02/2024,8PM,24,1123,891,5.2,5,22,15.9, ,3,Yes,Yes,Sprint-3,1779.1,
D0145, ,AI,,Germany,Atlas, PYTHON,999999,794,5250,40,481,61,393,11/01/2024,00:00,20,4416,540,13.6,0,19,47.8,FAIL,7,Yes,Yes,Sprint-7,273.5,MIT
D0570,Chris,DevOps,,Germany,Forge,Python,-5,522,536,186,352,75,411,2023-03-14,8PM,81,4559,145,3.8,10,14,29.9,Success,10,Yes,No,Sprint-8,713.0,
D0477,Alex,Platform,,India,Atlas,TypeScript,999999,411,1613,140,541,468,320,2023-12-11,25:61,80,4126,1460,0.7,12,1,11.3,Success,3,No,Yes,Sprint-1,2976.2,Apache-2.0
D0527,Taylor,Platform,,Germany,Atlas,Rust,2836,258,1858,178,564,361,493,27/04/2023,00:00,57,2718,533,10.1,7,30,30.8,FAIL,6,Yes,Yes,Sprint-1,761.0,Apache-2.0
D0527,Taylor,Platform,0.8,Germany,Forge,,-5,676,5549,44,850,476,309,2023-11-11,8PM,28,2585,198,8.1,25,0,0.8, ,9,Yes,No,Sprint-9,3079.2,Apache-2.0
D0021,Alex,DevOps,10.5,Germany,Nova,python,999999,236,5293,136,339,64,103,2024-12-23,00:00,87,3145,1633,1.6,4,1,47.5,FAIL,8,Yes,No,Sprint-4,592.7,GPL
D0308, ,Frontend,13.5,India,Nova,Java,-5,357,4674,44,328,459,5,2023-02-25,25:61,96,4632,1490,13.7,27,30,70.5,Success,10,Yes,No,Sprint-10,767.1,Apache-2.0
D0648,Taylor,Frontend,,USA,Nova,Rust,999999,171,2678,28,164,412,261,2024-06-30,25:61,78,4858,2692,2.0,9,21,48.8,Failed,10,No,No,Sprint-2,4260.5,GPL
D0003, ,DevOps,,India,Atlas,python,-5,786,4013,117,720,300,404,10/03/2025,25:61,9,521,824,4.1,6,20,35.2,Success,0,Yes,Yes,Sprint-10,406.1,GPL
D0668,Taylor,Platform,,USA,Atlas, PYTHON,999999,225,2252,176,463,107,54,2024-02-23,00:00,88,4848,1875,12.3,5,30,45.0,FAIL,1,No,Yes,Sprint-8,4916.0,MIT
D0465,Chris,Frontend,6.9,India,Nova,Python,2574,851,3067,10,608,148,410,2025-05-26,00:00,9,1959,1978,13.7,20,12,28.9,Success,10,Yes,No,Sprint-11,270.5,MIT
D0502,Chris,Platform,,India,Atlas,TypeScript,999999,359,2532,86,907,372,155,2024-12-26,00:00,77,3244,1969,9.0,1,30,27.4,Failed,2,Yes,No,Sprint-7,2187.1,GPL
D0398, ,DevOps,,Germany,Forge,Python,-5,201,2109,47,413,293,175,2024-06-24,00:00,1,4289,1791,13.6,23,12,16.8,Success,6,Yes,Yes,Sprint-12,966.1,GPL
D0651,Chris,Backend,10.9,India,Forge,Java,-5,186,352,148,238,78,287,2024-12-08,25:61,33,1809,687,3.1,29,21,58.0,Failed,6,No,Yes,Sprint-3,2983.0,Apache-2.0
D0498,Alex,Backend,,Germany,Atlas,pyhton,2053,737,2538,145,763,296,343,16/05/2024,25:61,55,1921,1361,0.9,4,24,44.3, ,4,No,Yes,Sprint-9,3648.9,GPL
D0194, ,AI,9.1,Germany,Forge,Rust,-5,398,2374,177,991,236,144,06/06/2024,8PM,85,3732,243,11.1,1,14,31.8,FAIL,4,No,No,Sprint-6,4751.5,GPL
D0130,Sam,Platform,14.0,India,Forge,Rust,999999,786,2306,156,986,282,332,08/03/2024,25:61,68,3644,2161,3.3,8,5,11.1, ,5,Yes,Yes,Sprint-8,2632.5,GPL
D0490,Chris,Frontend,11.6,India,Atlas, PYTHON,3082,937,5800,173,74,136,126,21/01/2023,8PM,41,3694,2169,12.7,17,14,47.8, ,6,Yes,Yes,Sprint-8,78.0,
D0242,Alex,Platform,0.4,India,Atlas,Go,-5,684,185,149,132,364,424,2024-05-08,00:00,80,645,87,12.9,9,4,65.4,FAIL,10,No,No,Sprint-11,3891.4,
D0408,Sam,AI,,Germany,Forge,Go,999999,97,4496,44,788,485,237,2025-01-14,00:00,56,4155,273,8.8,16,10,23.3,Success,5,Yes,No,Sprint-3,2337.8,GPL
D0175,Sam,Backend,,USA,Atlas, PYTHON,4203,719,5492,104,93,477,98,23/01/2024,25:61,49,4909,512,7.8,17,29,59.7,FAIL,9,No,No,Sprint-2,3731.1,Apache-2.0
D0274, ,Frontend,6.0,Germany,Forge,Java,4862,206,1015,8,186,426,472,23/12/2024,8PM,86,1342,137,2.5,5,12,36.0, ,9,Yes,Yes,Sprint-2,4336.3,GPL
D0540, ,DevOps,11.5,India,Atlas,,999999,969,1903,82,709,130,239,09/01/2025,8PM,100,1127,1998,9.6,21,19,67.0,Success,6,Yes,Yes,Sprint-8,3089.2,
D0500,Taylor,AI,11.1,India,Forge,Java,594,666,1146,60,279,170,220,2023-01-14,00:00,51,1420,2362,8.7,26,4,16.5, ,7,Yes,No,Sprint-4,2254.4,MIT
D0367,Alex,Backend,5.5,USA,Forge,,2175,664,4731,127,606,424,380,2024-02-10,00:00,15,4552,2433,0.5,3,9,29.3, ,2,Yes,No,Sprint-5,4044.8,Apache-2.0
D0301,Chris,Backend,,USA,Atlas,Rust,999999,196,5740,184,241,281,289,25/06/2024,25:61,99,1114,689,7.4,4,19,1.4,Failed,0,No,Yes,Sprint-8,1907.6,MIT
D0338, ,Platform,9.4,Germany,Atlas,pyhton,999999,991,5738,30,129,432,34,13/11/2023,00:00,34,1192,2771,8.6,16,26,69.2, ,3,No,No,Sprint-9,1151.8,GPL
D0570,Taylor,Platform,,USA,Atlas, PYTHON,999999,30,5078,130,406,38,309,2024-08-16,00:00,78,4580,1682,13.3,7,10,62.2,Failed,3,Yes,Yes,Sprint-8,3969.0,Apache-2.0
D0006,Sam,AI,,USA,Nova,,1026,719,5975,112,261,269,212,2023-05-30,8PM,79,516,232,6.4,13,4,2.7,Failed,0,No,Yes,Sprint-5,3586.1,MIT
D0613, ,Backend,4.1,Germany,Atlas,Python,999999,10,768,141,718,309,72,10/10/2023,8PM,27,3374,35,7.8,15,18,16.6, ,3,Yes,No,Sprint-11,1906.5,GPL
D0628, ,DevOps,,Germany,Nova,Go,3739,43,2482,164,325,126,382,26/03/2023,00:00,58,3812,2668,4.8,11,9,15.7,FAIL,10,Yes,No,Sprint-2,4366.2,MIT
D0668,Sam,DevOps,2.9,Germany,Nova,Python,999999,565,2079,148,964,290,346,05/04/2023,25:61,100,3380,1885,9.1,16,30,68.8,Failed,3,Yes,No,Sprint-5,496.3,
D0017,Taylor,AI,9.1,USA,Nova,Python,999999,962,5054,171,461,265,30,2024-12-17,25:61,23,1005,321,12.2,14,6,60.5,Failed,2,No,Yes,Sprint-5,4352.9,Apache-2.0
D0121,Chris,AI,10.3,Germany,Atlas,Python,999999,604,4039,166,60,403,258,28/03/2025,00:00,35,1928,2948,6.0,7,22,1.1,FAIL,10,Yes,Yes,Sprint-7,2496.9,Apache-2.0
D0612,Sam,AI,,USA,Atlas,Go,999999,778,1432,31,20,229,448,08/03/2025,25:61,67,3383,552,0.2,7,8,16.0,FAIL,5,No,No,Sprint-10,227.8,MIT
D0004,Alex,Frontend,12.1,USA,Forge,Java,2239,413,698,133,763,436,366,2023-05-07,25:61,18,4471,2831,7.2,19,9,43.1, ,5,No,No,Sprint-9,4134.6,MIT
D0099,Sam,Frontend,,USA,Nova,TypeScript,4428,175,1683,39,559,162,46,28/09/2023,00:00,1,4338,221,1.5,6,14,60.4, ,6,Yes,Yes,Sprint-1,608.0,Apache-2.0
D0484,Taylor,Platform,12.3,USA,Nova,pyhton,-5,804,3727,162,405,89,303,2024-04-17,00:00,4,3699,888,10.6,18,30,10.9,FAIL,5,Yes,No,Sprint-2,717.2,GPL
D0627,Sam,Platform,1.8,Germany,Nova,Go,649,291,5141,99,314,232,77,04/02/2025,8PM,23,4873,684,2.1,11,7,9.1,Failed,10,No,Yes,Sprint-1,3320.2,MIT
D0148,Chris,Frontend,5.3,India,Atlas,python,-5,154,3113,197,962,240,157,03/06/2025,00:00,45,3648,2978,13.2,15,2,36.5,Failed,1,No,No,Sprint-8,3585.6,Apache-2.0
D0539,Taylor,Backend,10.1,Germany,Atlas, PYTHON,999999,998,3701,37,45,187,189,2024-09-17,8PM,6,2225,2235,5.9,24,30,35.4, ,10,Yes,No,Sprint-9,3986.3,GPL
D0254, ,Platform,7.2,Germany,Forge,Go,4941,329,2481,147,803,499,166,06/10/2023,8PM,56,3725,537,1.0,15,21,20.6, ,2,Yes,No,Sprint-2,1211.6,
D0695,Sam,Frontend,3.1,Germany,Forge,Python,-5,335,5005,117,353,225,10,2024-10-13,00:00,32,17,736,13.1,6,25,28.2,Success,8,Yes,No,Sprint-6,3322.0,
D0043,Alex,Platform,,Germany,Forge,Rust,-5,278,65,179,49,396,146,2023-12-16,25:61,10,725,2230,2.2,9,11,29.9,Failed,5,No,Yes,Sprint-5,3292.4,
D0119,Sam,Frontend,3.1,USA,Atlas,pyhton,999999,950,5006,137,377,291,414,2024-09-08,00:00,6,331,1446,11.2,12,19,16.4,Failed,9,No,Yes,Sprint-2,3055.4,GPL
D0651,Alex,Backend,,USA,Forge, PYTHON,-5,512,2532,134,453,240,89,30/01/2024,00:00,23,621,228,9.5,22,12,39.9,FAIL,4,Yes,No,Sprint-12,84.6,MIT
D0094, ,Platform,,USA,Forge,Rust,-5,100,5780,199,461,413,218,2024-10-27,00:00,97,3812,461,7.7,23,8,61.0,Success,7,No,No,Sprint-10,573.5,
D0679,Chris,Backend,12.8,Germany,Atlas,Go,999999,633,4492,139,245,9,271,13/01/2024,25:61,58,3862,1613,5.0,20,0,9.9, ,7,No,No,Sprint-12,3473.5,
D0361,Alex,DevOps,,India,Nova, PYTHON,1993,968,3160,11,869,479,78,2023-12-27,8PM,61,3516,364,10.8,27,22,54.5,Failed,10,No,Yes,Sprint-2,3442.2,Apache-2.0
D0047, ,Platform,8.5,Germany,Atlas,Python,3260,263,2411,28,455,427,292,2023-09-05,00:00,69,2500,2186,6.8,1,11,27.8,FAIL,2,Yes,No,Sprint-9,1435.4,GPL
D0637,Taylor,AI,8.8,USA,Atlas,Go,-5,125,4168,26,73,76,70,2024-01-11,00:00,3,2258,2572,9.0,0,12,59.6, ,0,No,Yes,Sprint-12,282.8,MIT
D0127,Alex,Frontend,10.1,USA,Nova,python,693,660,4229,97,61,219,312,10/09/2024,25:61,24,1197,2511,6.6,11,12,8.6,Failed,10,No,Yes,Sprint-8,3926.1,Apache-2.0
D0630,Alex,Backend,0.6,USA,Atlas,Rust,4419,668,2206,107,131,172,211,03/04/2024,8PM,73,590,1923,10.0,22,28,57.9,Failed,2,No,No,Sprint-10,1313.5,
D0210,Taylor,Frontend,11.1,India,Forge,pyhton,1715,853,1839,148,267,110,177,2023-08-14,00:00,23,1019,1123,9.5,19,11,38.4,Success,0,No,No,Sprint-7,564.7,GPL
D0079,Sam,Frontend,0.5,USA,Atlas,python,-5,936,4194,45,826,311,26,2024-01-23,25:61,11,1484,2945,8.7,26,1,52.2,Success,8,No,Yes,Sprint-8,1952.9,Apache-2.0
D0481,Taylor,Platform,1.1,USA,Nova,Rust,999999,585,1011,6,286,398,198,2023-08-06,8PM,20,3307,817,3.2,23,15,6.0, ,10,No,Yes,Sprint-8,3471.2,
D0593,Chris,DevOps,6.3,India,Nova,Rust,999999,665,5302,179,694,59,466,18/03/2025,8PM,23,4130,2274,6.4,16,7,57.3,FAIL,6,No,No,Sprint-2,2673.5,MIT
D0108,Taylor,Backend,,USA,Forge,,999999,793,3626,131,559,118,303,04/04/2023,8PM,2,3078,2509,7.4,6,27,34.6,FAIL,1,Yes,Yes,Sprint-7,3039.0,MIT
D0253,Chris,Frontend,8.1,USA,Forge,TypeScript,1282,715,1097,41,891,385,303,21/04/2024,00:00,77,2149,2302,6.0,11,0,59.3,Success,9,No,Yes,Sprint-3,636.0,GPL
D0137,Taylor,Backend,8.6,Germany,Nova,TypeScript,887,922,1392,26,636,209,107,27/12/2024,00:00,65,4655,1854,9.3,20,12,13.8, ,3,Yes,Yes,Sprint-5,1729.5,
D0676, ,AI,14.0,India,Nova,Rust,4327,456,5815,76,56,72,77,2024-01-13,25:61,36,1655,2005,6.7,26,26,56.3,Failed,5,Yes,Yes,Sprint-5,3410.0,Apache-2.0
D0462,Taylor,Platform,0.9,USA,Atlas,Java,-5,868,2948,196,803,346,190,2025-05-29,00:00,40,2575,1595,7.0,30,19,7.4,Failed,10,Yes,No,Sprint-3,2166.8,GPL
D0653,Sam,AI,7.8,USA,Atlas,Rust,-5,841,893,30,140,91,485,2025-03-05,00:00,57,97,698,8.5,23,16,67.9, ,5,Yes,No,Sprint-5,3265.4,
D0489,Chris,AI,,India,Atlas,Go,999999,932,5150,189,625,23,35,2023-07-01,8PM,10,2097,1851,5.9,19,24,25.8,Failed,5,Yes,Yes,Sprint-11,824.5,MIT
D0373,Alex,Backend,3.7,India,Nova,python,-5,211,4418,44,192,9,87,2025-02-20,8PM,99,1707,512,3.4,15,25,67.3,Success,1,Yes,Yes,Sprint-7,3463.1,
D0679,Taylor,Backend,12.0,India,Forge, PYTHON,2175,850,5789,139,539,273,298,2023-10-21,8PM,18,2659,245,2.6,21,20,38.0, ,6,Yes,Yes,Sprint-5,2149.1,GPL
D0597,Chris,DevOps,5.9,Germany,Nova,Python,3069,973,1740,132,482,325,264,24/06/2024,00:00,77,1670,376,8.8,28,28,43.6,FAIL,8,No,No,Sprint-4,3549.2,Apache-2.0
D0356,Sam,Platform,7.0,India,Nova,Java,-5,424,4795,25,841,361,219,30/01/2024,8PM,4,4969,697,6.9,15,3,15.2, ,2,No,Yes,Sprint-6,210.4,MIT
D0183,Alex,Platform,3.7,India,Nova,python,-5,22,2982,66,440,139,263,30/03/2024,25:61,85,4605,562,13.4,8,14,57.5,FAIL,7,Yes,Yes,Sprint-6,2968.3,GPL
D0666,Alex,Backend,3.9,India,Forge,pyhton,-5,825,3100,72,492,318,33,2025-04-22,8PM,58,3734,807,4.6,18,0,60.6,Success,3,Yes,No,Sprint-9,567.2,MIT
D0199,Sam,Backend,11.9,Germany,Forge,Python,-5,857,5216,5,867,177,458,09/11/2023,25:61,20,3013,1778,11.4,0,10,25.6, ,8,No,No,Sprint-5,3175.6,GPL
D0697,Chris,Backend,,Germany,Atlas,python,-5,109,3253,48,663,426,500,2023-07-03,8PM,88,3101,1325,4.9,14,2,32.2,FAIL,9,Yes,No,Sprint-3,96.0,MIT
D0170, ,Platform,10.8,USA,Nova,Python,-5,141,1402,72,666,355,459,19/02/2023,8PM,12,1259,7,0.9,1,9,29.1,Failed,5,No,Yes,Sprint-6,2462.6,GPL
D0125,Sam,Frontend,14.9,USA,Forge,Java,-5,577,4827,87,888,37,418,2025-05-07,00:00,47,3620,171,2.9,8,25,61.9,Failed,4,Yes,Yes,Sprint-11,4980.5,GPL
D0325,Alex,Platform,,Germany,Atlas,Go,999999,432,4993,180,161,275,18,24/05/2024,8PM,98,834,696,8.5,1,29,32.6,FAIL,9,No,Yes,Sprint-5,2068.5,MIT
D0046,Alex,DevOps,,Germany,Forge,TypeScript,-5,134,3598,40,723,22,333,30/08/2023,8PM,82,4848,1534,7.3,4,21,2.3,Failed,3,Yes,Yes,Sprint-8,2344.5,Apache-2.0
D0404,Alex,AI,12.1,India,Nova,pyhton,999999,181,3824,79,364,418,336,2025-05-01,25:61,29,2696,541,11.7,16,16,0.8,Success,5,No,No,Sprint-12,3090.7,
D0224,Chris,Backend,,India,Atlas,python,999999,244,3846,95,563,494,214,2023-01-29,8PM,66,3296,886,12.1,29,20,43.7,FAIL,0,Yes,Yes,Sprint-4,2967.9,Apache-2.0
D0464,Alex,AI,,India,Atlas, PYTHON,-5,335,3934,1,555,200,369,2024-01-26,25:61,92,3663,1324,0.3,25,3,8.9,Failed,7,No,No,Sprint-1,3093.4,MIT
D0387,Chris,AI,,Germany,Forge,Python,999999,355,5083,36,182,118,40,26/03/2024,8PM,24,748,2835,2.3,26,19,36.2,Failed,1,No,No,Sprint-8,1385.2,GPL
D0630, ,Backend,10.2,India,Forge,Rust,-5,652,5564,172,294,270,165,2024-01-16,00:00,26,4810,1405,0.8,24,0,23.2, ,4,Yes,Yes,Sprint-5,4633.0,Apache-2.0
D0653,Chris,AI,,USA,Nova,,999999,651,4467,58,374,138,301,06/01/2025,25:61,42,3875,599,2.7,29,13,20.2,Failed,10,No,Yes,Sprint-3,4654.6,MIT
D0039,Sam,Platform,1.9,Germany,Atlas,,3814,759,3057,11,734,141,319,29/05/2023,25:61,1,2754,2129,2.6,17,24,13.5,FAIL,5,No,Yes,Sprint-11,622.5,GPL
D0215,Taylor,AI,,Germany,Nova, PYTHON,-5,6,2786,8,94,478,289,01/09/2024,00:00,35,3232,2026,7.5,14,23,21.2, ,9,Yes,No,Sprint-9,1795.4,MIT
D0433,Taylor,Frontend,,India,Forge, PYTHON,-5,566,2930,92,582,195,53,2024-01-22,8PM,39,1918,2916,8.4,17,3,62.7,Success,4,Yes,No,Sprint-8,892.1,MIT
D0488,Alex,AI,,India,Forge,TypeScript,999999,915,4008,125,345,47,379,2024-06-27,8PM,71,3219,941,6.4,25,11,25.9, ,1,Yes,No,Sprint-7,817.3,
D0028, ,Backend,,Germany,Forge,python,999999,553,354,120,70,270,499,26/07/2024,8PM,87,894,1005,2.2,3,2,56.5,Failed,4,No,No,Sprint-9,4950.9,MIT
D0424,Taylor,Backend,3.8,India,Forge,Java,4712,146,4438,46,127,299,471,12/01/2024,25:61,40,531,2100,12.0,10,2,29.5,Failed,9,Yes,Yes,Sprint-9,4071.4,MIT
D0341, ,Backend,4.6,Germany,Forge,Rust,-5,767,2551,148,202,447,117,2024-08-09,8PM,15,1407,2056,5.9,24,19,52.2,Failed,10,Yes,Yes,Sprint-4,1164.6,GPL
D0275,Sam,Frontend,6.9,Germany,Forge,,999999,79,4462,46,876,291,209,25/05/2025,00:00,88,434,1525,12.1,16,3,53.3,Failed,6,No,No,Sprint-1,453.8,
D0222,Chris,AI,1.7,Germany,Atlas,TypeScript,999999,276,2368,106,627,209,314,20/06/2023,8PM,70,988,530,8.3,8,13,42.9,Success,1,Yes,No,Sprint-3,2118.7,
D0148,Alex,Platform,7.5,India,Atlas,Rust,-5,615,3314,24,606,289,135,2023-02-27,8PM,20,2946,413,8.0,5,0,10.7,Failed,1,No,Yes,Sprint-5,3966.5,
D0208,Chris,AI,,India,Atlas, PYTHON,316,378,530,81,427,2,44,2024-12-01,00:00,25,530,42,12.7,1,4,64.8, ,2,Yes,No,Sprint-12,4645.8,
D0642, ,Backend,11.0,India,Atlas,Go,999999,91,4825,79,43,385,238,2024-01-10,8PM,21,2650,2947,4.5,16,3,1.5, ,10,No,No,Sprint-11,955.4,MIT
D0338,Taylor,Frontend,1.4,USA,Atlas,Python,4347,683,4806,28,450,141,396,15/12/2024,8PM,77,1712,1492,5.1,3,13,71.6,Failed,4,Yes,Yes,Sprint-6,2106.1,
D0422,Alex,AI,,India,Nova,Java,999999,987,3675,24,252,127,83,16/06/2024,25:61,6,3593,1393,0.9,6,3,46.8, ,6,No,No,Sprint-12,4240.1,MIT
D0314,Chris,Frontend,7.7,Germany,Atlas,python,-5,754,4888,104,961,450,179,12/03/2025,8PM,85,4455,1531,4.7,27,5,52.7,FAIL,9,Yes,Yes,Sprint-9,3745.9,MIT
D0295,Taylor,Frontend,14.8,India,Nova,Python,999999,195,4193,12,404,253,331,2023-09-29,25:61,68,545,1461,10.9,7,4,58.8,Success,0,No,Yes,Sprint-7,269.3,MIT
D0563, ,Backend,,USA,Nova,Go,999999,990,4529,23,955,395,105,2024-01-12,25:61,15,1623,1949,1.7,29,12,17.1,Failed,8,No,No,Sprint-7,1658.6,
D0449,Chris,DevOps,10.2,USA,Nova,TypeScript,4875,824,155,80,342,220,331,2023-08-02,8PM,35,1896,2726,6.9,29,6,58.4, ,3,Yes,No,Sprint-8,707.4,Apache-2.0
D0691,Sam,AI,4.7,USA,Nova,Python,3306,932,2728,159,944,128,227,15/05/2024,00:00,29,1633,1049,9.5,0,3,71.2,Failed,3,Yes,No,Sprint-5,2406.0,
D0224,Taylor,Backend,,Germany,Atlas,Python,999999,339,1602,20,268,104,172,2023-01-27,00:00,80,3355,644,11.1,5,5,50.9,FAIL,7,No,No,Sprint-8,3160.6,MIT
D0536,Chris,Frontend,14.3,USA,Forge,pyhton,999999,490,5699,165,108,454,364,2023-07-27,8PM,29,2787,2301,2.0,25,14,9.2,Failed,7,No,Yes,Sprint-5,769.2,Apache-2.0
D0233,Chris,DevOps,5.9,Germany,Nova,Go,999999,334,55,58,916,168,380,2024-06-13,25:61,29,1515,1505,1.5,7,24,13.8,Failed,10,Yes,No,Sprint-8,1714.6,MIT
D0516,Sam,Frontend,1.9,India,Forge, PYTHON,-5,859,1849,1,172,6,288,08/03/2024,25:61,72,4801,1772,2.0,2,10,71.2,Success,1,Yes,No,Sprint-1,621.0,GPL
D0366,Alex,Backend,8.8,India,Atlas,python,-5,943,3086,16,658,363,352,27/01/2023,00:00,52,1864,1561,7.5,10,29,66.9,FAIL,5,No,Yes,Sprint-10,4934.5,
D0183,Sam,Platform,,India,Forge,Java,-5,783,2506,193,680,473,36,06/12/2023,00:00,11,200,2110,2.9,15,30,35.2,Success,7,Yes,No,Sprint-1,62.7,Apache-2.0
D0256, ,Frontend,,Germany,Nova,Python,-5,991,3116,182,21,155,356,2023-03-24,00:00,59,3350,614,0.9,0,5,39.7,Success,3,No,Yes,Sprint-10,4955.8,MIT
D0292, ,AI,,USA,Nova,,3896,6,1919,120,202,115,230,19/05/2023,8PM,5,2190,2432,9.8,8,3,44.4,FAIL,4,No,No,Sprint-5,4055.7,GPL
D0500, ,Platform,2.0,USA,Nova,Python,-5,490,4241,75,547,488,352,14/12/2023,8PM,61,279,1905,7.8,2,18,24.5,Success,10,Yes,Yes,Sprint-11,3612.2,MIT
D0659, ,Platform,,India,Nova,Go,1806,520,4072,122,527,376,37,27/01/2025,25:61,12,3285,2549,10.4,20,29,62.5,FAIL,0,No,No,Sprint-9,4930.1,GPL
D0687,Taylor,Frontend,8.6,USA,Atlas,Java,999999,346,3888,75,647,360,362,04/01/2023,25:61,99,2510,276,8.0,29,16,1.3,FAIL,3,Yes,Yes,Sprint-9,4661.5,GPL
D0094,Alex,DevOps,7.8,India,Forge,Python,999999,963,3967,41,528,279,37,12/09/2023,25:61,99,2835,595,1.8,3,6,27.4,FAIL,6,No,Yes,Sprint-10,1831.7,GPL
D0584,Taylor,Platform,3.1,India,Atlas,Python,-5,502,4567,22,111,104,158,2025-05-18,25:61,17,337,616,8.5,9,18,52.2,Success,3,Yes,Yes,Sprint-2,437.8,Apache-2.0
D0480, ,Platform,,India,Forge,Java,999999,691,5158,139,102,142,416,2023-06-23,25:61,25,1291,2234,3.1,2,14,49.0,Success,3,No,No,Sprint-10,2168.3,GPL
D0365,Taylor,Backend,6.6,USA,Atlas,TypeScript,-5,592,2698,121,980,70,285,2023-06-11,25:61,92,3168,2824,13.5,23,15,61.3,Failed,9,Yes,Yes,Sprint-11,3406.1,Apache-2.0
D0574,Alex,DevOps,13.1,USA,Forge,Python,2528,681,4930,98,658,340,27,14/01/2023,25:61,45,1717,1366,0.6,13,6,62.5,Success,5,No,Yes,Sprint-5,1650.7,GPL
D0031,Alex,Backend,11.0,Germany,Atlas,python,999999,696,3924,102,983,30,262,14/08/2023,25:61,71,2821,160,4.8,27,9,0.2, ,8,Yes,Yes,Sprint-1,1878.7,MIT
D0237,Taylor,Platform,6.3,Germany,Nova, PYTHON,-5,364,5898,182,65,211,422,2024-03-17,25:61,64,3441,887,5.1,15,26,1.8,FAIL,9,Yes,Yes,Sprint-3,3645.0,MIT
D0260,Sam,DevOps,,Germany,Nova,Rust,-5,543,2271,60,965,396,265,2024-12-08,25:61,75,1930,2657,13.2,5,14,65.5,Success,5,No,No,Sprint-3,4739.1,MIT
D0017, ,AI,,Germany,Atlas,,-5,186,712,15,156,51,365,2024-06-11,8PM,59,805,215,4.9,30,20,20.7,FAIL,10,No,Yes,Sprint-3,868.6,
D0379,Taylor,Platform,9.1,USA,Atlas,Python,1626,458,4345,101,355,9,213,09/10/2024,00:00,43,4170,2369,12.3,12,15,27.7,FAIL,3,No,Yes,Sprint-1,439.0,
D0685,Chris,Platform,,India,Nova,,1167,182,2453,54,958,484,496,19/10/2023,00:00,61,1938,1590,10.9,19,2,54.5,Success,7,Yes,No,Sprint-2,937.0,
D0654,Taylor,Platform,4.0,USA,Forge,TypeScript,999999,933,5861,175,311,11,413,15/12/2023,25:61,97,3356,2429,13.2,14,5,29.3,FAIL,10,No,Yes,Sprint-12,2492.6,GPL
D0208,Sam,Platform,3.2,Germany,Nova,python,-5,20,5900,5,246,417,353,23/06/2024,8PM,95,1992,2218,13.9,7,24,47.9,FAIL,0,Yes,No,Sprint-6,4707.7,
D0554, ,DevOps,,Germany,Nova,Python,999999,948,3409,168,488,351,205,2023-09-19,8PM,67,1898,2662,3.7,27,21,36.2,Success,5,No,No,Sprint-7,2965.0,
D0100,Taylor,Platform,1.9,India,Atlas,Rust,1750,117,3172,153,109,494,368,06/08/2023,00:00,55,4826,907,9.5,11,27,48.8, ,8,No,No,Sprint-10,3292.9,GPL
D0173,Alex,DevOps,1.8,Germany,Nova,TypeScript,-5,358,2354,88,182,316,4,18/03/2023,25:61,73,1465,199,13.8,26,24,43.6,Success,10,Yes,Yes,Sprint-9,4403.3,GPL
D0030,Chris,Frontend,,India,Forge,,-5,826,4603,94,304,384,307,27/12/2023,00:00,5,4042,635,1.2,21,27,56.6,Success,4,Yes,Yes,Sprint-5,4942.0,MIT
D0188,Chris,AI,3.1,India,Nova,Java,999999,67,4724,3,550,305,220,2024-11-16,8PM,46,4417,894,0.0,26,17,45.0,Failed,2,No,Yes,Sprint-11,4698.2,MIT
D0075,Chris,AI,2.1,Germany,Nova,Rust,999999,761,5519,90,118,116,357,18/11/2024,25:61,81,2908,1541,12.0,12,20,52.9,Success,3,No,Yes,Sprint-8,3684.5,Apache-2.0
D0385,Sam,DevOps,,USA,Nova,python,4814,122,4327,159,876,90,42,18/04/2024,25:61,26,3191,2823,11.4,11,21,34.7,FAIL,7,Yes,Yes,Sprint-7,877.6,MIT
D0335,Alex,AI,2.3,India,Nova,Go,999999,365,4476,198,61,65,283,2024-06-04,00:00,100,325,2918,9.2,4,13,66.5,FAIL,6,No,No,Sprint-7,480.8,GPL
D0209,Chris,Platform,4.1,Germany,Atlas,python,999999,357,467,130,739,315,331,11/03/2024,25:61,84,2756,2014,7.6,12,18,6.1, ,6,Yes,No,Sprint-7,155.3,
D0179, ,DevOps,,USA,Atlas, PYTHON,-5,997,407,29,562,243,13,08/11/2023,8PM,19,3100,2004,2.9,17,9,0.6,Failed,1,No,Yes,Sprint-6,1523.4,GPL
D0565,Alex,DevOps,,USA,Nova,python,3671,8,4565,96,1,263,0,05/03/2024,25:61,66,1171,638,4.6,6,2,63.6,FAIL,0,No,No,Sprint-1,3921.6,GPL
D0075,Chris,Frontend,9.5,India,Atlas,Java,2710,76,3373,109,99,13,37,2024-12-02,00:00,35,785,121,1.7,16,0,65.3,Success,4,No,No,Sprint-4,2249.5,GPL
D0609,Taylor,Backend,14.5,USA,Atlas,Java,999999,512,4002,168,524,319,101,2023-09-08,8PM,91,2974,1410,6.8,13,13,51.1, ,7,No,No,Sprint-3,4056.6,
D0036, ,Backend,,India,Nova,TypeScript,999999,30,3904,1,22,442,453,05/07/2024,00:00,5,3858,720,0.5,3,16,18.0, ,0,No,No,Sprint-5,4433.4,MIT
D0685,Sam,DevOps,,Germany,Nova, PYTHON,174,115,2186,170,161,337,59,2023-02-16,00:00,94,740,1142,10.3,28,8,4.5, ,9,No,Yes,Sprint-9,4182.0,
D0586,Chris,Platform,,India,Atlas,python,999999,209,3894,99,529,32,247,2023-07-07,00:00,7,4848,2741,12.2,11,8,70.6, ,10,Yes,No,Sprint-12,3436.3,
D0021, ,Platform,,USA,Forge,Python,999999,702,5048,30,825,131,463,2024-07-21,25:61,84,2980,134,9.5,7,24,44.0,Failed,4,No,Yes,Sprint-10,1758.1,GPL
D0600,Taylor,Frontend,3.1,USA,Atlas,,999999,29,5675,33,672,55,262,14/09/2024,8PM,58,2969,1917,13.7,6,21,57.9,Failed,4,No,No,Sprint-6,1712.0,MIT
D0502, ,AI,3.2,India,Atlas,pyhton,999999,876,5813,147,342,367,332,14/09/2024,25:61,15,4436,1645,13.2,30,10,27.4,Success,10,No,No,Sprint-3,2162.4,Apache-2.0
D0139,Sam,Platform,14.1,Germany,Atlas, PYTHON,1452,94,4531,118,249,493,498,2024-07-20,00:00,80,1945,1005,1.2,19,24,47.1,FAIL,2,No,Yes,Sprint-1,4624.5,GPL
D0218,Chris,AI,12.5,India,Atlas,pyhton,1833,921,3885,96,973,156,327,2025-05-29,8PM,78,2996,2794,11.4,9,11,38.4,Failed,9,Yes,No,Sprint-10,1923.4,MIT
D0035,Alex,DevOps,3.8,USA,Forge,,-5,985,2080,140,597,64,204,08/03/2023,8PM,82,1076,2371,1.2,7,23,18.2,FAIL,8,Yes,Yes,Sprint-1,242.0,GPL
D0051,Taylor,AI,8.9,USA,Forge,Rust,999999,222,5929,48,978,412,198,2024-09-09,8PM,98,2069,2124,4.9,24,3,0.8,Failed,5,Yes,Yes,Sprint-6,3879.3,Apache-2.0
D0505,Chris,Frontend,2.4,Germany,Nova,,999999,980,5806,161,808,377,270,2024-05-17,00:00,57,2148,711,7.1,24,28,50.0,Failed,4,Yes,No,Sprint-8,523.6,
D0460, ,AI,13.0,India,Forge,TypeScript,903,490,3348,80,27,226,256,2024-01-30,00:00,49,3253,2612,10.5,26,4,18.6,Failed,9,Yes,No,Sprint-11,2003.7,
D0160, ,Platform,,USA,Atlas,python,3621,58,569,56,310,172,109,2024-09-06,00:00,47,1,1870,3.9,18,22,26.7,FAIL,0,No,No,Sprint-8,4529.9,MIT
D0502,Chris,Frontend,,USA,Forge,python,4349,84,3909,111,935,368,474,17/02/2023,25:61,3,2317,46,2.7,29,20,14.8,Success,10,No,Yes,Sprint-2,4930.3,GPL
D0261,Sam,Backend,12.2,India,Nova,Go,184,848,1610,37,48,405,198,06/09/2024,00:00,13,1495,2639,13.4,4,18,13.8,Failed,7,No,No,Sprint-11,3585.9,Apache-2.0
D0318,Taylor,Platform,11.5,USA,Atlas,Java,999999,854,641,30,713,265,259,2024-03-11,25:61,54,4994,109,7.4,27,19,50.6,FAIL,9,No,No,Sprint-8,3674.0,
D0373, ,DevOps,1.4,USA,Forge,pyhton,999999,143,475,191,853,440,170,14/10/2024,00:00,50,1159,1454,2.6,23,17,31.2, ,1,No,Yes,Sprint-4,2667.3,
D0092,Taylor,AI,8.4,USA,Atlas,Go,-5,360,4443,139,449,358,490,2024-10-04,00:00,17,833,1672,3.7,17,1,24.5,Failed,7,Yes,Yes,Sprint-2,1585.5,GPL
D0217,Taylor,Platform,7.1,India,Forge,,999999,852,1695,79,279,135,477,17/11/2023,25:61,29,4184,1492,2.1,6,14,11.3,FAIL,9,No,Yes,Sprint-4,2475.2,MIT
D0319, ,Platform,12.6,USA,Atlas,pyhton,-5,684,738,79,184,318,377,11/06/2023,8PM,19,4306,721,12.1,9,6,13.9,Success,6,Yes,Yes,Sprint-2,4409.9,Apache-2.0
D0148,Sam,Frontend,,India,Atlas,Go,-5,861,5774,27,881,426,372,2024-09-13,25:61,58,4937,199,6.0,4,0,28.4,Success,9,Yes,Yes,Sprint-11,640.7,Apache-2.0
D0150,Sam,Platform,,USA,Atlas,pyhton,783,581,5535,51,810,311,470,2024-01-15,00:00,87,4853,2775,0.5,3,15,14.7,Failed,10,Yes,No,Sprint-12,3183.5,Apache-2.0
D0062,Alex,Frontend,,India,Nova,Java,999999,809,284,184,535,4,283,16/02/2023,8PM,97,2440,1775,7.8,14,18,25.2,Success,3,No,No,Sprint-3,224.9,
D0339,Alex,Platform,12.2,USA,Atlas,pyhton,-5,357,4386,193,391,63,287,23/01/2024,25:61,3,920,220,1.8,24,5,44.6,Failed,2,Yes,Yes,Sprint-12,4857.2,MIT
D0317, ,Platform,9.5,USA,Atlas, PYTHON,4,165,938,38,453,371,21,25/01/2024,00:00,45,1055,1306,12.3,1,5,40.5, ,7,No,No,Sprint-4,4625.3,GPL
D0053, ,DevOps,,Germany,Forge,,999999,399,5559,100,116,245,369,29/09/2023,25:61,18,3174,2838,7.9,18,2,63.8,Success,4,Yes,Yes,Sprint-12,627.5,
D0512,Taylor,Platform,,USA,Nova,,999999,867,5391,142,881,252,52,2024-10-12,25:61,18,237,1736,9.7,1,13,8.5,Failed,0,No,Yes,Sprint-12,2698.6,Apache-2.0
D0576, ,Backend,,USA,Atlas,TypeScript,853,84,495,192,208,483,48,2024-07-19,25:61,37,3286,1506,10.1,24,9,19.6,Failed,9,No,No,Sprint-1,4227.2,MIT
D0258,Sam,DevOps,1.1,India,Forge,,-5,678,3221,173,39,447,64,2023-02-02,25:61,49,2475,533,2.3,28,2,1.2,Failed,2,Yes,No,Sprint-11,2228.1,
D0111,Taylor,Platform,,Germany,Forge,Python,999999,19,5167,38,967,326,343,2024-05-03,00:00,91,1075,1521,8.8,2,17,10.0,Success,10,No,No,Sprint-1,817.6,Apache-2.0
D0372,Taylor,Backend,12.0,USA,Atlas,,-5,68,2396,48,700,156,289,2023-06-20,8PM,13,772,305,10.0,3,6,16.4,FAIL,0,No,No,Sprint-3,4165.5,GPL
D0076,Alex,AI,,Germany,Nova,,-5,114,1518,58,221,244,102,2024-07-10,8PM,22,1074,1241,1.7,8,10,70.2,Success,6,Yes,Yes,Sprint-12,658.2,
D0425,Taylor,Platform,5.2,Germany,Atlas, PYTHON,-5,203,2825,34,724,27,459,12/11/2023,8PM,95,3844,364,2.7,11,8,55.7,Success,0,No,Yes,Sprint-1,3796.9,GPL
D0620,Alex,AI,,Germany,Forge,Go,-5,806,3343,7,339,190,85,2024-11-17,00:00,11,1221,2839,9.9,19,25,31.3,Success,9,Yes,No,Sprint-8,1604.5,Apache-2.0
D0132,Alex,Backend,,India,Atlas,Go,4505,666,3718,80,473,121,136,2023-08-14,8PM,18,1514,850,10.2,1,14,22.0,FAIL,0,Yes,Yes,Sprint-5,3713.3,MIT
D0388,Chris,AI,,USA,Forge,Java,999999,248,404,29,864,487,26,2024-11-08,00:00,35,2871,2638,12.5,11,25,23.7,Success,4,No,Yes,Sprint-5,3075.7,Apache-2.0
D0063,Chris,Platform,4.8,India,Atlas,Python,-5,494,5978,99,756,286,149,06/01/2025,8PM,86,2105,2157,9.4,0,17,31.9,FAIL,5,Yes,No,Sprint-3,1797.3,Apache-2.0
D0397,Taylor,Backend,3.6,Germany,Atlas,python,-5,418,3085,100,925,61,367,2025-06-01,25:61,52,53,1639,6.8,8,18,66.9, ,10,No,Yes,Sprint-3,3040.8,GPL
D0091,Alex,Frontend,,India,Nova,,4800,750,3075,23,83,53,23,07/06/2024,8PM,59,3937,322,5.7,6,30,14.1,Failed,1,Yes,Yes,Sprint-11,301.8,GPL
D0408,Sam,Backend,13.5,Germany,Atlas,Python,999999,382,4234,132,603,463,171,2023-07-25,25:61,28,3693,1151,5.5,1,12,59.2, ,0,No,Yes,Sprint-4,2832.2,MIT
D0607,Alex,Platform,,India,Nova,pyhton,3794,842,5172,129,401,269,139,2024-08-10,00:00,86,1127,20,5.2,24,27,68.3,Failed,6,Yes,Yes,Sprint-9,562.1,Apache-2.0
D0575,Chris,Platform,,USA,Nova,pyhton,-5,825,2763,11,513,446,59,04/05/2023,00:00,4,828,494,7.1,30,17,10.5,Success,10,Yes,Yes,Sprint-12,259.4,GPL
D0580,Chris,Platform,12.9,USA,Forge,python,3157,185,47,139,707,382,18,06/03/2023,00:00,3,1676,2210,12.1,2,27,27.2,Success,2,No,Yes,Sprint-9,4107.9,MIT
D0115,Alex,AI,5.2,India,Forge,TypeScript,999999,732,3132,144,36,364,343,16/03/2023,00:00,81,3239,1625,5.5,5,27,22.3,Failed,1,Yes,No,Sprint-8,645.6,GPL
D0062,Chris,AI,,India,Nova,Rust,999999,322,819,125,491,339,326,2023-01-15,8PM,18,3187,1113,12.4,11,11,66.0,Success,2,Yes,Yes,Sprint-6,1343.7,GPL
D0605,Taylor,AI,,India,Forge, PYTHON,-5,979,1524,27,737,339,129,22/04/2025,8PM,68,1419,1569,6.1,1,29,50.9,FAIL,0,No,Yes,Sprint-6,2917.0,MIT
D0319,Chris,AI,9.7,USA,Atlas,,846,186,5993,160,696,395,288,28/01/2023,25:61,37,619,1083,11.1,26,8,3.4,FAIL,8,Yes,Yes,Sprint-6,339.0,
D0698,Taylor,AI,2.1,India,Forge, PYTHON,1399,747,1392,24,130,29,37,05/02/2024,8PM,91,350,2313,1.0,21,8,25.9,Success,5,Yes,No,Sprint-11,2929.6,Apache-2.0
D0291,Chris,DevOps,,India,Nova, PYTHON,-5,353,1487,199,210,358,101,2023-01-05,8PM,96,157,2690,8.0,14,12,27.0, ,1,No,No,Sprint-3,649.6,Apache-2.0
D0483,Chris,Platform,6.0,Germany,Nova,Rust,999999,863,3690,95,604,440,435,10/06/2024,8PM,76,4067,970,7.8,29,21,29.4,Failed,10,Yes,Yes,Sprint-8,1492.4,GPL
D0582,Taylor,Backend,7.6,India,Atlas,Java,2935,472,2608,23,292,35,113,2025-06-03,8PM,12,3957,2800,1.7,14,13,68.1,Failed,3,Yes,No,Sprint-9,4896.0,MIT
D0347, ,AI,1.4,India,Atlas,Rust,3042,790,3733,171,493,324,25,03/06/2023,8PM,2,-28,2031,6.8,2,25,70.7, ,3,Yes,Yes,Sprint-8,818.1,GPL
D0189,Sam,DevOps,1.5,USA,Atlas,Rust,2889,885,2331,187,390,17,431,03/01/2024,25:61,58,3063,249,12.4,3,26,10.0,FAIL,5,Yes,Yes,Sprint-2,3225.7,Apache-2.0
D0306,Taylor,Platform,7.7,Germany,Nova,python,-5,244,1333,42,877,454,100,09/04/2025,25:61,21,491,32,8.2,0,9,4.0,FAIL,10,No,No,Sprint-2,2331.7,GPL
D0292,Sam,Backend,,India,Atlas, PYTHON,-5,345,5799,29,157,226,255,2023-12-13,8PM,12,97,457,2.8,30,7,45.3,FAIL,0,Yes,Yes,Sprint-2,2190.3,
D0346,Taylor,Backend,7.0,India,Forge,pyhton,-5,927,1423,111,290,450,185,01/06/2024,25:61,43,2496,879,8.0,14,11,70.0,Failed,6,Yes,Yes,Sprint-9,3535.4,
D0116,Sam,Frontend,,India,Forge,,999999,642,862,68,358,193,9,31/05/2023,8PM,97,4264,1673,9.4,26,4,2.9,Success,6,No,Yes,Sprint-1,1339.9,Apache-2.0
D0362,Taylor,Backend,,Germany,Atlas,Python,4701,261,5323,36,293,258,52,2023-09-21,00:00,37,609,295,10.4,22,25,71.9,FAIL,7,Yes,Yes,Sprint-9,4543.3,GPL
D0269,Chris,AI,9.3,USA,Nova,Java,4299,542,3902,172,879,272,69,03/10/2023,8PM,6,1025,2524,1.4,3,2,56.1,Failed,7,No,Yes,Sprint-4,3426.5,GPL
D0007,Alex,DevOps,5.0,USA,Nova,python,-5,8,3713,74,31,155,218,2024-07-11,8PM,58,1616,344,4.8,15,5,22.9, ,1,Yes,No,Sprint-9,4321.1,MIT
D0114, ,Platform,12.6,India,Atlas,Rust,-5,761,3133,45,805,69,496,14/05/2023,8PM,57,4831,1862,12.7,23,16,20.1,Success,2,No,Yes,Sprint-9,3577.9,MIT
D0126, ,Frontend,,USA,Forge,Go,3059,703,4422,72,588,449,107,2024-09-26,00:00,43,695,595,5.1,27,4,25.0, ,10,No,Yes,Sprint-11,3261.1,
D0128,Sam,Backend,,USA,Nova,TypeScript,-5,269,3054,190,873,62,62,19/01/2025,8PM,11,3214,1490,7.0,3,0,69.5, ,0,No,Yes,Sprint-2,1169.7,GPL
D0565,Sam,DevOps,4.0,Germany,Nova,TypeScript,999999,953,5443,42,217,226,191,13/06/2024,8PM,72,1006,1613,8.5,8,27,52.0,Failed,5,No,Yes,Sprint-8,1072.7,GPL
D0633,Taylor,DevOps,11.7,India,Forge,pyhton,-5,336,2872,65,39,47,431,2023-09-10,00:00,68,3251,1659,3.7,22,17,3.1,Success,0,No,No,Sprint-12,1721.0,
D0031,Taylor,Platform,,Germany,Nova, PYTHON,391,448,4392,36,711,207,486,2023-05-09,25:61,81,4708,846,13.9,19,15,2.8,Success,5,No,No,Sprint-10,1327.1,Apache-2.0
D0146, ,DevOps,,Germany,Forge,TypeScript,999999,452,3108,172,711,269,407,2024-05-06,25:61,13,616,1850,11.2,26,11,66.4,FAIL,5,Yes,No,Sprint-8,2340.7,MIT
D0261, ,Platform,,USA,Nova,Rust,999999,618,1792,110,432,45,153,16/05/2023,25:61,20,77,1199,9.5,22,30,29.3,FAIL,8,Yes,Yes,Sprint-11,3545.6,
D0377,Chris,DevOps,9.6,Germany,Forge,Java,-5,720,314,20,191,123,164,26/03/2025,25:61,21,866,2250,10.9,29,24,57.1,Success,2,No,No,Sprint-12,661.9,
D0274,Taylor,DevOps,,USA,Atlas,Rust,999999,761,4069,115,776,158,346,2023-09-02,8PM,26,4264,868,13.3,21,21,57.5,FAIL,6,Yes,Yes,Sprint-8,4646.4,MIT
D0326,Chris,Backend,,India,Nova,Python,-5,559,5013,156,34,72,85,01/07/2023,25:61,34,2267,2206,3.5,25,17,10.2,Success,3,No,Yes,Sprint-12,1812.9,Apache-2.0
D0190, ,AI,,Germany,Forge,Go,-5,565,3873,106,925,470,494,2023-09-29,8PM,87,3858,1504,11.0,11,4,61.6,Failed,6,No,Yes,Sprint-2,774.4,MIT
D0091,Taylor,Frontend,,USA,Nova,,999999,184,729,187,837,322,479,2024-09-27,25:61,34,3252,17,6.3,8,3,10.6,Failed,9,Yes,Yes,Sprint-6,1185.8,GPL
D0167,Alex,Frontend,12.3,USA,Nova,pyhton,999999,259,5487,61,115,400,371,2024-05-10,25:61,25,4740,2133,11.2,20,15,15.9,Failed,7,Yes,No,Sprint-12,532.6,Apache-2.0
D0620,Chris,Platform,0.3,India,Atlas, PYTHON,4191,880,4077,3,690,146,60,2024-05-24,8PM,20,4526,1136,9.5,23,10,36.8,Failed,2,No,Yes,Sprint-2,2657.5,GPL
D0015,Taylor,AI,,USA,Forge,Go,-5,791,2150,115,558,87,15,20/05/2023,00:00,67,2674,676,5.6,15,29,2.1, ,2,No,Yes,Sprint-8,4072.3,
D0254,Alex,Platform,13.8,Germany,Nova,Rust,-5,115,3908,7,148,175,383,29/01/2025,25:61,62,4806,951,1.5,24,22,15.8,Success,3,Yes,No,Sprint-5,2594.3,MIT
D0209, ,Platform,2.7,India,Nova,Python,3088,751,189,124,931,242,412,24/02/2025,00:00,65,156,392,3.1,6,12,25.0,Failed,5,No,No,Sprint-7,1763.0,
D0525,Alex,Backend,10.4,USA,Forge,Rust,999999,308,1246,42,351,93,445,03/07/2024,25:61,56,4349,143,6.0,29,12,5.9,Failed,0,No,No,Sprint-6,3487.7,GPL
D0521,Sam,Backend,,USA,Atlas,TypeScript,999999,848,5994,119,281,232,97,2023-02-20,25:61,67,2010,2894,1.8,13,29,46.6,Success,5,No,Yes,Sprint-10,3251.6,Apache-2.0
D0197, ,AI,,USA,Nova,Go,999999,298,2873,77,716,343,38,2023-01-30,00:00,35,4616,2764,2.7,11,27,14.1, ,10,No,Yes,Sprint-11,2537.0,Apache-2.0
D0137,Alex,Platform,,USA,Nova,Java,999999,387,3745,165,81,165,398,2024-04-30,25:61,85,1572,2778,8.3,18,25,36.4,Success,2,No,Yes,Sprint-8,2654.3,
D0501,Alex,AI,11.8,USA,Forge,,999999,317,3595,193,135,325,293,08/05/2025,25:61,10,3146,503,3.2,14,27,39.4,Failed,1,No,Yes,Sprint-8,793.8,Apache-2.0
D0465,Sam,DevOps,13.1,Germany,Nova,Java,1397,624,4518,151,7,411,238,2023-02-04,25:61,22,3708,1124,9.9,20,2,68.2, ,6,No,No,Sprint-3,227.7,Apache-2.0
D0668,Alex,Backend,2.8,Germany,Nova,Rust,3180,113,4466,110,140,123,468,2023-04-22,8PM,78,1957,980,12.1,7,14,54.5,FAIL,2,No,No,Sprint-9,2616.5,
D0094,Taylor,Backend,,India,Atlas, PYTHON,2,977,2608,14,697,330,148,2023-11-02,00:00,38,2501,1534,5.3,12,18,29.9,Success,7,Yes,No,Sprint-9,3421.8,MIT
D0007,Alex,DevOps,2.2,Germany,Forge,Python,1856,423,3003,151,864,239,325,17/12/2024,8PM,7,118,1757,3.7,19,29,38.6,FAIL,5,No,No,Sprint-12,3075.1,MIT
D0171,Alex,Frontend,,Germany,Nova,Go,999999,676,436,98,563,278,307,03/07/2024,25:61,71,1463,2323,8.4,0,7,7.6, ,4,Yes,Yes,Sprint-4,1130.4,GPL
D0613,Sam,Backend,,USA,Atlas,Go,999999,762,442,178,475,491,249,15/06/2024,8PM,30,1981,1709,3.5,8,3,56.7, ,10,Yes,Yes,Sprint-3,3232.1,MIT
D0002,Taylor,Backend,,USA,Atlas,TypeScript,-5,737,780,1,994,452,170,17/04/2024,25:61,53,3721,1751,11.6,19,5,2.0,FAIL,6,Yes,Yes,Sprint-1,2355.9,Apache-2.0
D0158,Alex,AI,4.6,USA,Nova,python,999999,574,2229,153,337,400,102,27/01/2023,00:00,100,4387,2860,11.8,21,8,69.4,FAIL,10,Yes,Yes,Sprint-2,3691.3,
D0121, ,Platform,14.4,USA,Atlas,python,-5,318,5629,143,291,45,353,2025-02-13,00:00,61,1111,918,9.5,13,25,53.5, ,3,Yes,No,Sprint-12,2444.9,
D0645,Sam,Backend,1.1,India,Nova, PYTHON,999999,708,464,64,865,79,318,01/12/2024,25:61,54,4441,1261,9.3,18,8,21.4, ,7,Yes,Yes,Sprint-4,3832.5,GPL
D0194,Alex,Backend,5.8,USA,Nova,Python,-5,20,2605,123,420,244,392,16/07/2024,00:00,65,3028,646,7.0,9,17,26.6, ,0,Yes,Yes,Sprint-12,2122.9,GPL
D0084, ,DevOps,,USA,Nova,Python,2963,871,4483,179,630,198,149,2024-03-30,25:61,61,2702,1081,2.3,22,8,10.0,FAIL,8,No,Yes,Sprint-4,3164.9,
D0513,Chris,Backend,5.4,India,Atlas,Rust,-5,809,4402,28,455,70,491,2023-08-29,25:61,56,3058,51,9.2,24,3,30.3,Success,8,Yes,Yes,Sprint-1,3883.0,Apache-2.0
D0055,Alex,Backend,,Germany,Forge,,2517,315,4001,133,127,256,477,2024-06-02,8PM,53,579,60,11.2,4,3,14.8,Failed,3,Yes,Yes,Sprint-4,4513.4,MIT
D0615,Sam,Frontend,,Germany,Forge,Rust,1761,646,1774,101,980,68,114,2023-07-17,25:61,71,3796,987,8.1,20,29,43.1, ,7,No,Yes,Sprint-7,2202.8,MIT
D0286,Chris,AI,,USA,Nova,Go,999999,943,565,150,318,292,468,2025-04-03,00:00,36,3906,1804,8.9,7,5,48.0, ,9,Yes,Yes,Sprint-9,3122.7,GPL
D0636,Taylor,DevOps,,India,Atlas,Go,999999,154,1014,144,576,481,132,08/01/2025,8PM,79,3861,2412,10.7,8,2,14.6, ,2,No,Yes,Sprint-1,3375.9,Apache-2.0
D0025, ,Backend,3.7,Germany,Forge,pyhton,4676,33,2902,64,273,370,454,2023-09-28,8PM,89,4304,1971,1.0,19,28,40.1,Success,5,Yes,Yes,Sprint-3,3466.7,
D0219,Taylor,AI,0.6,USA,Atlas,Python,999999,98,5168,50,245,293,277,19/03/2023,25:61,87,898,2141,12.4,9,3,3.3,Failed,1,Yes,No,Sprint-4,894.4,GPL
D0318,Taylor,DevOps,,Germany,Nova,Go,999999,856,5407,173,971,121,350,2023-11-13,8PM,80,1295,601,13.6,23,2,43.8,Success,6,Yes,No,Sprint-10,4967.6,Apache-2.0
D0114, ,Backend,3.5,Germany,Nova, PYTHON,-5,635,4304,139,900,198,221,16/03/2023,25:61,25,4106,1967,12.6,20,11,2.3,Failed,2,Yes,No,Sprint-10,1593.3,
D0309,Sam,AI,8.4,USA,Atlas,,1390,993,5528,188,54,168,368,2024-01-31,8PM,74,2381,2910,8.0,5,4,28.8,FAIL,3,No,Yes,Sprint-10,1897.9,GPL
D0035,Alex,Backend,,USA,Atlas, PYTHON,1138,276,2942,120,53,246,2,22/07/2024,8PM,19,2905,1573,1.0,28,30,34.2, ,6,Yes,Yes,Sprint-10,4122.0,
D0157,Chris,AI,,Germany,Nova,Rust,999999,930,5648,10,146,163,396,18/06/2025,8PM,37,3639,934,4.3,22,20,10.0,FAIL,5,No,Yes,Sprint-1,2622.1,
D0359,Sam,Backend,,India,Forge, PYTHON,-5,997,1094,136,682,323,174,14/03/2023,8PM,19,-37,1535,9.9,25,24,14.6,Failed,6,No,No,Sprint-5,4078.7,Apache-2.0
D0291,Alex,DevOps,,USA,Forge,TypeScript,1537,804,1798,85,248,179,231,19/10/2024,25:61,38,2952,907,5.1,22,18,47.5,Failed,9,Yes,No,Sprint-7,1552.9,
D0518, ,Platform,11.7,Germany,Atlas,Python,-5,328,1796,18,966,341,429,2023-06-29,00:00,80,699,2105,12.1,29,26,30.0,Failed,4,Yes,Yes,Sprint-8,2564.5,Apache-2.0
D0534,Alex,DevOps,14.3,India,Forge,pyhton,999999,636,4300,108,721,91,457,05/07/2024,8PM,38,4939,1589,1.5,23,0,30.4,FAIL,4,Yes,No,Sprint-11,1138.1,GPL
D0654,Taylor,DevOps,4.5,India,Atlas,Rust,999999,137,2777,177,365,14,492,11/04/2023,25:61,87,3660,2267,9.1,14,25,59.2,FAIL,7,Yes,No,Sprint-11,1895.0,Apache-2.0
D0332,Taylor,Frontend,,India,Forge,Python,999999,47,2456,172,537,230,75,2024-02-02,00:00,42,2822,953,4.3,23,22,2.1, ,8,No,Yes,Sprint-3,1873.7,MIT
D0098,Taylor,Platform,,USA,Forge,Rust,1261,987,531,84,649,150,334,04/04/2023,00:00,41,2402,205,9.3,24,26,66.0,Failed,2,No,Yes,Sprint-7,2350.6,Apache-2.0
D0566,Sam,AI,7.0,USA,Nova,Go,1432,733,4635,177,508,269,493,18/07/2024,25:61,14,3134,1172,3.0,27,21,35.9, ,8,Yes,Yes,Sprint-10,3648.2,Apache-2.0
D0067,Chris,Backend,5.3,India,Nova,,-5,983,5245,88,184,450,376,25/05/2024,8PM,65,3827,2427,1.7,19,5,22.8,Failed,9,Yes,No,Sprint-7,816.3,Apache-2.0
D0649,Chris,DevOps,,USA,Atlas,Go,3222,671,5648,123,47,222,399,2023-07-02,8PM,5,3686,2487,8.1,22,29,14.2, ,7,Yes,Yes,Sprint-12,3248.4,MIT
D0574,Taylor,DevOps,13.5,Germany,Forge,Rust,3428,467,5984,72,771,28,217,2024-07-09,8PM,94,4386,2832,1.0,17,29,52.9, ,5,Yes,No,Sprint-3,3299.3,MIT
D0231, ,Frontend,,USA,Nova,Python,999999,741,4300,196,62,96,489,06/12/2023,00:00,95,170,2086,11.0,21,22,10.1,Failed,8,Yes,Yes,Sprint-10,997.6,GPL
D0496,Alex,Platform,11.8,USA,Nova,Rust,999999,513,3187,123,842,0,150,09/01/2025,25:61,12,2819,1333,13.9,1,22,21.1,Success,7,Yes,No,Sprint-5,4077.4,Apache-2.0
D0231,Sam,Platform,9.0,India,Nova,python,1321,422,4656,54,824,485,427,02/08/2024,00:00,37,2381,1584,1.1,10,26,65.1,Failed,7,No,No,Sprint-5,1693.8,
D0279, ,Frontend,,Germany,Forge,pyhton,4930,46,2052,151,459,154,64,11/12/2024,25:61,50,4330,2315,7.3,28,27,46.0,Failed,3,No,No,Sprint-2,1355.9,MIT
D0440,Chris,Platform,11.0,India,Forge,python,2378,975,2077,65,290,385,360,2023-06-18,25:61,96,912,283,1.1,11,13,12.2,Failed,9,No,Yes,Sprint-12,3436.4,GPL
D0291,Taylor,DevOps,6.3,India,Atlas,,-5,342,4228,88,483,198,39,2024-07-20,25:61,32,2615,690,13.0,15,4,17.1,Success,9,No,No,Sprint-10,3646.0,
D0615,Sam,DevOps,14.0,India,Forge,pyhton,2712,528,2183,117,780,134,384,22/07/2024,8PM,69,4784,1832,0.9,25,17,69.1,FAIL,4,Yes,Yes,Sprint-11,1972.9,GPL
D0518,Taylor,Frontend,,USA,Atlas,Rust,999999,548,4560,54,270,359,499,2023-10-08,8PM,58,3525,2286,8.9,18,21,1.5, ,3,No,No,Sprint-4,741.0,GPL
D0014, ,Platform,,Germany,Forge,Go,999999,701,1844,186,257,280,25,2024-05-01,8PM,67,3323,2673,0.1,20,1,42.9,Failed,9,Yes,Yes,Sprint-4,2558.2,Apache-2.0
D0014,Taylor,Backend,,India,Atlas,TypeScript,999999,893,536,92,819,422,180,2023-08-19,00:00,81,4143,1974,0.8,28,0,36.8,Success,9,No,No,Sprint-12,4586.2,
D0577,Taylor,Frontend,5.7,USA,Atlas,,999999,160,2669,105,117,417,317,2024-12-07,25:61,29,2960,1189,10.5,1,9,49.2,FAIL,2,Yes,No,Sprint-4,2282.7,
D0311,Taylor,Backend,7.4,Germany,Forge,pyhton,999999,966,5484,62,720,304,153,2023-01-23,00:00,15,1415,1323,0.6,12,28,4.3, ,4,No,Yes,Sprint-6,3714.9,
D0682,Chris,AI,12.6,India,Nova,python,999999,840,822,124,815,113,435,17/12/2023,8PM,86,1334,1989,12.7,14,2,52.5,FAIL,0,Yes,No,Sprint-10,4880.4,MIT
D0614,Sam,Backend,,India,Forge,Go,2447,743,4064,177,163,367,252,22/06/2023,00:00,82,359,1254,4.9,29,21,18.3, ,7,No,No,Sprint-8,2119.4,
D0655,Alex,DevOps,,India,Atlas,TypeScript,999999,296,4633,153,675,231,126,25/06/2024,25:61,2,3290,917,12.7,0,4,21.3, ,5,No,Yes,Sprint-5,1395.3,Apache-2.0
D0215,Taylor,Platform,13.9,USA,Atlas,Rust,578,219,4954,197,105,500,86,30/05/2025,00:00,87,4208,352,5.1,24,30,11.1,FAIL,2,No,No,Sprint-11,3496.1,GPL
D0327,Taylor,Frontend,,Germany,Nova, PYTHON,-5,416,5627,132,965,223,40,23/08/2023,25:61,10,4186,2520,9.5,10,28,46.4,FAIL,0,Yes,No,Sprint-1,3337.9,MIT
D0205, ,Platform,,Germany,Atlas,Go,-5,384,4578,119,825,239,366,2024-08-19,25:61,12,177,2331,5.8,29,1,34.5, ,7,No,No,Sprint-2,3913.3,GPL
D0300,Sam,AI,14.7,USA,Forge,TypeScript,1326,898,4042,88,205,192,119,14/05/2025,00:00,74,3727,831,2.2,30,22,56.2,Success,4,Yes,No,Sprint-8,3054.0,Apache-2.0
D0250,Sam,DevOps,,USA,Nova,Go,2590,161,5577,46,629,291,330,2025-01-13,00:00,8,164,1743,12.3,5,7,37.0,Failed,2,Yes,No,Sprint-2,4275.9,GPL
D0202,Chris,Frontend,,USA,Atlas,TypeScript,-5,407,5872,192,297,282,461,2025-04-16,25:61,72,1866,1392,13.5,20,14,15.3,Failed,8,No,No,Sprint-12,2133.8,Apache-2.0
D0367,Chris,DevOps,6.2,India,Nova, PYTHON,-5,785,4522,164,290,296,197,09/01/2023,25:61,53,4680,1049,11.6,6,1,50.5,FAIL,4,No,No,Sprint-1,3422.7,MIT
D0674,Chris,Platform,5.3,India,Atlas,TypeScript,-5,962,1362,177,595,24,16,23/02/2023,00:00,36,3855,1027,6.4,25,5,8.0, ,1,Yes,Yes,Sprint-3,553.9,Apache-2.0
D0058, ,Frontend,,Germany,Forge,Rust,-5,425,516,21,50,469,74,2023-12-02,25:61,86,128,1581,9.3,18,22,10.8,FAIL,8,Yes,Yes,Sprint-7,82.1,GPL
D0214, ,DevOps,,India,Nova,Python,999999,215,3997,187,429,125,373,27/02/2025,25:61,84,3455,763,9.5,21,23,4.8,Success,6,No,Yes,Sprint-11,1792.1,GPL
D0158,Chris,Backend,,India,Atlas, PYTHON,999999,256,2684,188,546,428,330,18/10/2023,25:61,75,727,2099,6.2,12,12,57.4,Failed,4,Yes,Yes,Sprint-9,2016.7,
D0021, ,Platform,13.2,India,Nova, PYTHON,-5,994,4459,94,313,289,186,2024-03-01,00:00,83,3326,774,8.7,16,12,54.2,Failed,0,Yes,Yes,Sprint-7,4149.9,
D0080,Sam,Frontend,,Germany,Forge,Java,-5,969,749,44,866,333,138,30/08/2024,25:61,91,1891,875,13.9,0,15,32.1,FAIL,3,Yes,No,Sprint-11,3509.4,Apache-2.0
D0465,Taylor,Platform,1.2,USA,Forge,Java,999999,488,4986,63,753,231,378,06/06/2023,8PM,48,341,370,8.1,29,17,18.1,FAIL,10,No,No,Sprint-1,3698.5,MIT
D0459,Taylor,Backend,6.3,Germany,Forge,TypeScript,1762,76,3191,68,532,321,74,2023-12-06,00:00,8,2267,2860,2.3,3,6,31.4,FAIL,3,No,Yes,Sprint-8,1708.8,MIT
D0402, ,DevOps,,India,Forge,,999999,583,3552,138,0,183,310,25/09/2023,25:61,70,2311,52,7.3,29,21,5.4,FAIL,0,Yes,Yes,Sprint-12,810.3,MIT
D0634,Chris,Frontend,12.6,USA,Nova,Java,4202,823,1103,40,258,456,109,18/03/2023,25:61,38,1868,1236,6.7,9,10,33.6,Failed,3,No,No,Sprint-5,328.9,MIT
D0503,Chris,Backend,,India,Forge,Go,-5,539,2896,74,806,122,417,24/04/2025,8PM,31,2876,1696,6.8,26,0,34.4,FAIL,4,No,Yes,Sprint-9,4231.1,GPL
D0430,Sam,Frontend,1.3,USA,Atlas,Java,999999,596,1348,92,636,235,348,18/04/2024,8PM,43,1293,677,5.6,5,15,48.5,Success,7,No,Yes,Sprint-6,314.0,Apache-2.0
D0533,Chris,AI,,India,Forge,pyhton,999999,439,2266,160,510,452,144,2024-11-23,25:61,13,2059,1174,1.5,18,25,30.2, ,8,Yes,No,Sprint-7,4164.6,MIT
D0323,Sam,Backend,1.0,USA,Nova,Rust,-5,274,4890,114,520,439,408,27/01/2023,8PM,93,3268,2470,9.0,2,22,35.5, ,8,Yes,No,Sprint-3,2762.2,Apache-2.0
D0407,Alex,AI,,USA,Forge,Java,946,530,4557,42,547,249,38,2024-07-29,00:00,72,798,1961,3.1,25,19,9.7,Failed,1,Yes,No,Sprint-1,3210.6,MIT
D0699,Taylor,DevOps,9.8,Germany,Atlas,python,999999,455,5544,176,56,83,233,2023-08-06,00:00,90,203,2961,1.6,17,10,10.8, ,10,Yes,Yes,Sprint-5,4058.7,
D0205,Taylor,Backend,,Germany,Forge,Go,1911,170,3958,175,467,94,491,2024-07-16,00:00,22,2716,2940,13.7,8,0,10.6,FAIL,4,No,Yes,Sprint-1,4782.3,Apache-2.0
D0221,Taylor,AI,,India,Forge,TypeScript,-5,462,5592,183,701,276,43,2024-11-03,00:00,4,2736,1136,8.6,4,17,66.8,Success,10,No,No,Sprint-7,2752.6,MIT
D0377,Sam,Backend,,India,Atlas,TypeScript,-5,431,8,88,786,417,234,2024-12-29,00:00,27,305,577,9.6,7,12,2.9,FAIL,4,No,No,Sprint-12,3714.9,MIT
D0688,Sam,Platform,,India,Forge,Python,999999,401,2288,136,728,339,80,15/04/2025,8PM,7,374,1,7.2,5,20,37.7,Success,7,Yes,Yes,Sprint-2,3006.8,Apache-2.0
D0680, ,AI,9.5,Germany,Nova,Python,-5,861,3996,115,13,259,146,2023-09-26,25:61,97,3565,2226,4.4,9,10,29.4,Failed,3,Yes,No,Sprint-7,2312.8,
D0467, ,DevOps,,Germany,Forge,Java,-5,176,5154,44,100,125,142,03/06/2025,8PM,99,4030,454,6.8,9,18,5.7, ,3,Yes,Yes,Sprint-10,4116.8,MIT
D0130, ,Platform,,USA,Atlas,Python,999999,39,4571,21,163,489,148,2023-11-19,25:61,28,926,2976,12.9,27,16,64.1,Failed,8,No,No,Sprint-7,3999.2,MIT
D0226,Chris,Backend,13.7,USA,Nova,,4185,179,3218,28,211,69,323,2024-04-07,25:61,48,3755,1210,1.3,4,8,41.9, ,1,No,Yes,Sprint-2,197.6,
D0254,Chris,Platform,,India,Nova,Java,999999,293,1353,124,134,217,391,25/08/2024,00:00,33,3452,2340,3.0,28,26,41.9, ,2,No,Yes,Sprint-3,1046.4,
D0579,Alex,DevOps,3.7,Germany,Atlas,Go,-5,412,160,65,680,176,124,2024-12-24,8PM,83,4432,2648,8.6,25,4,30.6,Failed,6,No,No,Sprint-2,409.6,MIT
D0342,Taylor,DevOps,,USA,Nova,Java,999999,683,4867,149,886,115,39,10/12/2024,8PM,51,511,294,4.2,1,16,63.8, ,6,No,Yes,Sprint-2,269.4,Apache-2.0
D0115,Chris,AI,,Germany,Nova,pyhton,999999,188,1146,115,772,392,186,2023-09-20,25:61,13,1931,2136,2.1,24,3,51.8,FAIL,8,Yes,Yes,Sprint-3,4667.7,GPL
D0457, ,Frontend,,Germany,Nova, PYTHON,1558,254,3373,102,321,183,0,30/07/2024,25:61,41,3610,2968,4.4,11,14,33.8,Failed,2,Yes,Yes,Sprint-10,3793.0,
D0167,Alex,Frontend,11.8,USA,Atlas,python,1365,89,140,172,300,276,42,18/02/2025,8PM,24,4147,2157,0.3,20,19,61.3,Success,2,No,Yes,Sprint-5,2231.1,Apache-2.0
D0263, ,DevOps,5.7,Germany,Nova,Python,-5,762,3615,116,589,187,133,2024-11-05,8PM,43,493,2278,8.7,11,28,20.0,Failed,3,Yes,No,Sprint-6,4162.2,MIT
D0160,Taylor,Frontend,,Germany,Forge,python,999999,615,5894,39,576,132,376,2023-01-17,00:00,58,305,2481,0.0,19,28,39.5,Success,10,Yes,Yes,Sprint-10,1606.1,Apache-2.0
D0516,Taylor,DevOps,9.9,USA,Atlas,Java,999999,536,1668,37,265,222,462,2025-06-06,00:00,100,1994,1589,6.4,24,27,63.2,Success,10,No,Yes,Sprint-12,3291.7,MIT
D0552,Sam,Backend,,Germany,Forge,Rust,999999,152,4240,56,89,467,71,15/06/2025,00:00,74,916,1085,7.2,25,3,45.6,FAIL,10,Yes,No,Sprint-2,1586.8,MIT
D0042,Taylor,Frontend,2.7,USA,Nova,,3949,67,2044,89,890,433,357,29/12/2024,25:61,51,3801,988,8.4,8,9,20.6, ,3,Yes,No,Sprint-7,4087.5,MIT
D0271,Chris,Platform,,India,Nova,Rust,792,273,938,6,875,298,127,20/08/2024,25:61,95,4693,1323,13.8,15,29,48.0,Success,0,No,No,Sprint-5,360.8,Apache-2.0
D0700,Sam,AI,,Germany,Forge,pyhton,-5,124,3330,124,435,411,480,20/10/2024,8PM,29,3105,1646,2.6,9,9,9.0,Success,10,No,No,Sprint-2,2952.8,GPL
D0606,Taylor,Platform,,Germany,Forge,pyhton,999999,116,4403,54,121,435,133,2025-06-15,00:00,68,3452,2914,13.5,20,21,44.2,FAIL,2,No,Yes,Sprint-7,3163.3,Apache-2.0
D0364, ,AI,,India,Forge,Rust,4515,256,2244,74,963,267,111,24/06/2024,25:61,5,2189,2230,0.3,9,29,55.7,Success,7,Yes,No,Sprint-6,2587.3,
D0392,Alex,Frontend,2.7,Germany,Atlas,python,639,586,379,188,365,37,34,06/10/2023,00:00,57,4425,1914,1.1,2,14,16.3,FAIL,1,No,No,Sprint-2,1230.5,MIT
D0081, ,Backend,11.6,USA,Nova,Python,999999,150,426,114,873,25,47,2024-04-24,25:61,45,4273,1927,4.3,25,17,24.4,Failed,2,No,Yes,Sprint-12,1551.6,
D0576,Alex,Frontend,7.0,Germany,Nova,pyhton,-5,175,3143,50,342,125,221,2024-02-20,25:61,98,2277,1163,1.9,23,7,54.9,FAIL,0,Yes,No,Sprint-10,1018.8,Apache-2.0
D0546,Chris,Frontend,,India,Atlas,,3886,89,2958,10,5,431,368,14/01/2025,25:61,82,65,227,1.6,17,15,38.6,Failed,5,Yes,Yes,Sprint-6,1115.8,MIT
D0410, ,Platform,5.2,Germany,Nova, PYTHON,999999,567,5543,95,719,102,189,10/04/2024,00:00,98,1690,2644,10.8,7,23,42.0,FAIL,0,No,Yes,Sprint-9,4719.9,GPL
D0663,Sam,DevOps,4.3,India,Forge,Python,-5,703,2892,16,197,192,196,2024-11-25,00:00,71,355,1922,3.0,18,12,20.5,FAIL,4,Yes,Yes,Sprint-5,1862.5,
D0025,Alex,Frontend,5.8,India,Nova,pyhton,-5,46,1555,109,583,451,421,2024-10-13,00:00,90,1015,476,6.1,15,27,51.2,Failed,5,No,Yes,Sprint-12,1358.6,Apache-2.0
D0316,Sam,Platform,,Germany,Nova,,999999,443,5591,23,386,322,479,21/11/2024,00:00,12,4124,2380,3.4,22,26,50.0,Success,2,Yes,Yes,Sprint-2,4831.2,GPL
D0543,Sam,Platform,,India,Forge,,999999,469,4285,81,251,209,158,2024-07-28,25:61,81,4866,748,2.5,17,6,33.3,Failed,8,No,Yes,Sprint-6,3382.2,
D0447,Chris,Frontend,,India,Forge,Java,-5,695,3355,48,5,286,186,2023-08-31,8PM,58,2938,181,3.0,0,23,28.1,Failed,2,No,No,Sprint-1,2364.1,GPL
D0398,Chris,Platform,4.8,Germany,Atlas,Go,-5,610,3287,40,50,197,50,29/04/2025,00:00,23,4138,2423,6.0,13,6,23.0, ,2,No,Yes,Sprint-10,2514.4,MIT
D0419,Alex,Platform,,Germany,Atlas,Python,1014,606,4570,39,148,253,351,08/04/2024,25:61,49,3043,2007,11.2,7,4,12.0,Success,2,No,No,Sprint-1,2355.7,MIT
D0388,Taylor,Platform,3.6,USA,Atlas, PYTHON,999999,109,2187,28,414,27,286,2023-02-13,00:00,66,423,714,1.6,20,6,67.7,FAIL,0,No,No,Sprint-11,2405.3,MIT
D0617,Sam,AI,12.6,Germany,Forge,pyhton,999999,507,1911,39,38,371,257,2023-07-27,8PM,45,642,1883,4.9,25,6,66.6, ,10,Yes,Yes,Sprint-4,1098.1,Apache-2.0
D0153,Sam,Platform,0.2,USA,Forge,Go,-5,231,1484,21,467,384,423,13/04/2024,00:00,67,1273,1820,6.3,20,2,14.7, ,10,Yes,No,Sprint-1,3455.4,GPL
D0537,Chris,Platform,13.0,India,Nova,pyhton,2046,751,4445,119,702,400,460,2023-07-15,8PM,96,4722,777,13.0,20,29,54.1,Failed,2,No,No,Sprint-8,1960.1,MIT
D0102,Chris,Frontend,,Germany,Forge,pyhton,-5,19,144,105,668,30,20,01/03/2023,8PM,43,3312,2713,5.5,1,13,11.7,Failed,10,Yes,No,Sprint-10,178.1,Apache-2.0
D0369,Alex,Platform,,Germany,Atlas,,81,921,3136,8,250,259,465,18/04/2023,00:00,8,137,1777,6.5,8,28,34.8,Failed,6,No,No,Sprint-9,3739.3,Apache-2.0
D0408,Alex,Platform,14.2,Germany,Forge,Rust,4363,575,5310,41,892,452,415,2023-08-24,25:61,98,895,838,12.0,14,11,3.1,FAIL,8,Yes,Yes,Sprint-11,3114.5,Apache-2.0
D0305,Sam,DevOps,5.5,India,Nova,Java,4837,48,3557,155,812,304,306,2024-08-18,8PM,12,3193,594,11.8,10,10,11.6, ,3,No,Yes,Sprint-7,3816.6,Apache-2.0
D0478,Taylor,AI,6.3,USA,Atlas,Python,3262,215,3093,127,524,168,247,2024-09-04,8PM,57,2659,1716,1.7,26,15,18.0,FAIL,6,Yes,No,Sprint-1,4040.8,
D0240,Alex,Platform,3.6,India,Forge,Python,-5,251,180,118,124,290,155,10/08/2024,25:61,40,652,2162,5.8,15,15,58.7,FAIL,9,No,No,Sprint-10,4076.5,Apache-2.0
D0165, ,Backend,13.4,India,Forge,Python,542,99,5458,152,405,347,467,2023-10-25,00:00,34,3425,2324,7.6,18,5,14.7,Failed,7,Yes,Yes,Sprint-1,4134.7,GPL
D0125,Sam,Platform,,Germany,Forge,Rust,-5,555,1182,31,108,43,470,28/07/2023,25:61,8,430,771,7.9,21,25,5.1,Success,4,Yes,No,Sprint-2,3165.1,
D0019,Alex,Backend,,Germany,Nova, PYTHON,3561,55,365,155,127,184,377,2023-01-23,8PM,92,2428,70,3.2,21,9,36.8, ,0,Yes,Yes,Sprint-10,4025.4,GPL
D0566,Chris,Platform,8.2,USA,Nova,Go,2300,318,3690,133,662,308,343,26/06/2023,8PM,64,632,1696,4.6,25,11,64.0,Failed,6,Yes,No,Sprint-6,2809.1,Apache-2.0
D0044,Sam,DevOps,,India,Forge,pyhton,-5,346,2240,15,856,21,423,27/02/2023,8PM,22,277,1495,1.7,28,8,68.7,Failed,6,Yes,Yes,Sprint-9,3982.9,GPL
D0060, ,AI,,India,Nova, PYTHON,999999,202,317,125,509,382,292,2024-12-04,8PM,69,1415,1025,1.9,15,8,5.3,FAIL,4,Yes,Yes,Sprint-11,233.3,
D0187, ,Frontend,14.0,Germany,Forge,,2430,853,3856,59,937,98,450,18/04/2023,00:00,46,2029,16,12.8,23,23,32.8,Success,10,Yes,Yes,Sprint-6,1862.4,Apache-2.0
D0674,Alex,Backend,10.3,USA,Forge,TypeScript,369,915,4345,18,476,78,347,02/03/2023,25:61,99,1531,2832,13.4,6,1,2.9,Success,2,No,No,Sprint-5,1612.5,Apache-2.0
D0338,Alex,AI,,USA,Atlas,pyhton,-5,788,776,56,640,36,441,2024-12-19,25:61,27,2832,1661,10.7,29,9,25.9, ,3,No,Yes,Sprint-10,2504.9,Apache-2.0
D0347,Sam,Backend,3.0,Germany,Atlas,pyhton,999999,23,341,146,450,249,0,2024-08-04,8PM,10,4904,1812,4.4,10,8,21.0,Failed,8,Yes,Yes,Sprint-12,2000.6,MIT
D0288,Taylor,DevOps,,USA,Forge,Rust,999999,404,1854,164,386,184,258,11/08/2024,25:61,50,4359,2571,7.7,8,4,25.6,Success,5,No,No,Sprint-8,2621.8,
D0147,Alex,Backend,13.7,Germany,Forge,Rust,-5,51,3340,111,571,327,270,2024-11-06,00:00,89,1951,2373,2.8,23,30,23.7,Failed,7,Yes,Yes,Sprint-3,376.8,Apache-2.0
D0225,Sam,Backend,,USA,Forge,,873,364,1404,113,814,500,495,19/09/2024,25:61,26,866,2068,7.6,0,23,60.2,Failed,2,Yes,Yes,Sprint-12,1446.4,
D0105, ,Backend,9.7,India,Atlas,pyhton,-5,101,2125,71,208,384,326,23/09/2023,8PM,75,2195,2010,9.0,27,12,20.7,Success,2,Yes,No,Sprint-7,4034.6,Apache-2.0
D0430,Taylor,Frontend,2.4,USA,Forge,Go,-5,193,2244,25,612,474,301,2023-07-25,25:61,12,4721,2188,3.5,14,28,44.2,Success,9,No,No,Sprint-7,3763.0,
D0057,Alex,AI,5.5,USA,Nova,pyhton,999999,95,2024,95,323,391,251,2024-10-26,00:00,16,318,2969,5.2,24,13,26.1,Success,2,No,Yes,Sprint-3,3371.5,Apache-2.0
D0233, ,Platform,4.0,India,Nova,Rust,1917,106,1603,106,130,288,452,12/04/2025,00:00,23,353,418,3.7,28,18,11.2,Failed,2,Yes,No,Sprint-10,4151.8,MIT
D0270,Chris,Platform,,USA,Nova,Go,-5,690,5606,164,901,262,335,2024-09-13,00:00,6,3864,816,6.5,7,22,68.2, ,7,Yes,No,Sprint-12,2576.5,Apache-2.0
D0404,Taylor,Frontend,,USA,Forge,Go,999999,77,1750,128,864,189,442,18/05/2024,8PM,90,2342,2288,10.6,28,12,56.9, ,9,Yes,Yes,Sprint-3,4089.5,
D0123,Taylor,DevOps,,India,Forge,Rust,3134,552,4850,172,375,429,433,09/11/2023,00:00,97,2328,1009,0.3,9,25,54.1,FAIL,2,No,Yes,Sprint-12,3213.9,
D0579,Chris,DevOps,11.7,Germany,Atlas, PYTHON,3583,244,5407,40,78,346,190,31/08/2024,00:00,80,3218,2462,0.4,11,18,61.6, ,7,Yes,No,Sprint-2,1003.6,Apache-2.0
D0592,Alex,AI,1.5,India,Nova, PYTHON,2005,913,3151,123,795,117,74,2025-03-04,25:61,30,254,125,9.0,27,4,63.8,FAIL,2,No,No,Sprint-11,1751.9,
D0327,Alex,DevOps,,USA,Nova,Python,1938,387,3941,98,154,436,113,28/10/2023,25:61,67,1767,1736,3.0,11,22,50.4,Failed,3,No,No,Sprint-10,1551.8,Apache-2.0
D0573,Taylor,Backend,,USA,Forge,python,3390,567,3335,135,656,390,488,20/12/2023,8PM,46,1303,1130,11.3,24,6,14.0,FAIL,9,Yes,Yes,Sprint-5,4060.8,GPL
D0471,Taylor,Platform,0.3,Germany,Forge,TypeScript,2759,926,5456,100,668,280,149,2023-09-02,00:00,18,4156,1816,1.7,2,21,23.7,FAIL,6,No,No,Sprint-3,4229.4,MIT
D0691, ,Frontend,,Germany,Atlas,pyhton,3979,390,5920,144,358,80,68,2024-11-29,00:00,86,3709,44,8.0,25,11,13.3, ,7,Yes,Yes,Sprint-10,2778.9,GPL
D0679, ,AI,,India,Forge,python,999999,779,514,133,705,17,368,2023-03-15,8PM,62,2511,2800,7.1,5,30,17.6, ,7,Yes,Yes,Sprint-11,4818.9,
D0584, ,Backend,6.5,India,Atlas,Go,-5,40,4947,48,417,249,144,2024-07-19,00:00,86,2861,1059,12.4,13,12,24.6,Failed,6,No,No,Sprint-7,4115.2,Apache-2.0
D0692,Sam,Frontend,4.9,USA,Forge,pyhton,-5,507,4442,178,106,480,32,2024-09-30,25:61,70,1962,2247,9.7,19,6,19.2,Failed,6,Yes,No,Sprint-6,2355.3,GPL
D0382, ,Backend,,India,Atlas,Rust,834,562,4643,200,259,416,182,20/05/2023,00:00,18,2562,2648,0.4,20,14,23.1,Success,0,Yes,No,Sprint-4,4597.8,
D0249,Alex,Backend,10.9,India,Nova, PYTHON,3666,264,4352,126,527,187,483,25/09/2024,25:61,89,3394,1409,13.1,8,15,5.6,Success,2,No,Yes,Sprint-3,2090.0,Apache-2.0
D0558,Alex,Backend,13.1,Germany,Forge,Go,999999,329,4730,72,379,60,499,2023-12-30,8PM,90,3529,328,1.6,9,23,22.5,FAIL,10,Yes,Yes,Sprint-4,2429.8,Apache-2.0
D0130,Sam,Platform,11.5,Germany,Atlas, PYTHON,999999,33,388,159,74,230,305,15/04/2025,8PM,49,2207,1825,3.1,21,2,17.2, ,7,Yes,Yes,Sprint-4,2838.9,Apache-2.0
D0348,Taylor,Backend,4.0,Germany,Forge,pyhton,-5,367,5737,141,489,437,286,29/10/2024,00:00,46,3160,71,7.6,4,16,34.8,Failed,10,No,No,Sprint-1,4256.0,Apache-2.0
D0521,Alex,AI,6.6,Germany,Atlas, PYTHON,999999,705,767,1,301,384,167,06/07/2023,8PM,63,2165,1714,0.4,19,25,49.2, ,0,Yes,No,Sprint-12,1711.4,GPL
D0091,Taylor,Backend,10.8,Germany,Atlas,Rust,999999,122,2389,37,999,108,312,2023-12-18,8PM,80,2871,1890,4.4,2,29,32.4,FAIL,5,Yes,No,Sprint-9,1398.9,Apache-2.0
D0320,Alex,Platform,,USA,Atlas,Rust,1846,838,1686,78,201,106,356,2023-04-06,8PM,38,802,2334,1.8,15,0,6.5,Success,9,Yes,No,Sprint-3,2095.0,MIT
D0243, ,Backend,4.7,Germany,Atlas,TypeScript,-5,922,4666,98,299,202,112,2023-07-04,00:00,96,3256,1246,0.1,28,2,39.0,Failed,2,Yes,No,Sprint-8,2119.7,GPL
D0281,Taylor,AI,1.4,USA,Atlas,Java,999999,47,431,78,205,175,83,26/03/2025,8PM,12,3613,492,10.7,9,23,22.8,Failed,9,Yes,Yes,Sprint-6,689.4,Apache-2.0
D0103,Chris,AI,,USA,Atlas,,999999,172,948,37,539,188,117,2024-01-22,8PM,97,3391,1176,12.9,24,22,15.8,Failed,4,Yes,Yes,Sprint-1,682.2,
D0476,Alex,DevOps,5.2,India,Forge,Java,999999,322,11,136,259,169,469,2023-05-31,8PM,44,4767,2789,4.7,24,11,40.5,Failed,10,Yes,Yes,Sprint-1,1654.0,MIT
D0636,Chris,Frontend,,USA,Forge,Java,999999,39,3931,182,137,182,206,02/06/2023,25:61,69,1510,1207,10.7,17,26,58.7, ,9,No,No,Sprint-5,3788.0,
D0674,Sam,Frontend,,Germany,Atlas,Go,-5,648,3454,152,351,353,274,22/11/2023,8PM,81,967,1650,5.3,14,27,48.9,Success,1,No,No,Sprint-3,3384.5,
D0022,Chris,Backend,11.3,USA,Forge,Java,999999,404,1504,146,360,475,10,03/06/2025,25:61,64,2030,796,2.8,19,8,60.7,Success,2,Yes,No,Sprint-8,2091.5,GPL
D0339,Chris,Backend,,Germany,Nova,Java,-5,351,3541,120,749,185,47,2025-05-07,8PM,43,1616,2054,3.1,30,10,0.8,Failed,6,No,Yes,Sprint-12,3828.6,GPL
D0240,Taylor,AI,,Germany,Atlas,Rust,-5,654,3652,25,854,475,79,14/03/2025,25:61,72,2970,560,12.8,0,26,61.4,Failed,1,No,No,Sprint-12,4610.0,MIT
D0566,Chris,Frontend,7.2,India,Forge,python,999999,633,5202,54,184,176,69,11/07/2024,8PM,67,704,338,0.5,5,13,18.2,FAIL,0,Yes,No,Sprint-11,4389.0,Apache-2.0
D0370,Sam,AI,5.7,USA,Nova,pyhton,2760,608,5400,114,521,284,226,17/05/2023,8PM,46,3494,2333,10.2,16,10,56.7, ,7,Yes,No,Sprint-10,3653.6,
D0258,Taylor,Platform,,USA,Atlas,Java,-5,660,2862,176,263,244,410,23/03/2024,8PM,58,1017,2407,8.4,3,10,2.4, ,5,Yes,Yes,Sprint-8,2440.5,GPL
D0425,Alex,Frontend,,USA,Forge,python,999999,913,3801,36,929,109,330,23/07/2023,25:61,31,-26,985,9.5,27,23,49.8,Success,4,Yes,Yes,Sprint-11,690.1,GPL
D0346, ,Backend,,India,Atlas,TypeScript,999999,142,2031,19,879,426,402,01/10/2023,00:00,86,575,2463,1.3,20,19,15.4,Success,5,No,Yes,Sprint-9,404.0,
D0614,Chris,AI,8.0,Germany,Nova,Python,2959,157,548,85,34,292,206,24/04/2025,00:00,27,3420,1725,8.3,16,22,31.0,Failed,4,No,No,Sprint-10,484.1,GPL
D0411, ,DevOps,,Germany,Nova,Java,-5,274,3134,148,201,9,265,2023-08-20,8PM,34,2666,2742,5.2,25,28,58.5,Failed,3,Yes,Yes,Sprint-2,4702.6,
D0595,Alex,Backend,11.2,USA,Atlas, PYTHON,1786,752,3664,168,738,299,58,18/04/2024,8PM,80,3414,2618,2.1,18,26,28.9,Success,2,Yes,No,Sprint-3,3403.3,GPL
D0074,Sam,DevOps,1.8,Germany,Nova,Go,999999,474,6,104,496,214,217,2023-03-11,8PM,21,1560,93,8.5,25,23,47.7,Success,8,No,No,Sprint-8,3870.8,GPL
D0217,Taylor,DevOps,0.9,Germany,Nova,Java,4855,3,1655,106,321,159,192,2025-02-05,25:61,94,2355,2529,11.1,17,24,35.3,FAIL,7,Yes,No,Sprint-2,3673.0,
D0323,Sam,Platform,4.6,USA,Forge, PYTHON,-5,966,5096,74,511,426,343,21/01/2024,25:61,14,2493,86,5.3,0,13,3.9,FAIL,2,Yes,No,Sprint-2,32.4,
D0017,Alex,Frontend,,India,Atlas,pyhton,2185,74,3004,113,341,158,47,07/12/2023,8PM,22,4315,2112,7.5,1,30,29.4,Failed,8,No,Yes,Sprint-10,3981.8,GPL
D0662,Taylor,AI,1.9,India,Nova,pyhton,-5,475,805,61,341,175,475,24/07/2024,25:61,42,687,2343,11.1,30,8,53.9, ,0,Yes,No,Sprint-4,4169.0,GPL
D0503,Taylor,DevOps,2.3,USA,Nova,,-5,332,4452,178,560,370,220,14/04/2025,25:61,89,1908,1053,8.2,13,14,22.9,Failed,8,No,No,Sprint-11,1252.5,
D0531, ,Platform,2.2,USA,Forge,Python,999999,850,4931,25,933,176,106,2023-02-21,25:61,12,3876,1500,12.5,28,8,0.4,Success,1,Yes,No,Sprint-10,218.1,Apache-2.0
D0577,Chris,AI,,Germany,Forge,,999999,160,4573,34,601,66,94,2023-07-06,00:00,8,3044,2596,6.8,9,3,10.5,Failed,2,Yes,No,Sprint-5,4833.7,
D0637, ,DevOps,,USA,Atlas,pyhton,999999,152,389,90,300,232,112,03/06/2023,8PM,38,2358,1016,8.0,19,30,44.4,Success,6,No,Yes,Sprint-12,1129.3,GPL
D0559,Sam,Backend,,USA,Forge,Go,999999,484,4159,100,517,272,200,2024-10-07,8PM,53,3285,1931,12.3,10,12,22.2,FAIL,3,No,No,Sprint-5,3616.1,MIT
D0187,Chris,AI,8.6,Germany,Nova,Go,-5,939,1165,81,98,228,14,2024-03-01,8PM,69,2820,1860,2.2,15,17,16.0,FAIL,8,No,Yes,Sprint-10,4691.6,
D0319,Sam,Frontend,,USA,Forge,TypeScript,2954,407,5420,47,874,273,498,23/05/2025,25:61,96,4093,2665,12.8,19,24,2.1,FAIL,7,Yes,Yes,Sprint-3,257.4,MIT
D0375,Sam,Backend,6.0,USA,Forge,Go,999999,144,4808,120,553,200,277,18/03/2023,8PM,37,1635,2453,11.5,19,11,50.1,FAIL,9,Yes,No,Sprint-3,1496.4,Apache-2.0
D0206,Taylor,Platform,0.7,India,Atlas,,2853,68,3257,35,159,125,493,21/12/2024,25:61,50,1304,1809,0.8,13,14,26.5,Success,4,Yes,Yes,Sprint-7,4155.5,GPL
D0001, ,Backend,,Germany,Atlas,Go,2848,714,2091,51,892,428,228,21/03/2024,25:61,13,1408,2980,13.0,17,29,25.3, ,7,No,Yes,Sprint-5,915.0,GPL
D0257,Alex,AI,,India,Atlas, PYTHON,999999,287,1525,138,160,205,256,2024-01-21,8PM,80,946,2842,6.4,2,15,25.1,Success,3,Yes,No,Sprint-2,2122.1,MIT
D0235,Alex,AI,1.5,USA,Atlas,python,-5,857,4081,116,44,325,496,2024-04-08,00:00,86,2211,323,11.0,17,1,6.4,Failed,0,Yes,No,Sprint-4,2663.2,
D0631, ,Backend,8.0,India,Forge,Go,999999,297,2339,33,370,425,312,2025-03-16,25:61,49,4279,2877,2.9,14,21,9.8,Success,0,No,Yes,Sprint-5,1779.1,Apache-2.0
D0180,Alex,Frontend,,USA,Forge,Rust,999999,490,91,102,245,444,378,2024-01-19,8PM,37,2949,1123,9.1,29,3,32.8,FAIL,10,No,No,Sprint-10,3258.7,Apache-2.0
D0292,Sam,AI,4.7,India,Atlas,python,696,587,4481,24,714,87,2,2023-12-23,00:00,16,2032,2979,4.8,5,23,17.9, ,9,No,Yes,Sprint-2,1484.0,GPL
D0498,Taylor,Frontend,8.3,India,Atlas, PYTHON,-5,218,1370,104,489,464,439,24/01/2023,25:61,43,4571,2625,3.1,18,29,49.5, ,7,Yes,No,Sprint-10,3358.4,MIT
D0446,Chris,DevOps,,USA,Nova,python,999999,209,2266,124,463,79,231,07/02/2023,8PM,96,4408,1075,4.0,17,8,26.8,FAIL,7,Yes,Yes,Sprint-9,1675.3,
D0699,Sam,Backend,8.6,USA,Nova,TypeScript,999999,975,3507,137,867,354,274,17/03/2025,25:61,88,1621,160,2.4,11,7,8.6,Success,2,No,Yes,Sprint-5,1472.7,MIT
D0075,Taylor,AI,8.1,India,Atlas, PYTHON,1839,689,4858,162,125,167,321,15/07/2024,00:00,34,4518,1293,5.3,22,11,55.3,Failed,2,Yes,No,Sprint-10,4945.0,
D0369,Chris,Platform,11.5,India,Forge,TypeScript,3565,144,643,45,202,113,159,18/01/2023,25:61,86,887,916,6.3,16,18,1.0,FAIL,1,No,Yes,Sprint-2,119.3,MIT
D0091,Alex,AI,3.4,Germany,Forge,Rust,2756,397,4155,70,624,263,107,2023-12-19,8PM,66,678,1628,8.4,16,5,64.1, ,0,No,No,Sprint-9,1780.7,
D0314,Taylor,Backend,0.2,Germany,Nova, PYTHON,2626,101,2700,13,239,192,417,2024-12-20,8PM,44,1687,2162,1.1,26,28,54.2,FAIL,7,Yes,Yes,Sprint-5,4195.8,Apache-2.0
D0250,Chris,Backend,,USA,Forge,,999999,871,5329,161,565,267,313,2023-05-08,00:00,64,45,1743,10.1,2,3,36.5,Failed,1,Yes,Yes,Sprint-6,2724.5,MIT
D0166,Chris,Platform,,India,Atlas,pyhton,4424,163,4577,76,615,148,57,2024-02-15,25:61,97,2360,1712,5.0,19,25,0.9,FAIL,10,No,Yes,Sprint-11,3219.7,Apache-2.0
D0143, ,AI,,Germany,Nova,pyhton,419,541,5365,185,556,285,159,2023-05-14,00:00,26,3601,210,8.8,8,4,10.1,Failed,5,No,No,Sprint-4,2344.7,
D0266,Chris,Backend,3.2,India,Forge,Go,999999,533,3980,135,423,145,15,2024-09-26,8PM,64,3498,2827,3.1,14,8,8.1,FAIL,3,Yes,No,Sprint-2,957.7,MIT
D0042, ,Platform,8.4,Germany,Forge,pyhton,999999,804,71,103,949,210,438,10/01/2024,00:00,64,2600,1302,1.4,20,0,20.8,Success,5,Yes,Yes,Sprint-8,4557.7,
D0035,Sam,AI,,USA,Forge,Rust,999999,301,1164,168,586,337,443,2024-02-18,25:61,86,4394,272,9.4,2,17,35.9, ,7,No,No,Sprint-7,4680.3,MIT
D0594,Taylor,Backend,1.4,India,Nova,Rust,999999,803,5604,112,719,357,180,2024-09-30,8PM,64,4387,2803,2.3,9,23,45.6,Success,0,Yes,No,Sprint-4,519.8,
D0424, ,DevOps,7.0,India,Forge,python,2268,765,468,131,337,343,420,13/09/2024,00:00,11,4416,1532,10.9,1,0,59.2,Success,0,No,Yes,Sprint-5,3989.2,Apache-2.0
D0604,Chris,Frontend,,India,Nova,pyhton,999999,168,1252,51,597,388,433,2023-06-08,25:61,63,2115,1794,9.1,11,9,13.7,Failed,8,No,No,Sprint-9,3401.9,GPL
D0646,Chris,Frontend,,India,Nova,python,999999,853,3176,168,251,340,338,2024-08-20,00:00,12,1233,8,4.2,16,13,47.5,Failed,3,No,No,Sprint-1,277.3,GPL
D0659,Taylor,DevOps,,Germany,Nova,pyhton,415,766,3504,118,394,208,18,2023-05-17,00:00,80,3687,2867,8.3,24,20,57.0, ,5,Yes,No,Sprint-3,1792.9,
D0589, ,Backend,,Germany,Nova,,999999,323,4440,40,197,152,278,07/06/2023,25:61,58,4568,474,2.7,25,28,30.9,Failed,8,Yes,Yes,Sprint-6,2002.8,GPL
D0450, ,AI,10.4,USA,Atlas,TypeScript,999999,910,1342,99,412,93,128,14/05/2025,00:00,34,2269,318,5.6,20,28,52.1,Success,9,No,Yes,Sprint-4,1927.1,MIT
D0514,Taylor,Backend,1.2,USA,Nova,pyhton,999999,724,2934,12,917,32,240,2023-02-01,00:00,4,3762,2041,0.7,2,21,64.0,Failed,7,No,Yes,Sprint-7,2042.9,MIT
D0248, ,Backend,8.3,India,Forge,Python,-5,707,233,101,778,95,211,2023-02-17,25:61,26,3252,1019,9.8,18,3,66.6, ,7,No,Yes,Sprint-6,2833.1,GPL
D0355,Chris,AI,10.6,USA,Nova,Go,999999,775,2163,54,987,180,339,2023-07-19,00:00,45,1937,175,5.4,29,11,52.8,Failed,6,No,Yes,Sprint-10,938.5,Apache-2.0
D0082,Chris,Backend,,USA,Forge,Java,999999,913,3339,124,463,128,109,08/08/2024,25:61,67,4821,2375,1.6,14,5,27.3,Success,5,No,Yes,Sprint-8,4227.9,Apache-2.0
D0087,Taylor,Frontend,10.7,India,Forge,Go,999999,502,1521,0,135,186,252,2023-08-09,25:61,17,1621,1737,12.1,8,25,0.4, ,10,Yes,Yes,Sprint-3,4492.7,Apache-2.0
D0517,Alex,Platform,14.2,India,Forge,TypeScript,999999,207,5171,103,926,324,0,01/06/2023,25:61,24,405,1738,8.7,29,17,33.1, ,0,No,No,Sprint-3,1124.1,GPL
D0344,Alex,Backend,2.0,India,Forge,Rust,3712,558,2139,198,941,433,487,2023-12-29,25:61,37,4786,260,11.4,0,22,44.9,FAIL,0,No,Yes,Sprint-5,3927.1,GPL
D0222,Chris,AI,14.2,India,Forge,Rust,-5,963,5480,18,641,237,1,2025-04-12,25:61,10,3083,873,3.6,4,29,48.5, ,8,No,Yes,Sprint-9,3664.6,MIT
D0224,Sam,DevOps,,Germany,Forge,Python,-5,639,762,191,536,258,314,2023-06-21,25:61,69,2248,135,4.5,28,14,40.6, ,7,Yes,No,Sprint-2,601.2,Apache-2.0
D0042,Taylor,Frontend,,Germany,Forge,,999999,887,3321,149,745,273,35,2024-01-19,00:00,15,3956,2524,10.6,10,2,3.0,FAIL,0,Yes,No,Sprint-7,1028.3,GPL
D0625,Sam,Backend,10.7,Germany,Nova,pyhton,-5,385,931,192,232,359,35,16/12/2023,8PM,94,1064,163,13.4,15,13,37.9,Failed,3,Yes,Yes,Sprint-11,2839.0,GPL
D0275,Alex,DevOps,,USA,Atlas,TypeScript,-5,656,5181,125,928,287,444,2024-03-13,00:00,28,4825,1516,8.3,17,27,35.4, ,0,Yes,Yes,Sprint-2,3528.1,
D0630,Chris,Platform,13.8,USA,Atlas,Rust,999999,390,3551,28,686,171,221,2024-10-04,00:00,37,310,1322,12.6,7,16,38.4,Success,2,No,Yes,Sprint-5,3253.0,
D0485,Chris,AI,2.4,Germany,Forge,,999999,825,1092,42,974,113,323,17/02/2023,25:61,58,4513,51,4.6,2,27,9.4,FAIL,0,Yes,Yes,Sprint-2,3788.7,MIT
D0476, ,Backend,,USA,Atlas,,817,163,2721,79,368,316,488,2024-06-13,00:00,7,806,1867,1.7,13,12,2.5,FAIL,8,No,Yes,Sprint-4,3232.2,Apache-2.0
D0453,Chris,Frontend,4.3,USA,Forge,pyhton,999999,980,4397,51,600,113,193,2023-06-16,00:00,38,1565,2862,4.9,8,7,29.0, ,5,Yes,Yes,Sprint-12,4391.9,MIT
D0052,Sam,Backend,,Germany,Nova,Go,999999,752,2554,118,573,130,150,21/04/2024,25:61,52,3356,1991,6.1,16,9,54.2, ,8,No,No,Sprint-11,120.7,MIT
D0570,Taylor,Backend,13.8,Germany,Nova,Go,999999,520,1931,173,263,106,58,2024-06-12,00:00,52,3383,2082,8.0,2,23,39.9,FAIL,5,No,Yes,Sprint-10,3571.0,Apache-2.0
D0690,Alex,Platform,,USA,Nova,,2251,257,4312,144,793,249,5,2024-03-16,00:00,64,106,698,7.8,22,23,66.1, ,5,Yes,No,Sprint-2,2025.4,MIT
D0378,Taylor,Platform,,India,Nova,Python,-5,663,1708,184,377,219,356,2024-08-30,8PM,89,3266,2548,10.2,14,10,11.1, ,2,No,No,Sprint-1,3856.7,MIT
D0339,Chris,AI,,USA,Forge,Rust,999999,483,1570,12,208,390,81,10/03/2023,00:00,96,2135,421,4.8,29,11,60.5,Failed,0,Yes,Yes,Sprint-5,3237.4,MIT
D0170,Sam,Frontend,,USA,Nova,TypeScript,999999,360,527,185,426,49,383,2025-04-18,25:61,87,1132,1798,5.5,19,24,45.7,Failed,0,No,Yes,Sprint-6,3961.2,Apache-2.0
D0111, ,AI,12.9,Germany,Atlas,Python,999999,612,5361,131,274,188,449,2023-12-16,25:61,47,864,2120,7.7,4,26,61.0,Failed,9,No,Yes,Sprint-9,667.0,Apache-2.0
D0227,Taylor,DevOps,,USA,Atlas,Go,999999,188,2800,182,849,133,89,2023-09-07,8PM,84,1453,472,12.1,20,12,71.1,FAIL,8,Yes,Yes,Sprint-3,3192.7,GPL
D0094, ,Backend,,India,Forge,pyhton,-5,661,4256,37,161,478,352,22/09/2023,00:00,91,606,2358,11.3,0,10,62.5,FAIL,9,No,No,Sprint-10,4154.1,GPL
D0696,Chris,Platform,13.2,India,Forge,Python,999999,197,604,76,690,51,353,2023-12-11,25:61,79,1022,1243,5.7,1,10,9.1,Success,3,Yes,No,Sprint-5,1971.2,
D0178,Alex,Frontend,,Germany,Forge,python,3264,866,5239,129,823,1,48,19/10/2023,00:00,73,2347,2030,0.2,24,24,40.9,Failed,7,No,Yes,Sprint-6,1048.3,GPL
D0326,Chris,Backend,3.3,Germany,Atlas,Rust,-5,868,1545,172,829,45,461,2024-05-29,00:00,11,2042,1673,4.3,3,22,35.5, ,6,No,No,Sprint-12,2125.7,MIT
D0581,Taylor,Backend,,India,Atlas,,-5,594,5517,47,558,141,431,2023-04-15,8PM,72,2983,737,10.4,21,7,70.5,FAIL,10,No,Yes,Sprint-3,109.9,Apache-2.0
D0358,Chris,Platform,6.9,India,Forge,Java,2930,679,2483,3,418,437,371,10/09/2024,8PM,55,3631,1715,8.2,19,9,39.7,Success,7,Yes,No,Sprint-12,444.2,Apache-2.0
D0343,Sam,DevOps,,USA,Nova,TypeScript,999999,306,2256,74,55,69,11,07/09/2023,8PM,30,4484,2220,7.0,29,2,1.0,Failed,3,Yes,Yes,Sprint-4,2509.8,Apache-2.0
D0551,Alex,Backend,13.8,India,Nova,Python,-5,974,4586,34,407,448,333,28/03/2024,00:00,76,2569,40,13.3,1,2,22.2, ,9,Yes,Yes,Sprint-3,4171.0,GPL
D0431,Alex,Frontend,0.4,Germany,Forge,Rust,3992,951,4567,65,329,374,131,28/12/2024,25:61,18,4542,1576,13.4,24,4,28.4,Failed,1,Yes,Yes,Sprint-4,3738.4,MIT
D0268, ,Platform,,Germany,Nova,Java,-5,376,4306,134,849,389,482,31/01/2024,8PM,44,3410,2266,8.8,28,1,14.5,Success,1,No,No,Sprint-7,587.9,GPL
D0228,Chris,DevOps,,Germany,Atlas,Java,999999,556,3783,50,775,27,60,28/09/2024,00:00,34,1825,2125,3.8,22,28,9.5,Success,5,No,Yes,Sprint-4,1810.5,
D0281,Taylor,DevOps,,Germany,Forge,pyhton,225,994,4967,127,256,188,124,15/02/2023,8PM,100,2320,16,11.7,9,11,34.9,Success,7,Yes,Yes,Sprint-8,2001.9,Apache-2.0
D0083,Alex,Frontend,,Germany,Atlas,TypeScript,-5,682,95,63,788,484,19,2023-01-14,8PM,6,957,2507,2.2,8,3,67.4,Failed,9,Yes,No,Sprint-9,3872.8,MIT
D0305,Chris,DevOps,,India,Forge,TypeScript,4835,565,4438,131,801,164,186,2024-09-28,00:00,29,4410,545,12.4,25,23,36.1,Failed,1,Yes,Yes,Sprint-2,3155.8,Apache-2.0
D0174,Chris,Frontend,10.3,India,Nova,pyhton,999999,74,529,134,402,329,211,06/10/2024,25:61,89,4174,233,10.1,13,8,10.5,FAIL,2,Yes,No,Sprint-2,4176.2,Apache-2.0
D0368,Taylor,AI,4.7,India,Nova,Rust,3413,9,4023,105,367,175,444,2023-12-02,00:00,29,1467,233,10.4,23,15,4.9, ,6,Yes,Yes,Sprint-9,2474.3,Apache-2.0
D0651, ,DevOps,,India,Nova,Go,3076,8,4816,24,912,389,190,2024-06-18,25:61,5,2486,2659,13.8,28,19,14.8,Failed,7,Yes,Yes,Sprint-9,306.0,
D0421,Sam,AI,,Germany,Nova,TypeScript,999999,834,2758,166,49,44,240,17/02/2023,00:00,79,3169,502,13.6,25,24,57.6,Success,4,No,Yes,Sprint-5,1079.6,Apache-2.0
D0675,Alex,DevOps,9.6,USA,Forge,Python,-5,910,5203,83,582,80,294,2023-08-22,25:61,70,4741,247,5.4,15,22,44.6,Success,6,Yes,Yes,Sprint-1,1813.1,
D0220,Alex,Frontend,,USA,Nova,Go,999999,433,2238,156,248,252,193,2024-01-13,8PM,9,2827,392,7.0,26,28,59.4, ,7,Yes,No,Sprint-3,1211.4,
D0479,Taylor,Frontend,8.7,Germany,Atlas,Java,2819,988,805,142,408,159,461,13/06/2024,00:00,23,2775,1471,3.7,14,26,41.7,FAIL,2,Yes,No,Sprint-12,1311.2,MIT
D0134,Alex,DevOps,,USA,Atlas,Python,-5,223,1939,20,742,340,228,2023-06-14,8PM,11,1606,2391,12.0,14,21,60.4,Success,5,Yes,Yes,Sprint-3,2177.3,Apache-2.0
D0585,Alex,Frontend,14.2,India,Forge,TypeScript,-5,955,5053,124,475,468,411,2024-02-27,25:61,24,1055,155,1.2,19,16,22.0, ,1,Yes,Yes,Sprint-11,2767.0,MIT
D0608,Chris,DevOps,4.9,USA,Atlas,,-5,238,980,105,737,352,161,23/09/2023,8PM,39,4893,1056,10.5,20,9,70.3,Failed,8,Yes,No,Sprint-12,2154.7,
D0233,Chris,DevOps,12.5,Germany,Nova,Rust,999999,128,5726,119,695,491,389,2024-10-12,00:00,21,3105,223,6.8,7,29,26.7,FAIL,3,No,No,Sprint-7,1631.6,Apache-2.0
D0578,Taylor,AI,,India,Atlas,,-5,218,764,71,819,148,318,2023-12-10,25:61,14,3473,1054,9.1,7,21,2.3,FAIL,7,Yes,No,Sprint-8,1790.3,
D0469,Taylor,Backend,11.4,India,Nova,Rust,999999,120,5865,14,521,323,72,2024-02-24,8PM,69,641,206,7.9,29,4,7.7,Failed,4,No,No,Sprint-11,2091.8,MIT
D0376,Alex,AI,8.1,India,Atlas,pyhton,-5,716,386,142,966,80,213,2024-02-18,25:61,63,94,792,12.5,10,3,4.6,Failed,7,Yes,Yes,Sprint-7,2887.0,
D0665,Chris,Frontend,5.1,Germany,Nova,TypeScript,-5,85,2522,176,186,309,469,21/12/2023,8PM,81,1754,1388,5.5,9,4,11.0,FAIL,2,No,Yes,Sprint-9,1814.7,MIT
D0525,Chris,AI,,Germany,Nova,Python,-5,540,431,36,758,243,377,2023-06-12,8PM,59,1310,791,0.2,16,4,27.8,Success,7,No,No,Sprint-3,4173.5,
D0453,Taylor,AI,,India,Nova,Rust,-5,824,5668,150,130,201,299,2023-12-10,25:61,28,3349,2318,9.9,3,2,55.4,FAIL,9,Yes,Yes,Sprint-3,4758.6,GPL
D0679,Taylor,DevOps,10.8,USA,Forge,python,-5,337,3056,70,262,441,206,19/12/2023,25:61,90,2639,1791,8.7,7,24,61.1, ,10,Yes,No,Sprint-4,2024.0,
D0291,Chris,Backend,1.4,India,Atlas, PYTHON,-5,505,1088,26,746,131,63,15/03/2025,00:00,58,2743,517,2.3,1,5,58.6,Failed,10,No,Yes,Sprint-7,928.4,Apache-2.0
D0639,Sam,Platform,,Germany,Nova,python,1127,367,4065,5,790,5,266,06/06/2024,00:00,20,2691,1912,13.2,27,6,2.5, ,9,No,No,Sprint-2,823.4,
D0211,Taylor,AI,,India,Forge,Python,2078,420,291,50,941,394,93,09/10/2023,25:61,14,3798,356,6.8,3,20,36.6,Failed,3,No,Yes,Sprint-6,1428.8,Apache-2.0
D0298,Sam,AI,2.4,USA,Nova,TypeScript,3356,799,5159,3,257,162,165,2024-01-06,8PM,62,667,2716,8.4,1,11,25.4,FAIL,5,Yes,No,Sprint-5,2821.2,MIT
D0360, ,Platform,7.5,Germany,Forge, PYTHON,999999,524,2717,40,4,469,1,22/05/2023,00:00,60,4269,2420,14.0,27,8,62.8,Success,1,Yes,No,Sprint-9,4282.9,Apache-2.0
D0212,Chris,DevOps,12.9,USA,Atlas,Java,-5,454,67,180,641,396,484,06/07/2023,8PM,3,1943,2359,10.5,4,26,43.2,Success,0,Yes,No,Sprint-5,3022.1,Apache-2.0
D0046,Alex,Backend,3.1,India,Forge,TypeScript,999999,803,958,197,989,353,74,16/06/2024,8PM,42,924,2156,8.1,0,0,53.6, ,9,Yes,No,Sprint-5,1851.7,MIT
D0660,Sam,DevOps,2.0,USA,Nova,Go,-5,381,3905,36,240,436,35,14/07/2023,25:61,74,3145,1846,11.4,14,27,10.3,Failed,2,No,Yes,Sprint-8,923.2,Apache-2.0
D0632, ,Backend,,USA,Forge, PYTHON,-5,54,2028,90,575,112,273,28/09/2023,25:61,83,3700,2719,12.4,22,11,24.8, ,0,No,No,Sprint-8,4966.8,GPL
D0646,Chris,DevOps,13.0,USA,Atlas,Go,999999,277,3362,86,884,133,232,2024-05-16,00:00,15,2297,150,3.4,7,17,35.7,Failed,4,No,Yes,Sprint-9,531.1,MIT
D0422,Taylor,AI,,USA,Forge,Go,-5,608,913,110,831,300,68,09/06/2025,8PM,86,2059,2765,7.3,21,23,3.6,Failed,4,Yes,Yes,Sprint-11,2191.1,
D0497,Alex,AI,7.6,USA,Atlas,Python,-5,576,2030,37,953,193,196,01/06/2024,25:61,98,3819,411,4.8,22,14,65.4, ,5,Yes,Yes,Sprint-2,715.2,GPL
D0135, ,AI,,Germany,Nova,Python,3721,684,4866,128,862,355,174,17/03/2023,25:61,79,1166,1416,12.6,2,9,5.5,Failed,6,No,Yes,Sprint-5,2930.4,
D0249, ,AI,,Germany,Nova,Rust,-5,437,794,88,395,228,254,2023-02-04,8PM,71,4522,814,11.6,19,11,5.5,FAIL,1,No,No,Sprint-2,2419.8,
D0578,Sam,DevOps,2.7,Germany,Atlas,pyhton,2985,487,607,158,449,437,488,20/07/2023,00:00,2,950,2932,11.0,4,16,69.7,FAIL,7,Yes,Yes,Sprint-4,4132.1,MIT
D0617, ,Platform,,USA,Nova,,-5,815,1141,77,877,60,348,2024-09-28,25:61,56,4134,599,2.7,1,24,32.8, ,8,No,No,Sprint-9,3477.7,
D0391,Alex,DevOps,10.3,USA,Forge,python,999999,135,405,54,624,90,38,11/02/2024,8PM,87,1044,2461,11.4,9,12,18.0,Success,8,No,Yes,Sprint-4,2811.0,Apache-2.0
D0605,Sam,DevOps,10.9,USA,Forge,Rust,999999,864,3122,182,154,61,303,2024-06-30,8PM,24,140,1075,2.2,26,2,18.2, ,4,No,No,Sprint-7,167.6,Apache-2.0
D0585,Sam,Frontend,11.1,India,Nova, PYTHON,4089,630,3748,110,53,439,112,24/02/2024,00:00,35,2526,1122,1.6,24,8,39.9,Success,6,No,No,Sprint-4,1911.7,GPL
D0174,Sam,Platform,,Germany,Nova,python,2845,7,190,138,999,265,297,2023-04-19,25:61,62,296,1233,2.2,11,30,7.1,Success,3,No,Yes,Sprint-4,3476.4,Apache-2.0
D0584,Taylor,DevOps,,USA,Forge, PYTHON,-5,455,5400,12,164,234,120,2023-03-14,25:61,29,10,1801,9.4,5,12,48.2, ,2,No,No,Sprint-3,4351.3,MIT
D0117,Sam,DevOps,14.9,India,Nova,,-5,997,3586,167,547,245,180,19/12/2024,00:00,73,1879,2825,13.1,16,14,3.9,Success,4,No,No,Sprint-10,3264.4,GPL
D0176,Taylor,Platform,9.1,India,Forge,,-5,912,4164,153,482,355,166,26/02/2023,8PM,16,3168,1540,11.1,30,24,7.6, ,4,No,Yes,Sprint-1,1363.8,
D0103,Alex,Platform,5.5,India,Forge,TypeScript,999999,442,4088,37,591,4,23,08/07/2024,8PM,86,415,978,2.7,19,12,40.2,Success,5,No,No,Sprint-3,3239.7,
D0434,Taylor,DevOps,1.4,USA,Forge,Python,726,726,3950,9,196,199,473,09/09/2023,25:61,8,3725,1834,12.4,24,21,49.4,FAIL,9,No,Yes,Sprint-7,3129.6,MIT
D0559,Taylor,DevOps,,Germany,Forge,,4098,123,1753,4,696,165,386,2025-03-20,00:00,5,1881,728,2.8,26,15,63.9,Failed,6,No,No,Sprint-8,3814.3,GPL
D0308,Chris,Platform,,India,Atlas, PYTHON,999999,36,3827,5,979,173,9,2025-02-02,25:61,33,897,1545,0.2,26,8,70.1,FAIL,10,No,No,Sprint-10,581.7,Apache-2.0
D0519,Sam,AI,,Germany,Nova, PYTHON,4678,189,2398,12,137,97,324,2023-11-19,00:00,58,511,1968,5.1,29,26,44.4,Failed,1,No,Yes,Sprint-4,911.3,GPL
D0559,Sam,AI,,Germany,Nova,Python,-5,776,3778,111,888,89,495,2024-11-29,8PM,93,4460,493,13.0,6,30,22.0, ,6,No,Yes,Sprint-2,2285.4,MIT
D0348,Taylor,AI,,India,Forge,Rust,1067,62,4646,91,267,497,257,2023-01-09,8PM,49,3722,523,0.1,10,21,26.3,Success,3,Yes,No,Sprint-7,4041.0,GPL
D0129,Alex,DevOps,,Germany,Atlas,pyhton,-5,170,3522,50,202,36,378,27/03/2023,00:00,58,636,2949,7.4,26,4,43.3, ,2,Yes,No,Sprint-10,2609.8,Apache-2.0
D0522,Chris,Platform,5.4,India,Atlas, PYTHON,999999,343,1972,88,25,236,252,27/05/2024,25:61,15,1866,1089,10.3,15,15,55.9, ,2,Yes,Yes,Sprint-1,3541.4,MIT
D0220,Alex,AI,0.2,India,Forge,pyhton,4765,31,979,99,316,299,476,2023-03-05,00:00,6,4110,1361,9.5,18,12,2.0,Failed,1,No,No,Sprint-8,4323.6,MIT
D0477, ,DevOps,9.5,India,Forge, PYTHON,999999,310,2663,26,904,444,18,09/09/2024,8PM,5,4498,2121,9.2,0,18,34.2,Failed,3,No,No,Sprint-4,3586.0,MIT
D0234,Chris,Backend,14.4,Germany,Forge, PYTHON,3691,242,2386,131,156,403,272,04/04/2024,25:61,68,3537,690,0.5,17,9,38.5, ,7,No,Yes,Sprint-12,4391.0,
D0405,Sam,Platform,4.8,Germany,Forge,Java,-5,330,4057,66,678,345,339,12/03/2025,25:61,1,948,873,10.9,5,29,50.5,FAIL,6,Yes,No,Sprint-2,1362.0,GPL
D0250,Alex,Frontend,8.9,India,Forge,python,999999,905,1235,49,459,488,250,08/03/2023,25:61,72,4381,2945,1.0,15,27,71.8,Failed,4,Yes,Yes,Sprint-2,4154.8,MIT
D0170, ,Frontend,,USA,Nova,Go,-5,130,1464,55,925,171,52,05/04/2025,25:61,3,3321,671,6.1,7,19,21.5,Failed,0,No,No,Sprint-4,2792.3,MIT
D0097,Sam,DevOps,13.7,Germany,Nova, PYTHON,1289,667,2487,154,635,295,152,2024-12-03,25:61,37,4864,1892,4.4,9,15,7.8, ,7,No,No,Sprint-7,2963.6,GPL
D0207,Taylor,Frontend,2.3,USA,Forge,Java,999999,614,758,85,66,315,7,29/05/2025,00:00,31,665,751,10.6,9,0,33.6,Failed,0,No,No,Sprint-11,3498.3,GPL
D0384,Alex,AI,10.2,India,Forge,TypeScript,-5,400,3724,30,284,255,144,29/03/2023,8PM,24,968,2308,2.8,15,4,40.8, ,3,No,No,Sprint-7,2034.7,
D0532, ,DevOps,,Germany,Nova,pyhton,3473,119,91,122,691,164,164,2023-07-06,25:61,48,746,1159,6.2,4,24,45.6,Failed,0,No,No,Sprint-10,2277.8,
D0231,Sam,DevOps,9.9,India,Nova,Go,999999,849,2130,57,50,177,201,02/09/2023,25:61,96,3100,1728,11.5,2,14,54.7, ,9,No,No,Sprint-12,1799.0,GPL
D0312,Alex,Backend,1.1,Germany,Nova,pyhton,-5,162,2074,25,245,90,294,09/06/2025,25:61,62,502,1192,3.6,11,4,71.8,Success,9,No,Yes,Sprint-12,79.9,Apache-2.0
D0131, ,AI,5.1,USA,Nova,TypeScript,4047,399,3208,196,70,483,407,02/02/2024,00:00,39,3565,1822,13.3,6,21,39.8,Success,2,Yes,Yes,Sprint-5,4349.2,
D0025,Chris,Platform,,India,Atlas, PYTHON,999999,305,843,48,113,373,181,30/10/2024,25:61,76,402,2004,5.5,13,7,49.3,Failed,7,Yes,Yes,Sprint-6,758.3,GPL
D0108,Alex,Frontend,,USA,Forge,Rust,1756,546,3798,127,702,187,437,03/07/2024,00:00,35,3248,50,8.6,12,0,42.4,Success,4,Yes,Yes,Sprint-5,1786.9,
D0056, ,Platform,2.9,Germany,Atlas,python,-5,22,5797,129,606,366,142,2023-11-06,25:61,16,-22,1934,9.9,12,2,39.6,Success,1,No,Yes,Sprint-7,370.4,
D0524,Sam,AI,6.2,USA,Nova,Python,3842,70,943,57,673,315,188,28/09/2024,25:61,46,-43,1383,3.8,0,7,19.8,Success,0,Yes,No,Sprint-1,1844.0,MIT
D0465,Alex,DevOps,8.6,USA,Nova,Python,1976,209,818,179,625,370,115,10/01/2023,00:00,77,32,1663,4.2,17,6,44.8,Success,3,Yes,Yes,Sprint-9,143.2,GPL
D0048, ,Frontend,8.7,USA,Nova,Python,1316,495,4197,158,674,471,240,2023-08-03,8PM,66,419,297,3.6,19,15,13.6, ,0,Yes,Yes,Sprint-3,4216.4,GPL
D0237,Chris,Frontend,5.3,Germany,Nova,python,4881,292,5778,12,691,22,81,06/05/2025,8PM,51,2974,2880,2.0,19,13,25.6,Success,5,Yes,No,Sprint-5,294.9,GPL
D0582,Chris,Backend,8.0,USA,Forge,TypeScript,-5,461,2906,16,803,210,437,09/06/2023,00:00,72,1722,2852,1.4,28,2,67.1, ,2,Yes,Yes,Sprint-5,2884.7,GPL
D0180,Sam,AI,2.3,Germany,Forge,TypeScript,3791,424,4317,175,56,214,413,2023-04-12,8PM,42,4315,1758,11.9,27,0,37.1,Success,7,No,Yes,Sprint-9,1646.4,Apache-2.0
D0308,Alex,Platform,0.0,USA,Nova,,-5,461,1622,115,679,194,438,15/01/2023,00:00,73,293,2643,11.8,6,11,1.6,Success,4,Yes,Yes,Sprint-8,2641.6,GPL
D0589,Sam,DevOps,5.9,Germany,Forge,TypeScript,999999,628,4070,8,255,392,8,2023-01-26,8PM,47,352,2097,3.0,22,2,57.2, ,9,No,No,Sprint-4,3587.2,Apache-2.0
D0607,Taylor,DevOps,4.2,Germany,Nova,Go,4969,322,5665,81,280,198,366,29/09/2024,00:00,25,4201,195,2.4,15,14,48.5,FAIL,9,No,Yes,Sprint-5,2385.0,Apache-2.0
D0130,Alex,AI,8.6,USA,Atlas, PYTHON,999999,61,4233,198,683,453,349,2024-02-16,00:00,46,2012,2690,0.3,19,29,37.4, ,4,Yes,Yes,Sprint-6,3686.8,GPL
D0600,Taylor,Platform,12.2,USA,Forge, PYTHON,999999,337,4897,36,50,204,500,2024-01-15,25:61,29,4151,483,6.0,6,10,43.4,Success,1,No,Yes,Sprint-8,4707.5,GPL
D0189,Sam,AI,7.1,India,Atlas,pyhton,999999,553,2259,39,169,300,97,2023-03-23,8PM,47,3905,1678,4.4,6,7,28.2, ,5,No,Yes,Sprint-9,873.0,Apache-2.0
D0528,Chris,Platform,8.1,USA,Nova,TypeScript,999999,816,2297,32,710,180,289,29/07/2024,25:61,1,949,2753,0.2,16,3,31.2, ,3,No,No,Sprint-12,3545.0,Apache-2.0
D0291,Sam,Backend,,India,Forge,pyhton,-5,511,156,66,426,356,358,2024-11-28,25:61,84,1262,2399,13.4,18,27,53.2,FAIL,7,Yes,No,Sprint-8,1536.2,Apache-2.0
D0298,Sam,DevOps,,Germany,Nova,pyhton,4802,64,3437,74,814,324,49,13/01/2024,00:00,45,525,368,4.6,27,22,54.5,Success,2,No,No,Sprint-10,3357.2,MIT
D0075,Taylor,Backend,,Germany,Nova,TypeScript,-5,934,5738,163,275,178,139,23/08/2023,8PM,88,2334,231,10.9,1,21,34.7,FAIL,1,No,No,Sprint-11,3310.6,Apache-2.0
D0516,Chris,Backend,0.6,USA,Atlas,pyhton,-5,765,3486,83,58,369,47,2023-09-17,00:00,31,4437,1339,0.7,18,28,45.5,Success,8,No,No,Sprint-3,2217.7,GPL
D0398,Chris,Platform,3.2,Germany,Forge,Python,-5,54,4003,110,882,321,390,05/06/2025,8PM,63,1162,520,11.6,26,4,29.6,Failed,0,Yes,No,Sprint-3,1687.9,GPL
D0409,Sam,DevOps,,USA,Forge,Go,999999,329,5211,176,163,10,336,20/04/2024,25:61,30,4512,188,7.3,2,0,10.6,FAIL,5,No,No,Sprint-1,4035.3,Apache-2.0
D0511,Sam,AI,3.4,Germany,Atlas,Go,999999,53,2489,182,785,435,86,2024-02-28,8PM,56,2356,1432,0.3,22,30,27.4,Success,7,Yes,Yes,Sprint-6,1700.2,GPL
D0185, ,AI,,USA,Nova,,2732,335,3416,9,630,441,170,17/09/2024,25:61,38,3529,1788,7.1,6,4,47.0,Success,2,No,Yes,Sprint-10,1815.1,GPL
D0357,Taylor,Platform,,India,Forge,Go,999999,334,159,190,595,322,1,2023-11-28,8PM,39,3198,2131,5.0,11,18,7.4,Success,1,No,No,Sprint-5,1414.4,Apache-2.0
D0595,Sam,DevOps,,India,Atlas,python,999999,749,170,44,345,110,168,2023-06-28,00:00,62,71,120,0.1,15,27,19.1,FAIL,4,Yes,Yes,Sprint-1,1000.5,MIT
D0264, ,Frontend,,USA,Atlas,pyhton,1684,126,3077,188,324,331,397,03/06/2023,25:61,62,2600,2060,13.4,17,15,45.0,Failed,1,No,Yes,Sprint-1,1475.0,MIT
D0143,Sam,AI,2.5,India,Forge,TypeScript,999999,904,1184,77,108,299,214,2024-05-04,8PM,19,3630,207,13.0,5,8,8.9,Success,10,Yes,No,Sprint-6,672.0,MIT
D0304,Sam,AI,13.0,India,Nova,Python,999999,52,1640,130,761,473,33,2023-07-09,25:61,68,3389,2401,6.3,10,23,50.1,FAIL,5,No,No,Sprint-2,4668.1,
D0456,Alex,Backend,,India,Forge, PYTHON,999999,941,2497,2,376,55,324,2023-09-02,8PM,74,231,700,5.3,19,29,27.3,Success,10,No,No,Sprint-6,2299.4,MIT
D0611,Sam,Platform,,USA,Nova,Java,3666,266,5529,154,235,72,401,15/04/2023,8PM,45,3386,1990,3.7,18,8,41.6,Success,6,No,No,Sprint-6,3355.3,Apache-2.0
D0113,Sam,Frontend,,USA,Forge,Java,-5,489,494,104,958,42,250,02/10/2023,8PM,80,980,2604,0.5,29,15,21.2,FAIL,2,Yes,Yes,Sprint-8,2191.2,GPL
D0427,Alex,AI,9.9,USA,Forge,Go,4477,181,423,2,142,45,452,2023-08-10,00:00,15,3199,1091,13.5,3,12,46.9, ,8,No,Yes,Sprint-11,3179.6,GPL
D0201,Sam,Backend,7.8,USA,Forge,,474,822,1597,124,762,454,443,2023-01-05,00:00,63,4375,2453,3.9,24,20,17.9,Failed,4,No,No,Sprint-10,4704.0,
D0272,Sam,Frontend,,USA,Atlas,TypeScript,999999,211,1257,48,894,467,97,14/07/2024,8PM,15,1152,2847,4.1,3,23,19.1,Failed,1,No,Yes,Sprint-6,4722.8,MIT
D0297,Chris,DevOps,10.4,USA,Atlas,Rust,999999,587,626,64,601,437,53,2024-03-19,25:61,66,1029,2640,13.4,20,22,37.4,Failed,8,No,Yes,Sprint-9,1532.3,GPL
D0193,Alex,AI,7.8,India,Forge,Go,-5,663,2726,91,544,488,130,2023-07-29,00:00,82,4797,1173,13.6,16,6,26.8,Success,5,No,No,Sprint-8,1555.9,MIT
D0038, ,AI,5.5,India,Forge,Rust,-5,109,3008,87,875,44,16,16/12/2023,25:61,49,16,2133,7.4,1,29,58.6, ,0,No,Yes,Sprint-10,4514.2,GPL
D0441,Chris,Frontend,1.1,Germany,Forge,python,999999,718,4269,138,37,352,317,2024-12-25,00:00,89,3309,2857,2.7,3,2,5.7,Failed,2,No,Yes,Sprint-2,4963.3,
D0140, ,Backend,6.5,India,Forge,Python,-5,548,3713,153,898,246,189,14/04/2025,00:00,4,172,399,11.8,9,12,36.5, ,5,Yes,Yes,Sprint-3,2505.4,GPL
D0597,Sam,Frontend,6.7,Germany,Nova,pyhton,999999,345,4591,25,923,293,322,29/02/2024,00:00,45,921,306,7.8,4,13,66.6,Success,9,No,No,Sprint-7,719.8,GPL
D0014,Taylor,AI,4.8,India,Forge,,2101,825,4013,80,536,123,100,2023-07-15,25:61,28,1176,576,6.7,14,19,33.4,Failed,1,No,Yes,Sprint-2,4036.0,
D0434,Chris,Backend,3.5,India,Atlas,Rust,1293,266,2236,144,578,145,315,2025-01-31,8PM,34,2084,235,9.3,1,22,33.8, ,9,No,No,Sprint-3,3177.4,MIT
D0463,Taylor,DevOps,,Germany,Nova,Python,1015,269,2314,79,26,5,401,21/06/2023,25:61,2,35,1982,9.1,22,23,31.9,FAIL,1,No,No,Sprint-12,4308.2,MIT
D0382,Alex,Backend,,USA,Nova,Java,-5,988,2893,83,449,354,287,2023-12-30,00:00,25,4299,2609,0.5,15,16,20.4,Failed,10,Yes,Yes,Sprint-6,813.1,
D0261, ,Frontend,8.7,Germany,Atlas, PYTHON,999999,881,1788,112,237,66,373,21/02/2024,8PM,18,2639,1970,9.1,2,23,66.4,Failed,10,Yes,No,Sprint-7,1836.3,MIT
D0153,Chris,AI,,USA,Atlas,Rust,591,254,1004,164,447,460,27,2025-02-12,8PM,27,4554,2227,4.7,3,13,3.9, ,7,No,Yes,Sprint-8,3254.9,MIT
D0390,Chris,AI,0.7,India,Forge,python,999999,714,4896,55,50,79,129,2025-03-10,8PM,21,2877,1701,11.1,16,4,13.3, ,1,Yes,No,Sprint-6,1798.0,MIT
D0676, ,Backend,5.8,India,Atlas,Go,-5,374,3312,182,654,495,489,2024-04-04,25:61,18,2681,2879,7.5,5,2,32.6, ,1,Yes,Yes,Sprint-7,4142.7,Apache-2.0
D0252,Taylor,Backend,3.4,Germany,Forge,Rust,999999,546,4994,177,860,202,9,25/02/2023,00:00,62,200,2153,13.1,9,16,41.7, ,0,Yes,Yes,Sprint-12,1577.6,MIT
D0480, ,AI,,Germany,Atlas,Java,999999,583,5385,67,565,97,216,05/05/2025,25:61,29,3543,2908,8.0,11,7,12.1, ,10,Yes,Yes,Sprint-6,486.4,GPL
D0217,Chris,AI,13.8,USA,Nova,Go,-5,163,3195,69,808,308,159,18/03/2025,25:61,9,3993,712,11.8,24,30,30.4,Failed,4,No,No,Sprint-2,3774.1,MIT
D0402,Chris,Frontend,6.6,USA,Atlas,python,999999,258,5383,179,20,105,206,2023-06-24,00:00,36,118,2267,13.8,10,14,56.6,Failed,4,Yes,Yes,Sprint-5,3043.8,GPL
D0318,Chris,Platform,9.4,India,Nova,Python,-5,719,2000,109,910,263,189,2023-12-15,00:00,1,570,440,7.3,18,25,43.9,FAIL,2,Yes,Yes,Sprint-9,3422.4,GPL
D0160, ,Backend,9.5,India,Forge,TypeScript,3784,363,100,91,268,166,34,09/11/2024,8PM,22,3938,1716,6.4,28,6,58.0,Failed,2,Yes,No,Sprint-12,116.5,GPL
D0356, ,AI,3.6,India,Atlas,,2879,812,3502,127,460,321,362,31/08/2023,25:61,92,4585,351,3.8,21,11,57.2,Success,6,No,Yes,Sprint-9,1601.8,
D0265,Sam,Frontend,,India,Forge,Rust,3151,604,3194,137,817,320,389,17/01/2024,8PM,48,3357,1244,3.6,17,25,46.4,FAIL,9,No,No,Sprint-5,4546.2,
D0420,Chris,DevOps,,USA,Atlas,pyhton,1369,121,4920,23,512,202,153,2024-11-01,8PM,67,4477,1718,4.4,19,28,8.0, ,5,No,No,Sprint-2,3422.7,GPL
D0677,Sam,Backend,,India,Nova,Java,-5,875,4513,114,504,422,419,22/06/2024,00:00,94,84,1953,8.5,30,6,63.4,Success,7,Yes,Yes,Sprint-2,1859.7,MIT
D0118,Alex,DevOps,,Germany,Forge, PYTHON,-5,697,76,90,75,53,379,2024-12-17,25:61,96,1971,2162,5.6,18,7,38.3,Success,5,No,No,Sprint-7,4911.4,MIT
D0047,Taylor,Backend,,Germany,Forge,Go,999999,281,2400,108,58,149,125,28/01/2024,25:61,9,701,2145,2.5,6,11,55.7, ,1,Yes,No,Sprint-4,3337.7,Apache-2.0
D0266,Alex,Frontend,,Germany,Forge,pyhton,4979,335,3619,199,3,381,4,24/09/2023,25:61,19,3028,2677,6.2,30,19,48.3,FAIL,9,Yes,No,Sprint-12,2112.9,
D0068,Alex,Frontend,,USA,Nova,Python,999999,255,1287,3,190,331,386,2024-07-27,00:00,77,4595,1875,6.9,21,21,18.6, ,0,No,Yes,Sprint-9,4781.4,GPL
D0665,Chris,Frontend,1.1,India,Atlas,pyhton,999999,637,93,17,684,198,448,2023-02-13,8PM,19,2698,893,11.3,30,2,11.9,Success,7,No,Yes,Sprint-8,4203.0,Apache-2.0
D0022,Alex,Backend,9.9,USA,Atlas, PYTHON,1137,701,2445,111,520,44,72,09/03/2024,25:61,43,3308,2760,0.3,11,24,43.1,Success,0,Yes,No,Sprint-9,2722.8,Apache-2.0
D0550,Chris,Frontend,,Germany,Atlas,Java,1765,518,5444,165,495,476,338,2024-08-14,8PM,3,2412,897,6.3,28,23,47.8,FAIL,9,Yes,No,Sprint-7,82.9,GPL
D0008,Sam,Backend,1.5,Germany,Forge,Rust,-5,463,2996,195,318,55,277,30/07/2023,00:00,80,1182,1223,3.0,19,25,17.6,Success,5,Yes,Yes,Sprint-6,3388.0,MIT
D0648,Sam,Platform,,India,Atlas,Java,999999,390,746,173,81,365,325,2023-03-27,8PM,11,2534,608,8.9,5,14,34.0,Success,2,Yes,Yes,Sprint-11,537.0,MIT
D0198,Taylor,Frontend,2.1,India,Nova,Go,3808,97,5968,128,648,200,413,2025-01-01,00:00,5,2717,1374,13.1,26,18,4.1,Failed,10,Yes,No,Sprint-4,172.0,Apache-2.0
D0584, ,AI,,Germany,Atlas,,999999,11,1424,135,875,396,128,14/01/2024,8PM,46,663,308,7.8,7,24,54.8, ,8,No,Yes,Sprint-4,317.5,MIT
D0368,Alex,DevOps,1.5,USA,Forge,,999999,143,2790,96,233,171,489,19/11/2024,25:61,89,1240,955,11.5,16,16,47.9,Success,10,No,Yes,Sprint-9,2993.9,
D0383,Alex,Platform,9.8,USA,Nova,,-5,20,693,8,816,230,270,08/12/2024,00:00,68,835,125,5.0,27,14,50.5, ,9,Yes,Yes,Sprint-4,3017.2,GPL
D0225,Alex,Platform,7.1,USA,Nova,Rust,-5,502,4890,192,521,433,245,17/03/2023,25:61,24,1046,688,7.0,23,9,16.5, ,5,Yes,No,Sprint-1,2964.9,Apache-2.0
D0015,Alex,Backend,,USA,Forge,Rust,-5,351,3389,99,787,46,163,2023-06-21,8PM,62,4572,2515,4.5,17,11,12.1,Failed,5,No,No,Sprint-4,2778.5,MIT
D0503,Chris,Frontend,,USA,Atlas,,-5,913,5120,15,216,302,83,2024-09-27,25:61,42,1462,2446,1.3,18,28,53.8,Success,5,Yes,No,Sprint-2,49.2,MIT
D0619, ,AI,0.3,India,Nova,TypeScript,49,790,1140,153,377,253,144,2024-07-21,8PM,41,3549,2284,5.1,27,1,20.1,Failed,6,No,Yes,Sprint-9,4841.8,GPL
D0273,Alex,AI,,USA,Nova,TypeScript,999999,809,58,51,592,106,280,2024-08-09,00:00,18,762,1308,5.2,13,24,44.6,Success,9,Yes,No,Sprint-3,4862.2,GPL
D0646,Taylor,Frontend,14.4,India,Nova,,4246,310,213,28,335,424,154,2023-01-26,25:61,11,3768,1344,12.4,2,8,32.8,Success,5,Yes,No,Sprint-3,4794.3,MIT
D0480,Alex,Backend,,India,Forge,python,999999,702,937,42,519,188,488,2024-07-04,25:61,44,2056,653,0.5,19,14,65.6,Failed,2,Yes,No,Sprint-10,3220.7,
D0100,Sam,Backend,,India,Atlas,Go,3933,688,596,198,600,479,239,19/04/2025,25:61,8,4211,1021,8.9,2,12,55.4,Failed,1,No,No,Sprint-8,3534.3,MIT
D0632, ,AI,,USA,Forge,,999999,494,1227,140,501,62,445,01/12/2024,8PM,100,4358,1385,3.0,5,16,45.5, ,7,Yes,Yes,Sprint-9,262.1,
D0676,Sam,DevOps,,India,Forge, PYTHON,-5,380,1936,190,590,98,495,22/04/2025,25:61,9,2272,1544,1.4,30,27,43.5,FAIL,2,Yes,Yes,Sprint-4,2946.4,Apache-2.0
D0645,Taylor,Platform,7.0,India,Nova,python,244,689,1750,69,416,458,134,2025-05-20,25:61,96,3093,1256,7.7,30,24,22.3,FAIL,9,No,No,Sprint-1,442.2,
D0567,Alex,Frontend,,Germany,Nova,TypeScript,-5,290,61,34,236,173,382,23/02/2025,25:61,82,144,2220,4.3,29,24,21.8,Failed,2,Yes,Yes,Sprint-4,295.3,Apache-2.0
D0528,Chris,Backend,,USA,Atlas,pyhton,355,212,1736,124,613,195,68,2023-07-24,25:61,28,204,2331,8.4,27,2,14.2,Success,7,No,Yes,Sprint-2,917.8,
D0695,Sam,AI,,Germany,Atlas,Java,-5,64,5493,62,357,440,150,2024-12-07,8PM,46,2655,2365,8.5,1,3,35.1,Success,0,Yes,Yes,Sprint-1,3619.8,Apache-2.0
D0524, ,Frontend,,Germany,Forge,,999999,337,5551,22,623,216,281,2024-02-01,25:61,83,3273,1235,3.1,8,23,70.3,Success,7,Yes,Yes,Sprint-3,2886.4,
D0297,Alex,Frontend,14.3,Germany,Forge,TypeScript,999999,924,5717,39,380,130,428,2023-03-03,8PM,41,3767,2673,6.4,2,9,22.2,Success,0,No,Yes,Sprint-4,254.0,
D0630,Sam,Platform,1.9,USA,Atlas,Go,-5,714,3630,19,483,165,415,06/04/2025,25:61,49,4883,2677,5.4,17,10,55.5,Success,1,No,No,Sprint-2,2130.1,MIT
D0348,Chris,AI,1.6,Germany,Forge,Rust,3223,407,2789,106,685,352,376,2025-06-17,25:61,43,2755,2685,9.1,22,27,42.9,FAIL,9,No,No,Sprint-3,4052.5,MIT
D0167, ,Backend,12.0,India,Nova,python,4687,541,3164,152,12,258,296,2024-08-15,25:61,79,4263,2548,12.0,15,30,7.6,FAIL,9,Yes,No,Sprint-5,1229.3,MIT
D0138,Chris,Platform,11.8,India,Atlas,TypeScript,-5,309,1870,126,770,106,165,2023-08-10,25:61,42,4227,2065,2.2,26,23,10.6,Success,2,No,No,Sprint-3,4738.9,GPL
D0351, ,Backend,,India,Atlas, PYTHON,-5,723,4223,42,401,75,446,2023-05-25,00:00,4,4026,1902,10.6,28,25,50.6,FAIL,10,No,No,Sprint-8,4121.5,MIT
D0378,Alex,Backend,4.3,Germany,Atlas,Python,3153,72,4793,40,201,139,422,24/12/2023,00:00,42,3548,1116,13.2,20,8,66.8,Success,10,Yes,No,Sprint-10,416.9,GPL
D0421,Sam,Platform,11.7,India,Nova,python,4127,190,1459,8,635,116,64,2025-04-23,25:61,71,766,266,11.9,12,7,25.5,Failed,7,Yes,Yes,Sprint-6,1748.6,GPL
D0318,Chris,Backend,,Germany,Nova,pyhton,4249,167,2897,160,987,114,212,15/01/2024,25:61,33,1117,718,11.6,18,3,63.6,Failed,3,Yes,Yes,Sprint-12,703.4,MIT
D0664,Alex,Backend,2.3,Germany,Nova,Java,1265,96,3443,112,529,296,44,2025-04-27,8PM,80,1488,2240,9.4,0,10,42.0,Failed,9,No,No,Sprint-2,3581.2,Apache-2.0
D0519,Taylor,Platform,,India,Atlas,python,3176,999,1134,21,911,498,388,14/10/2024,25:61,4,3319,2794,0.6,22,24,4.9,FAIL,9,Yes,Yes,Sprint-9,2496.8,MIT
D0660,Sam,Frontend,,India,Nova,Go,-5,943,242,149,625,296,336,2023-05-08,00:00,71,1112,2283,5.5,8,14,21.6, ,5,Yes,Yes,Sprint-2,922.0,Apache-2.0
D0146, ,DevOps,9.1,Germany,Forge,Java,-5,272,2214,172,13,424,16,2024-09-09,8PM,95,2280,1763,0.7,26,19,3.8,Success,4,Yes,No,Sprint-6,2355.7,MIT
D0411, ,AI,,Germany,Forge,Rust,999999,165,1565,29,228,122,314,19/06/2024,00:00,96,3638,2831,9.8,8,3,6.5,Failed,6,Yes,Yes,Sprint-8,2958.0,MIT
D0694,Taylor,DevOps,,India,Forge,Java,-5,419,1641,28,77,96,353,2025-03-21,25:61,17,2132,297,12.4,10,7,60.4, ,6,Yes,Yes,Sprint-4,4241.8,Apache-2.0
D0658,Alex,Frontend,,India,Atlas,,3677,796,4934,58,661,38,287,15/07/2024,00:00,15,2043,1000,10.2,19,7,22.9,Success,3,No,No,Sprint-4,2880.0,Apache-2.0
D0256,Taylor,Backend,10.8,USA,Forge,,999999,658,5745,139,443,237,36,29/09/2024,00:00,79,3299,375,5.7,4,23,15.8,Failed,7,No,Yes,Sprint-7,994.4,
D0681,Sam,Platform,,Germany,Nova,Python,3662,259,3502,115,250,144,274,2023-06-22,00:00,68,4749,1983,10.1,19,10,34.2,FAIL,8,No,Yes,Sprint-4,2087.4,Apache-2.0
D0655,Taylor,Platform,,India,Nova,Java,931,434,3618,82,660,199,61,08/08/2023,8PM,47,1256,806,6.5,20,6,7.1,Success,9,No,Yes,Sprint-6,1091.9,GPL
D0485, ,Frontend,7.8,Germany,Nova,,999999,469,1775,137,288,363,469,2023-07-23,25:61,28,2753,2613,1.6,13,23,33.4, ,9,Yes,No,Sprint-11,3924.8,MIT
D0394,Sam,AI,,Germany,Atlas,python,999999,223,1973,50,726,329,480,2023-01-24,25:61,31,326,47,12.8,10,22,47.3,Failed,0,Yes,No,Sprint-12,3716.7,GPL
D0328,Taylor,DevOps,,USA,Atlas,Go,-5,645,3456,22,474,38,256,2025-04-18,25:61,30,4296,2678,5.4,15,4,14.3,FAIL,6,Yes,No,Sprint-3,2846.2,GPL
D0182,Chris,Backend,,India,Forge,pyhton,-5,190,119,86,53,103,225,2025-04-12,8PM,88,3086,1609,3.5,27,29,38.1,Success,2,Yes,No,Sprint-9,106.2,
D0083,Sam,Backend,8.5,USA,Forge, PYTHON,999999,614,656,167,971,461,65,2025-06-13,25:61,31,3405,320,11.6,30,13,40.7,Success,5,No,Yes,Sprint-10,2001.0,MIT
D0276,Chris,Platform,,Germany,Forge,Java,2373,21,2416,1,591,411,351,2025-01-30,25:61,45,2550,2864,9.2,16,17,30.3,Success,3,Yes,No,Sprint-11,2764.1,Apache-2.0
D0495,Taylor,Platform,,India,Nova,Python,-5,878,1457,119,244,373,57,11/06/2025,8PM,74,1787,932,5.6,21,2,71.7,FAIL,7,No,No,Sprint-11,1959.5,Apache-2.0
D0621,Alex,DevOps,2.1,USA,Forge,python,999999,365,757,165,163,33,164,16/05/2023,8PM,7,3618,305,2.1,0,5,46.1, ,3,Yes,No,Sprint-3,2378.7,Apache-2.0
D0241, ,Platform,2.7,USA,Forge,Python,2734,138,4073,61,895,80,263,15/06/2023,8PM,46,3147,96,1.5,10,5,25.9, ,9,Yes,Yes,Sprint-10,3108.9,GPL
D0589, ,Platform,5.4,USA,Atlas,pyhton,-5,993,949,106,686,141,120,03/03/2024,00:00,4,1645,310,4.3,28,18,36.2,Success,4,Yes,Yes,Sprint-3,3844.3,GPL
D0590,Sam,AI,7.0,Germany,Forge, PYTHON,999999,781,1282,126,909,18,381,2023-05-10,00:00,63,4073,1385,10.6,16,28,6.2,Failed,1,No,No,Sprint-3,736.7,
D0004,Taylor,Platform,,USA,Nova,pyhton,-5,947,347,65,309,485,108,04/07/2023,8PM,5,2888,532,9.5,21,29,41.5, ,2,Yes,Yes,Sprint-11,338.9,GPL
D0106, ,Frontend,,Germany,Forge,Java,-5,497,1969,135,693,438,271,26/07/2024,8PM,27,742,1297,2.9,24,18,14.9,Success,3,Yes,Yes,Sprint-10,1033.6,
D0583, ,Frontend,7.0,India,Atlas,Java,4808,310,5451,178,426,199,209,2024-03-27,00:00,95,893,1124,5.1,5,1,0.3,Failed,8,Yes,Yes,Sprint-7,4112.3,Apache-2.0
D0223,Taylor,AI,2.2,Germany,Forge,pyhton,999999,446,119,37,550,100,427,07/06/2025,00:00,69,4433,1864,7.3,20,12,43.3,FAIL,10,No,Yes,Sprint-7,681.5,
D0267,Taylor,Backend,,USA,Forge,python,231,154,4514,126,192,441,124,2024-04-26,00:00,94,1631,1719,4.8,6,20,16.3,FAIL,8,Yes,Yes,Sprint-2,2342.2,GPL
D0179, ,DevOps,6.0,USA,Forge,pyhton,4863,762,2307,169,945,161,81,04/09/2023,8PM,65,629,2917,1.0,24,15,56.2,Success,4,No,No,Sprint-11,4246.0,MIT
D0224,Alex,DevOps,,Germany,Atlas,Python,999999,740,907,129,741,48,315,2023-05-16,8PM,53,474,915,3.4,29,13,49.1, ,8,Yes,No,Sprint-10,359.8,MIT
D0624,Sam,Backend,9.2,India,Atlas,pyhton,999999,249,4036,153,21,102,221,19/04/2023,8PM,26,1848,2287,10.4,19,29,52.2,Failed,10,Yes,Yes,Sprint-6,886.1,Apache-2.0
D0624,Chris,DevOps,,Germany,Nova,Go,-5,848,120,169,693,152,467,21/03/2025,25:61,6,2482,2033,13.2,25,26,63.5,Success,10,No,No,Sprint-1,3317.5,GPL
D0504, ,DevOps,5.4,USA,Forge, PYTHON,999999,113,4721,119,349,136,352,2024-12-30,8PM,78,2329,1197,9.1,28,1,29.5,Failed,1,No,No,Sprint-10,4406.9,MIT
D0377,Alex,Frontend,1.9,USA,Forge,python,-5,19,3872,2,809,126,33,2024-01-05,8PM,49,-49,1152,8.9,10,15,19.1,Failed,6,No,No,Sprint-1,4631.8,GPL
D0355,Alex,Frontend,2.2,India,Atlas,TypeScript,999999,283,772,68,726,261,131,2024-01-30,25:61,80,4646,1410,8.7,29,2,64.5,Success,1,Yes,Yes,Sprint-9,442.6,GPL
D0250, ,Backend,8.4,India,Forge,Java,999999,50,5268,63,707,38,339,31/05/2023,25:61,21,1426,1039,12.5,9,25,35.1,Failed,0,Yes,Yes,Sprint-2,3013.5,GPL
D0386,Alex,AI,,Germany,Atlas,,999999,484,5772,99,24,19,497,2023-03-17,8PM,54,2549,2672,10.9,11,26,55.5,FAIL,7,Yes,No,Sprint-1,1774.1,GPL
D0384,Alex,AI,6.8,USA,Forge,Python,1833,295,291,83,318,486,285,13/09/2024,25:61,79,1974,2526,7.9,29,21,29.6,FAIL,6,No,No,Sprint-10,1605.8,GPL
D0279,Alex,AI,10.0,India,Atlas,Go,1420,637,5204,15,234,271,319,2023-09-08,8PM,13,1365,2966,7.2,4,27,20.9,Failed,7,Yes,Yes,Sprint-6,1340.0,Apache-2.0
D0602,Chris,Frontend,12.7,Germany,Atlas,TypeScript,914,907,5227,74,238,438,184,02/10/2024,8PM,98,1279,1905,7.4,10,19,19.2,FAIL,0,No,Yes,Sprint-5,4467.5,MIT
D0018,Alex,Backend,9.7,USA,Nova,,2340,966,5645,79,649,24,5,2024-10-12,8PM,65,2175,732,4.6,11,6,48.1,FAIL,10,No,Yes,Sprint-1,2421.5,MIT
D0036,Alex,Platform,,India,Forge, PYTHON,999999,150,1035,81,536,348,341,14/03/2023,8PM,3,1567,1223,1.5,6,6,3.9,Success,8,No,No,Sprint-8,3364.7,Apache-2.0
D0281,Alex,Platform,,India,Forge, PYTHON,-5,895,5958,81,525,100,412,2025-01-22,8PM,84,3352,921,1.3,11,30,7.3,Success,0,Yes,Yes,Sprint-2,1549.4,GPL
D0382,Chris,Frontend,11.9,USA,Forge,,2126,865,1185,45,571,408,178,2025-05-15,8PM,41,3236,151,8.6,21,14,40.2,Failed,1,Yes,No,Sprint-8,144.5,Apache-2.0
D0260, ,Backend,2.4,USA,Forge,Java,-5,624,5077,84,571,139,263,27/12/2024,25:61,35,4497,311,0.9,16,6,61.7, ,8,No,Yes,Sprint-12,430.4,Apache-2.0
D0481,Alex,DevOps,8.1,India,Forge,Rust,3801,221,4770,159,591,47,450,2023-05-26,8PM,93,3022,1008,2.3,16,8,71.6,Success,8,Yes,No,Sprint-9,4304.3,GPL
D0549, ,Platform,,India,Atlas,TypeScript,999999,673,21,29,263,31,472,2023-02-16,25:61,15,2517,2543,9.4,6,4,54.5,Failed,2,No,No,Sprint-1,2248.7,
D0290,Taylor,Backend,,India,Atlas,Python,-5,850,383,98,966,164,455,2025-05-26,8PM,94,1931,381,6.2,17,14,53.0, ,7,Yes,Yes,Sprint-4,3730.2,
D0401,Sam,Frontend,3.5,Germany,Forge,Rust,-5,747,699,37,589,451,281,2024-11-12,25:61,91,3206,2787,6.6,12,19,64.7,FAIL,0,No,No,Sprint-2,684.2,Apache-2.0
D0478,Alex,AI,,USA,Nova,Rust,-5,752,1584,139,104,33,477,2025-01-20,25:61,41,3060,1571,9.5,17,20,10.0,Success,8,Yes,Yes,Sprint-9,3732.9,MIT
D0032, ,Frontend,5.9,India,Atlas,Java,4840,207,3837,145,159,169,258,19/01/2025,8PM,46,2760,2168,0.7,23,1,42.9,Failed,10,No,Yes,Sprint-10,964.6,
D0285,Alex,AI,9.3,USA,Nova,,1461,673,5210,130,263,49,278,2023-04-07,00:00,43,2245,1230,3.3,22,11,18.6,FAIL,4,Yes,No,Sprint-5,2637.0,GPL
D0654,Sam,Platform,14.3,Germany,Atlas, PYTHON,-5,949,1677,12,917,365,360,2024-11-15,00:00,39,890,2716,0.5,29,14,32.0,FAIL,6,Yes,Yes,Sprint-8,634.4,Apache-2.0
D0614,Chris,Backend,,USA,Atlas,Rust,427,53,3864,95,262,367,465,2023-10-16,25:61,10,4601,752,2.9,18,0,64.5, ,1,No,No,Sprint-3,1586.8,GPL
D0056,Chris,Backend,,Germany,Nova,Rust,999999,751,3522,63,111,74,138,14/06/2024,25:61,7,2150,2482,0.2,8,6,71.1,FAIL,5,Yes,No,Sprint-2,2965.9,Apache-2.0
D0433,Alex,Frontend,0.8,India,Atlas,Rust,999999,444,719,122,672,202,476,19/08/2024,8PM,79,943,2635,8.6,8,9,63.9,Success,4,No,No,Sprint-5,2272.7,MIT
D0300, ,Backend,7.2,India,Forge,Go,-5,742,3406,90,493,245,23,13/09/2023,25:61,31,362,2062,0.4,24,26,43.9,Failed,4,Yes,Yes,Sprint-8,4595.9,GPL
D0328,Chris,Frontend,,USA,Atlas, PYTHON,999999,213,180,14,692,299,65,21/05/2024,25:61,41,845,597,2.2,20,25,46.8,FAIL,2,Yes,No,Sprint-3,1886.6,GPL
D0399, ,AI,,India,Forge,Java,1136,871,960,24,504,144,88,18/04/2023,8PM,26,3435,2383,6.0,28,16,67.9,FAIL,8,Yes,Yes,Sprint-12,4874.6,GPL
D0617, ,DevOps,,USA,Nova,Rust,-5,166,3202,39,352,495,194,25/12/2023,00:00,79,4185,1095,2.7,14,16,16.2,FAIL,6,Yes,No,Sprint-9,3594.6,Apache-2.0
D0557,Chris,Backend,,USA,Atlas,Python,999999,0,5799,48,301,316,172,15/08/2023,8PM,62,1046,276,3.6,22,7,13.3,Failed,2,Yes,Yes,Sprint-2,4967.5,MIT
D0657,Alex,Platform,3.9,Germany,Atlas,,-5,251,34,187,342,191,390,07/04/2024,8PM,17,132,1809,2.5,0,23,52.7, ,6,Yes,No,Sprint-7,3641.7,
D0596,Chris,AI,,USA,Forge,,-5,708,5092,57,994,266,83,01/06/2024,00:00,15,406,1592,11.3,25,27,44.6,FAIL,1,No,Yes,Sprint-10,1823.6,GPL
D0528,Taylor,Frontend,10.9,India,Forge,Java,3962,26,3990,136,224,276,182,2024-03-22,25:61,78,3655,289,11.2,11,7,6.0,Success,0,No,No,Sprint-1,1740.9,
D0251,Sam,Frontend,6.9,USA,Atlas,,4014,701,5119,162,873,61,12,12/06/2023,25:61,98,4621,2880,7.8,7,11,61.8,FAIL,9,No,Yes,Sprint-12,603.1,MIT
D0696,Sam,DevOps,6.8,USA,Forge,python,-5,804,1140,5,782,68,229,06/01/2025,25:61,28,2847,926,4.1,7,4,63.7, ,0,Yes,Yes,Sprint-7,1851.7,
D0578,Alex,Frontend,11.6,India,Forge,Go,999999,106,5614,30,270,460,352,29/04/2024,00:00,37,33,1325,7.6,26,17,32.0,FAIL,3,No,Yes,Sprint-6,3267.7,GPL
D0604,Taylor,AI,3.1,India,Nova,Go,1054,115,4055,27,811,219,86,29/05/2025,8PM,1,1303,1952,0.2,26,24,26.4, ,4,Yes,Yes,Sprint-1,236.9,MIT
D0408, ,Frontend,14.7,Germany,Atlas,Rust,3323,789,5515,5,813,478,94,2023-08-09,25:61,80,1811,74,8.4,18,1,35.4,FAIL,0,No,Yes,Sprint-3,1683.9,Apache-2.0
D0404, ,DevOps,,India,Forge,TypeScript,999999,997,3689,92,965,487,80,28/03/2025,25:61,39,28,1229,1.4,11,21,14.6,Success,9,Yes,Yes,Sprint-3,3132.2,
D0514,Sam,AI,,USA,Atlas,,999999,87,2622,127,692,109,57,26/02/2024,25:61,83,4006,953,0.7,10,10,45.8, ,0,No,Yes,Sprint-9,1785.3,
D0580,Taylor,Backend,,Germany,Forge,,-5,518,1694,115,284,484,384,2023-06-10,00:00,85,3918,2245,7.9,22,28,25.6,FAIL,3,No,Yes,Sprint-3,1460.1,GPL
D0628,Taylor,AI,,USA,Forge,Python,-5,933,3311,72,447,19,484,17/05/2023,25:61,7,1448,2735,9.5,22,2,59.6,Success,4,No,Yes,Sprint-2,3170.5,Apache-2.0
D0558, ,Platform,,Germany,Nova,Go,-5,247,2801,140,122,52,475,01/05/2024,8PM,87,2767,1377,10.5,5,1,59.5,FAIL,3,No,No,Sprint-5,1974.3,GPL
D0130,Chris,Frontend,6.1,Germany,Forge,python,2652,227,2435,156,303,411,430,23/05/2024,25:61,56,2612,677,4.8,5,20,5.5,FAIL,5,No,Yes,Sprint-8,4248.4,GPL
D0322,Chris,Backend,5.8,USA,Atlas,Go,-5,117,4577,6,882,249,48,2025-06-18,25:61,62,3491,527,8.7,18,6,64.2,FAIL,4,No,No,Sprint-7,534.3,MIT
D0112,Chris,Frontend,,USA,Atlas,TypeScript,3224,338,492,148,754,199,272,24/08/2023,00:00,92,1159,1558,10.3,30,26,48.3,Success,4,No,No,Sprint-10,1450.2,MIT
D0104,Taylor,Backend,,Germany,Nova,TypeScript,2028,836,2673,27,849,455,262,24/01/2023,8PM,29,2623,2702,6.8,4,9,27.8,FAIL,9,No,No,Sprint-2,2460.3,GPL
D0435,Taylor,Backend,10.1,Germany,Forge,Python,2173,219,2363,87,859,119,490,2024-04-28,00:00,31,1065,2178,13.9,0,19,62.5,Success,10,Yes,No,Sprint-3,35.9,Apache-2.0
D0583,Alex,Backend,,Germany,Nova,Java,4910,605,5556,20,202,236,42,17/11/2023,25:61,37,1070,2429,2.7,9,0,68.4,Failed,2,Yes,Yes,Sprint-9,3565.9,MIT
D0180, ,DevOps,,USA,Nova,Java,-5,701,345,37,959,443,110,2024-05-08,00:00,43,3213,130,1.5,3,17,33.6,Success,7,Yes,No,Sprint-8,2045.1,MIT
D0063,Chris,Platform,8.5,India,Nova, PYTHON,999999,88,5482,75,951,257,201,29/07/2024,00:00,10,2937,2381,9.6,23,7,2.0,Failed,4,No,Yes,Sprint-6,4958.8,
D0088,Taylor,Backend,,USA,Forge,,4168,857,1312,109,876,74,11,20/02/2023,8PM,18,3168,625,13.5,0,27,51.0,FAIL,8,Yes,No,Sprint-3,2075.5,MIT
D0373, ,AI,0.2,Germany,Nova,TypeScript,-5,804,1614,143,375,95,441,24/01/2023,00:00,32,4587,2845,3.0,13,25,71.8,FAIL,7,No,No,Sprint-3,3334.1,GPL
D0444,Alex,DevOps,,USA,Forge,python,781,939,3502,112,265,1,85,2024-06-18,25:61,85,4067,2603,2.3,29,3,42.2, ,7,No,No,Sprint-2,3346.8,Apache-2.0
D0301,Sam,DevOps,7.2,USA,Atlas,Rust,999999,400,4563,47,109,479,20,2025-03-11,00:00,99,3404,2597,3.9,4,14,36.7,Success,9,Yes,No,Sprint-9,3802.7,
D0312,Chris,Backend,,USA,Forge,Python,4115,533,2346,15,500,386,475,2023-04-11,00:00,90,780,496,4.1,11,30,6.2, ,8,No,No,Sprint-7,3060.3,GPL
D0307,Alex,Frontend,,Germany,Forge,Go,3127,998,1843,172,359,313,492,2023-07-13,25:61,6,4477,1718,3.6,6,3,32.3,Success,8,Yes,Yes,Sprint-12,1595.2,MIT
D0451,Alex,AI,4.9,USA,Atlas,Python,999999,907,3144,144,794,209,271,2023-09-18,00:00,39,2374,1590,11.1,8,3,33.4, ,10,No,No,Sprint-8,2025.6,MIT
D0651,Alex,DevOps,,USA,Forge,python,4357,800,2280,101,235,429,249,2024-06-23,25:61,31,3123,2139,13.6,22,26,38.3,Failed,10,No,Yes,Sprint-7,1166.0,MIT
D0117,Alex,DevOps,13.6,India,Atlas,Rust,-5,255,4107,95,902,430,280,13/01/2024,25:61,94,1367,2111,6.8,22,25,44.8,Success,1,Yes,Yes,Sprint-6,4213.8,
D0204,Sam,DevOps,11.8,Germany,Forge,Go,-5,318,2343,17,539,351,313,21/01/2024,25:61,53,2045,2961,11.8,28,18,5.4,Success,5,Yes,No,Sprint-11,3308.5,MIT
D0136, ,Backend,,Germany,Atlas,TypeScript,-5,845,1380,182,594,403,333,03/03/2024,00:00,51,3284,1252,7.7,16,23,49.9, ,6,Yes,Yes,Sprint-9,1548.4,GPL
D0041,Sam,DevOps,,Germany,Nova,Python,999999,248,3831,17,282,59,340,2024-06-27,8PM,90,832,636,13.5,24,7,53.7,FAIL,1,Yes,Yes,Sprint-7,4875.9,Apache-2.0
D0244,Chris,AI,0.4,Germany,Forge,TypeScript,-5,216,1413,112,149,53,235,2024-10-06,00:00,17,3066,2940,4.9,23,4,55.7,Success,1,No,No,Sprint-11,146.6,MIT
D0338,Taylor,Backend,,Germany,Forge,Go,1695,5,4726,124,478,352,35,2023-08-09,00:00,63,921,1753,11.7,3,28,8.3,FAIL,10,Yes,Yes,Sprint-11,2130.5,MIT
D0625,Alex,DevOps,12.3,USA,Atlas,pyhton,4307,876,5758,133,944,416,292,20/08/2023,8PM,2,2816,2709,7.0,27,29,68.3,FAIL,3,No,Yes,Sprint-11,4883.6,MIT
D0178,Taylor,Frontend,9.2,Germany,Forge,Python,125,988,3753,184,659,96,218,2024-11-06,00:00,48,4105,2760,8.5,24,24,57.7,Failed,6,Yes,No,Sprint-11,1387.8,
D0013, ,AI,,India,Forge,Java,999999,358,405,55,760,66,483,10/04/2025,25:61,84,1774,886,7.3,27,18,8.3,FAIL,5,No,No,Sprint-7,4710.1,Apache-2.0
D0598, ,DevOps,4.4,Germany,Forge,Go,4517,260,3723,35,348,355,178,2023-07-25,25:61,44,122,43,8.5,23,27,53.4,Failed,3,No,No,Sprint-8,1286.9,GPL
D0409,Taylor,Frontend,,India,Forge,Java,999999,384,5750,130,387,455,132,24/12/2024,25:61,9,2875,1429,0.6,28,25,37.4,Failed,9,Yes,Yes,Sprint-8,4188.2,GPL
D0102,Taylor,AI,10.5,India,Nova,pyhton,-5,387,850,138,846,467,232,2024-09-25,25:61,85,471,1378,8.1,25,4,41.4,Failed,0,Yes,No,Sprint-5,903.5,
D0205,Alex,DevOps,9.3,Germany,Atlas,Java,999999,229,494,82,274,391,293,2024-06-17,25:61,4,1209,118,1.8,23,0,0.2, ,1,No,Yes,Sprint-7,1899.0,
D0522,Taylor,Platform,,USA,Atlas,,3912,617,2251,14,571,243,127,06/05/2025,25:61,53,3736,2770,5.5,3,3,22.1,Success,0,Yes,No,Sprint-2,1218.3,MIT
D0071,Chris,Platform,,USA,Atlas,Rust,4911,770,5137,128,414,456,344,28/03/2024,8PM,67,2680,375,4.2,2,24,59.8,FAIL,10,No,Yes,Sprint-3,3505.5,
D0212,Sam,DevOps,,Germany,Atlas, PYTHON,-5,39,2408,193,205,161,224,2023-12-31,25:61,26,3013,682,10.8,2,6,7.1,Failed,5,No,Yes,Sprint-1,3970.2,MIT
D0576, ,Backend,3.5,USA,Nova,Rust,999999,611,5965,110,865,256,376,2024-12-08,25:61,21,3159,48,2.3,19,8,9.2,Success,0,Yes,Yes,Sprint-10,2226.8,Apache-2.0
D0435,Chris,Frontend,12.3,Germany,Nova,Python,999999,373,4302,20,705,310,468,2024-06-11,8PM,44,582,740,5.1,7,10,26.3,Success,8,No,No,Sprint-1,4672.6,MIT
D0104,Alex,Backend,,India,Atlas,Java,-5,964,2718,135,72,251,330,2024-08-12,00:00,97,1208,1687,9.7,7,27,29.3,Success,1,No,No,Sprint-2,3359.6,GPL
D0509,Sam,Frontend,2.9,Germany,Nova,Go,3276,389,2901,83,564,496,239,2025-01-11,8PM,99,3268,1653,5.0,15,8,54.9,FAIL,0,No,Yes,Sprint-2,4857.4,Apache-2.0
D0337, ,Platform,14.8,India,Forge,Java,-5,954,3875,169,737,396,237,2024-05-05,8PM,1,4869,153,3.7,24,27,45.6,FAIL,0,Yes,No,Sprint-7,3582.3,MIT
D0700, ,Backend,,Germany,Atlas,Java,127,753,5537,12,950,138,242,2024-02-24,8PM,99,1231,924,0.2,28,2,70.0, ,1,No,Yes,Sprint-3,1097.6,GPL
D0328,Sam,Frontend,12.8,Germany,Nova,Go,-5,596,5147,36,391,158,45,26/06/2024,8PM,69,1256,1284,7.3,13,15,6.2,FAIL,4,Yes,No,Sprint-11,3754.4,
D0283,Chris,Platform,,USA,Nova,,999999,459,4017,19,496,112,238,18/05/2025,25:61,43,2747,1506,5.3,25,7,10.7,Success,10,No,Yes,Sprint-8,4019.9,GPL
D0450,Taylor,Backend,6.4,Germany,Nova,Rust,999999,445,1213,178,924,270,436,2024-02-01,00:00,40,2704,1233,0.5,4,16,67.9,Failed,10,Yes,No,Sprint-2,2662.7,MIT
D0515,Sam,Frontend,0.3,India,Atlas,,999999,400,423,84,229,135,252,13/08/2024,8PM,23,3336,2327,1.4,5,9,38.4,Success,6,No,Yes,Sprint-12,1022.3,
D0475, ,Frontend,,USA,Nova,python,-5,702,3898,143,704,76,328,2023-11-21,00:00,10,4861,532,9.4,9,7,0.3,Failed,0,No,Yes,Sprint-3,4611.8,GPL
D0247,Taylor,Platform,6.2,India,Atlas,Go,-5,761,3107,198,382,408,280,2024-04-30,8PM,67,2767,1725,10.1,22,12,17.9,Failed,0,Yes,No,Sprint-12,3114.9,
D0644,Chris,Frontend,14.3,India,Atlas,TypeScript,3746,359,2351,48,125,332,283,27/03/2024,25:61,11,3303,1023,10.5,14,4,54.9,Success,9,Yes,Yes,Sprint-3,3199.6,
D0494,Sam,Platform,12.3,India,Nova,Go,-5,260,4630,163,48,230,180,2023-08-08,00:00,27,1057,1525,11.4,15,23,68.7,Success,5,Yes,No,Sprint-4,4367.8,GPL
D0640,Taylor,DevOps,,India,Atlas, PYTHON,2976,523,5358,88,761,320,456,2024-09-19,8PM,88,4988,1969,0.3,15,11,23.6,FAIL,4,Yes,No,Sprint-3,4818.4,Apache-2.0
D0171,Sam,AI,1.6,India,Nova,,-5,436,1207,184,745,1,432,2024-11-20,00:00,25,3207,2608,8.3,22,2,0.6,Success,6,No,No,Sprint-9,840.3,MIT
D0628,Sam,Platform,,India,Nova,python,2614,481,1712,130,20,263,380,2025-06-03,8PM,25,3848,2260,1.6,7,14,22.0,Success,8,Yes,No,Sprint-12,3112.3,GPL
D0247, ,Frontend,2.6,India,Atlas,Rust,872,937,1894,47,254,194,469,2024-05-20,00:00,54,3649,2746,13.1,14,11,36.0,Failed,0,Yes,No,Sprint-2,3183.8,Apache-2.0
D0107, ,DevOps,,Germany,Atlas, PYTHON,999999,916,4755,137,723,154,240,2025-05-28,25:61,13,777,1629,11.1,22,18,8.1,FAIL,9,Yes,Yes,Sprint-7,4186.7,
D0175,Sam,AI,0.1,India,Atlas, PYTHON,1331,185,483,183,975,373,4,24/02/2023,25:61,45,2355,1765,5.8,23,19,58.8,Failed,4,No,Yes,Sprint-5,1332.0,Apache-2.0
D0103,Chris,Backend,,India,Forge,Rust,3260,535,4586,155,94,209,493,02/05/2024,8PM,68,265,2823,2.7,13,11,37.0,FAIL,1,No,No,Sprint-3,2751.0,
D0236,Taylor,Frontend,,USA,Nova,Python,999999,331,5766,14,751,153,212,09/06/2025,8PM,67,-17,2770,11.7,21,22,21.7, ,10,Yes,Yes,Sprint-8,373.2,
D0294,Chris,Frontend,,USA,Atlas,pyhton,999999,628,501,22,367,71,292,2024-06-17,25:61,94,581,1286,6.4,27,11,7.0,FAIL,1,No,No,Sprint-8,651.3,
D0411,Alex,Platform,7.1,USA,Forge,Python,-5,878,4542,31,613,457,262,03/06/2023,00:00,8,733,468,6.4,15,9,23.7,Failed,4,Yes,No,Sprint-8,2508.7,
D0247,Alex,Frontend,,India,Atlas,,-5,475,2850,173,662,334,21,2023-03-13,8PM,91,4417,422,8.1,8,10,27.6,Success,3,No,No,Sprint-12,308.8,GPL
D0104, ,Platform,,Germany,Atlas,python,999999,559,2278,125,969,287,483,26/02/2023,8PM,93,4562,1796,12.1,3,7,27.3,Failed,6,No,Yes,Sprint-8,782.7,MIT
D0586,Sam,DevOps,,USA,Forge, PYTHON,-5,582,4578,111,938,134,190,2025-05-13,00:00,74,4152,1609,5.4,14,13,17.0,Failed,4,Yes,No,Sprint-7,3032.8,
D0365,Chris,DevOps,,USA,Atlas,Go,-5,950,1776,34,785,102,160,19/07/2024,8PM,33,2812,1127,7.1,28,7,69.8,Failed,3,No,Yes,Sprint-5,721.7,MIT
D0626,Chris,DevOps,,USA,Nova,python,4140,100,1715,57,792,104,157,2023-11-14,8PM,73,3835,1393,7.6,29,24,49.5, ,3,Yes,No,Sprint-7,2057.7,GPL
D0310,Taylor,Backend,2.5,USA,Forge,TypeScript,3811,684,2039,48,129,374,286,08/06/2023,8PM,67,2569,1279,2.0,27,6,8.9,FAIL,6,Yes,Yes,Sprint-7,4985.2,GPL
D0378,Alex,Platform,,USA,Atlas,Java,2568,586,3962,49,835,217,359,06/11/2023,00:00,14,892,577,11.0,14,19,16.9,Success,4,Yes,No,Sprint-10,4052.7,MIT
D0465,Chris,Platform,1.1,Germany,Forge,Rust,1156,219,2803,74,644,128,315,28/09/2023,00:00,96,1597,2035,8.1,22,17,61.8,Success,9,No,Yes,Sprint-9,1564.9,
D0502,Chris,AI,0.0,India,Atlas,TypeScript,4305,473,4888,1,988,457,148,2024-07-08,25:61,87,65,364,11.7,12,22,0.6, ,3,Yes,No,Sprint-4,4773.4,
D0387,Taylor,DevOps,11.3,India,Atlas,Rust,3504,956,1151,83,835,24,54,17/09/2023,8PM,15,4156,1980,1.7,26,9,40.7,FAIL,5,No,No,Sprint-4,2337.1,
D0399,Sam,Frontend,,Germany,Atlas,Go,4371,381,3654,46,766,272,484,18/02/2024,00:00,60,3480,2991,4.8,2,5,65.9, ,1,No,No,Sprint-11,4013.7,
D0320,Taylor,Backend,,USA,Atlas,,4203,499,297,60,589,203,69,2023-06-27,25:61,20,4159,370,7.9,11,4,5.2,Failed,5,No,Yes,Sprint-2,1029.0,Apache-2.0
D0348, ,Backend,5.7,USA,Nova,Go,-5,401,682,45,112,207,1,2023-05-18,25:61,48,2938,2206,9.5,8,15,69.6,Success,2,No,No,Sprint-11,3550.4,Apache-2.0
D0305,Taylor,Backend,11.3,USA,Atlas,pyhton,1755,984,3231,16,222,498,241,07/12/2024,8PM,6,375,2478,4.7,23,6,48.8, ,10,Yes,No,Sprint-9,949.6,GPL
D0587,Chris,Platform,,Germany,Atlas,Rust,1600,19,1776,5,940,260,155,11/04/2024,25:61,84,147,171,1.7,17,2,71.4,Failed,4,No,No,Sprint-7,4866.6,
D0617,Alex,AI,,India,Forge,python,-5,390,4797,92,807,436,257,2023-08-24,00:00,22,4669,2048,11.1,16,28,56.4,Failed,0,Yes,Yes,Sprint-2,1389.9,Apache-2.0
D0054,Chris,Platform,0.5,Germany,Forge,pyhton,999999,689,5397,13,957,376,490,27/05/2025,00:00,97,2427,1226,1.6,20,6,42.0,FAIL,0,Yes,No,Sprint-6,4420.4,
D0356, ,AI,13.5,India,Nova,Java,-5,122,3895,140,765,127,386,2024-08-12,25:61,87,3355,1618,6.8,26,18,45.6, ,4,Yes,Yes,Sprint-8,4071.9,MIT
D0690,Sam,DevOps,13.3,India,Atlas, PYTHON,-5,699,3306,65,873,133,130,2023-08-09,25:61,65,1885,233,8.1,4,15,30.6,Success,9,No,No,Sprint-8,3322.6,GPL
D0198,Sam,DevOps,12.1,Germany,Forge,Java,999999,144,1473,115,951,435,31,2023-07-25,25:61,20,4510,1986,1.4,23,16,68.3, ,7,Yes,Yes,Sprint-7,4543.1,
D0274,Sam,Backend,,Germany,Atlas,Python,999999,339,5634,165,391,326,453,2024-06-12,00:00,27,4530,2343,0.9,11,0,64.9, ,2,No,No,Sprint-12,4159.1,GPL
D0201, ,Backend,10.8,Germany,Atlas,Rust,999999,526,2579,28,775,52,49,2024-11-15,8PM,47,4018,311,10.4,17,20,49.3,Failed,4,No,No,Sprint-7,2817.0,
D0492,Alex,AI,,USA,Nova,Go,4084,857,3986,53,251,67,123,2024-10-01,00:00,62,4835,2615,11.7,30,12,2.8,Success,9,Yes,Yes,Sprint-5,3381.7,Apache-2.0
D0112,Chris,DevOps,,India,Forge,pyhton,-5,372,757,85,707,213,160,2024-10-27,25:61,99,1491,159,10.8,4,1,45.7,FAIL,8,No,No,Sprint-8,3845.3,Apache-2.0
D0308,Chris,Frontend,11.4,USA,Forge,python,3159,719,2173,62,69,322,420,2023-07-20,8PM,38,2290,1597,3.9,13,1,55.8,Failed,1,Yes,No,Sprint-9,4114.5,GPL
D0153,Chris,Platform,0.9,Germany,Nova, PYTHON,3731,476,2294,194,972,158,294,08/11/2024,25:61,41,1079,57,9.4,29,3,66.3,Failed,1,No,Yes,Sprint-6,772.7,GPL
D0398,Sam,Platform,6.2,India,Forge,,999999,869,2812,178,125,6,46,2023-01-09,25:61,19,3766,2277,4.5,5,15,5.7,Failed,8,Yes,Yes,Sprint-6,3112.1,MIT
D0672,Taylor,Backend,4.0,India,Nova,Rust,2807,657,1618,139,859,212,145,06/02/2024,8PM,15,187,2356,3.3,1,1,47.8,FAIL,5,Yes,No,Sprint-3,4947.8,GPL
D0462,Alex,Platform,,India,Nova,Go,999999,870,2335,1,985,395,425,2024-11-30,00:00,46,838,2488,3.6,22,17,66.2,FAIL,6,Yes,No,Sprint-1,2271.4,
D0271,Taylor,Backend,5.8,USA,Atlas,Go,-5,588,2586,68,284,57,79,2023-06-04,25:61,63,1102,2438,13.6,12,13,1.8, ,7,Yes,No,Sprint-7,3443.5,
D0234,Taylor,Platform,0.3,USA,Forge, PYTHON,-5,213,3399,95,592,73,276,17/03/2025,8PM,45,4657,1738,6.0,8,28,8.8, ,8,No,No,Sprint-7,287.7,MIT
D0257,Alex,DevOps,14.6,India,Atlas,,-5,718,93,95,288,77,223,2023-08-31,25:61,67,3455,1751,12.8,22,8,39.3,Failed,0,No,Yes,Sprint-11,4170.1,GPL
D0507,Taylor,Backend,,Germany,Forge,python,3554,416,3808,164,766,401,187,2023-03-28,8PM,28,4779,1533,5.1,24,13,13.1,FAIL,9,Yes,Yes,Sprint-2,3392.5,Apache-2.0
D0417,Chris,DevOps,,USA,Forge,TypeScript,-5,323,1100,72,955,149,201,07/12/2023,25:61,28,924,2055,9.0,18,9,49.2, ,1,No,No,Sprint-4,4480.3,Apache-2.0
D0648, ,DevOps,8.5,USA,Nova,Rust,81,295,3472,77,721,299,389,2023-09-01,8PM,17,1930,2618,3.0,1,19,4.2,Success,5,Yes,No,Sprint-8,645.0,Apache-2.0
D0543,Taylor,DevOps,,USA,Nova,Rust,3550,121,4232,46,146,449,351,2023-10-13,25:61,61,1336,2813,11.6,21,18,49.6,Success,10,No,Yes,Sprint-8,1753.2,MIT
D0434, ,Platform,,USA,Nova, PYTHON,-5,52,4975,66,139,318,487,2024-03-06,8PM,11,2637,921,13.2,19,17,45.4,FAIL,6,Yes,Yes,Sprint-1,77.6,
D0109,Chris,Platform,,USA,Forge,TypeScript,-5,182,1151,99,772,99,289,2023-11-27,25:61,94,401,2915,2.6,6,10,25.3,FAIL,1,No,Yes,Sprint-11,2053.4,Apache-2.0
D0653,Sam,DevOps,,Germany,Atlas,python,999999,564,1585,161,264,86,487,2025-03-13,25:61,13,3685,413,2.9,24,25,11.2,Failed,5,No,Yes,Sprint-2,1026.0,MIT
D0335,Sam,Frontend,,USA,Forge,python,-5,580,4828,24,975,197,498,2024-03-10,00:00,97,3773,2342,6.9,28,3,24.8,FAIL,1,Yes,No,Sprint-10,1213.2,GPL
D0059,Sam,Frontend,11.6,USA,Nova,Python,999999,850,1273,35,834,474,347,2023-08-20,25:61,86,1222,2353,7.8,25,29,49.4, ,1,No,No,Sprint-5,1806.2,
D0685,Taylor,Backend,12.7,India,Nova,Python,999999,456,544,174,962,41,35,2023-09-22,8PM,19,4917,1082,9.5,28,19,24.8, ,0,No,Yes,Sprint-2,4673.5,MIT
D0201, ,Frontend,,Germany,Forge,,241,257,4999,124,506,54,306,26/02/2023,8PM,33,4734,2166,1.7,15,1,9.1,FAIL,7,Yes,No,Sprint-7,4357.1,Apache-2.0
D0238,Sam,AI,11.7,USA,Atlas,python,999999,567,2352,64,880,357,374,2025-02-14,8PM,56,346,17,12.5,21,12,49.0, ,6,No,Yes,Sprint-2,2682.9,
D0467,Taylor,DevOps,5.2,USA,Atlas,Java,-5,492,5667,107,838,467,245,28/05/2024,00:00,19,3536,230,8.8,30,9,36.9,Failed,1,Yes,Yes,Sprint-10,2974.2,Apache-2.0
D0458,Sam,Platform,0.1,India,Nova,Java,999999,751,193,54,609,463,199,24/03/2023,8PM,94,1515,31,7.3,30,6,6.5,Success,9,No,Yes,Sprint-5,4717.1,Apache-2.0
D0064,Taylor,Backend,0.5,USA,Atlas,Rust,-5,888,3517,66,662,234,99,2025-02-24,00:00,46,1398,1189,1.9,22,3,13.3,Success,9,Yes,Yes,Sprint-6,703.2,Apache-2.0
D0668,Chris,DevOps,,Germany,Nova,Python,-5,174,2962,40,100,274,112,2023-09-24,25:61,58,93,1838,11.6,13,25,66.8,FAIL,9,Yes,No,Sprint-2,2860.8,Apache-2.0
D0167,Alex,Backend,2.6,USA,Forge,Rust,-5,92,3399,139,684,476,367,2023-02-16,25:61,29,3456,2758,5.4,5,10,1.3,FAIL,0,Yes,No,Sprint-8,3970.5,Apache-2.0
D0427,Sam,Backend,10.1,Germany,Nova,TypeScript,3178,116,5966,149,222,350,231,2024-11-13,25:61,22,4461,721,10.7,9,2,13.1, ,9,No,Yes,Sprint-2,2727.3,MIT
D0481,Sam,Platform,,India,Nova,python,999999,561,2815,49,59,298,449,2024-02-09,8PM,33,-12,467,2.0,0,18,48.9,Failed,9,No,No,Sprint-1,688.2,GPL
D0562,Alex,DevOps,1.9,India,Forge,Java,-5,357,1359,179,932,49,320,2024-10-16,00:00,84,1565,2120,3.5,7,0,7.8,Success,1,No,No,Sprint-12,4398.4,
D0290,Sam,Platform,,Germany,Atlas, PYTHON,1069,327,4580,126,938,59,31,2023-05-18,00:00,48,206,16,2.7,13,11,45.7,Failed,6,Yes,Yes,Sprint-11,4519.6,Apache-2.0
D0489, ,Platform,1.4,Germany,Atlas,Rust,999999,1,3399,9,642,148,102,11/03/2025,25:61,34,1928,505,9.9,9,19,23.3,Failed,2,Yes,Yes,Sprint-11,1107.2,
D0039,Chris,DevOps,10.8,India,Nova, PYTHON,999999,113,2005,112,564,87,411,2025-05-26,8PM,61,4886,354,11.0,6,21,63.8,Success,7,Yes,No,Sprint-7,3945.0,
D0294,Taylor,AI,10.5,India,Forge,TypeScript,-5,473,5321,83,148,305,61,10/04/2025,00:00,71,721,1853,0.9,29,20,56.8,FAIL,10,No,Yes,Sprint-3,11.1,GPL
D0398,Alex,AI,11.8,India,Forge,,-5,506,778,63,115,330,399,2023-12-06,25:61,55,4986,831,0.3,4,11,24.9,Failed,1,No,Yes,Sprint-4,4417.3,Apache-2.0
D0187,Taylor,Frontend,,USA,Atlas,pyhton,999999,360,558,90,620,207,281,01/03/2023,25:61,60,4608,2236,3.8,6,11,70.5, ,0,No,Yes,Sprint-2,998.3,
D0428,Sam,Backend,,USA,Forge,Go,-5,519,3500,161,585,438,66,03/09/2024,25:61,86,2198,910,1.9,23,0,0.5,Success,5,No,No,Sprint-7,3409.2,MIT
D0422,Sam,DevOps,13.2,USA,Nova,Rust,-5,955,5706,58,216,300,430,2024-01-25,00:00,70,4892,1900,13.6,16,14,61.0,Failed,10,No,No,Sprint-1,313.1,MIT
D0110,Alex,Platform,,Germany,Nova,,2965,704,4091,51,865,366,216,2024-05-09,25:61,86,4694,1972,2.2,0,13,49.1, ,3,No,No,Sprint-1,997.2,Apache-2.0
D0417,Sam,AI,12.8,USA,Forge,python,1349,241,5247,19,373,346,44,25/06/2024,00:00,77,4878,2698,2.1,29,20,34.1, ,1,Yes,No,Sprint-7,2018.7,Apache-2.0
D0534,Chris,Frontend,3.3,USA,Forge, PYTHON,-5,348,3788,155,369,112,74,2025-04-17,8PM,1,1726,2722,3.6,5,1,65.5,FAIL,5,Yes,Yes,Sprint-4,1104.6,GPL
D0144,Chris,Backend,,Germany,Atlas,Java,999999,969,1432,133,348,207,344,18/08/2023,8PM,67,1183,2514,4.0,29,11,64.7,Failed,5,Yes,No,Sprint-10,4800.3,GPL
D0369,Alex,Backend,,USA,Atlas,TypeScript,999999,791,1359,148,502,249,0,2023-11-19,00:00,3,3936,481,10.4,19,27,42.3,Failed,6,No,No,Sprint-1,4550.3,
D0313,Alex,Frontend,,India,Nova,Rust,1214,740,3872,108,739,176,88,10/05/2023,25:61,57,3599,1692,10.8,7,24,4.4,Success,4,No,Yes,Sprint-8,145.2,MIT
D0433,Alex,Backend,,USA,Atlas,python,999999,44,3492,85,700,401,199,2024-09-29,00:00,62,3900,624,2.5,21,19,5.1,Success,5,No,No,Sprint-2,1636.6,Apache-2.0
D0128,Taylor,AI,9.5,India,Forge,Go,1961,453,1763,183,250,67,39,2023-06-25,00:00,100,234,137,13.2,29,8,31.5,Success,7,Yes,No,Sprint-10,914.1,GPL
D0131,Taylor,AI,,India,Forge,Rust,4928,150,1122,35,235,281,334,2024-06-24,00:00,39,67,2205,0.3,15,18,29.9,FAIL,2,Yes,No,Sprint-11,2417.8,MIT
D0575,Chris,AI,8.4,India,Forge,,999999,693,2272,32,108,165,260,2024-06-12,25:61,89,1145,2838,0.8,16,8,52.2,FAIL,9,Yes,No,Sprint-2,3964.0,MIT
D0305, ,Backend,14.0,Germany,Atlas,,2740,163,800,109,239,305,305,26/04/2024,8PM,92,3741,2068,1.3,18,29,18.1, ,7,Yes,No,Sprint-7,61.2,
D0596,Sam,AI,,USA,Nova, PYTHON,4804,358,1985,52,558,246,337,02/03/2025,00:00,4,3967,2403,12.2,20,23,29.3,Success,0,Yes,No,Sprint-6,4812.6,
D0037,Chris,Platform,,USA,Forge, PYTHON,999999,224,810,113,371,341,444,2024-01-02,00:00,91,26,1964,0.7,21,5,40.4,Failed,4,Yes,Yes,Sprint-6,3422.7,
D0143,Sam,AI,14.7,India,Nova,Python,-5,948,2700,3,447,462,164,2024-12-30,8PM,85,4741,2945,1.8,28,9,4.0,FAIL,7,No,Yes,Sprint-9,4063.5,MIT
D0391,Taylor,Frontend,1.6,India,Atlas,Go,999999,936,1055,181,298,317,257,02/02/2025,25:61,45,4721,1639,13.3,7,7,32.8, ,4,Yes,No,Sprint-12,4973.6,GPL
D0241,Taylor,Platform,6.2,Germany,Nova,Python,4943,726,2667,129,829,70,349,2025-01-05,8PM,45,1199,2906,8.1,15,1,30.1,FAIL,4,Yes,No,Sprint-7,4569.8,
D0015,Taylor,DevOps,11.5,USA,Atlas, PYTHON,1927,22,332,55,893,163,415,2024-08-26,00:00,66,4407,2258,13.2,25,9,22.4,Success,7,No,Yes,Sprint-8,4864.2,Apache-2.0
D0316, ,AI,,USA,Forge,Rust,999999,372,5263,71,239,437,355,2023-06-03,8PM,50,1042,610,2.8,7,27,34.2,FAIL,2,Yes,No,Sprint-3,2857.7,GPL
D0274,Sam,DevOps,5.5,Germany,Nova,,2183,385,3120,134,244,303,104,2024-04-01,25:61,61,2785,2324,1.6,5,9,8.4,Failed,8,No,No,Sprint-12,2810.3,
D0400,Alex,AI,7.5,USA,Atlas, PYTHON,981,810,2567,188,334,297,152,15/05/2023,8PM,10,2840,2134,12.4,17,18,7.2,Failed,1,Yes,No,Sprint-4,2060.7,Apache-2.0
D0290,Sam,AI,6.6,USA,Forge,Java,3940,516,3533,140,367,13,463,2024-11-07,25:61,91,450,1238,11.1,28,26,32.8,Success,3,Yes,No,Sprint-12,623.1,
D0695,Chris,Frontend,,Germany,Atlas,pyhton,-5,770,113,155,443,482,332,12/03/2023,25:61,8,4470,1248,10.7,23,4,26.0,Failed,2,No,No,Sprint-4,4556.7,MIT
D0563,Alex,DevOps,,USA,Forge,Go,-5,303,3137,27,480,473,23,2023-05-26,00:00,32,3932,1280,6.2,5,8,30.4,FAIL,8,No,Yes,Sprint-11,4046.5,Apache-2.0
D0470,Sam,Frontend,,India,Forge,Rust,1956,948,5930,165,694,311,473,03/01/2024,25:61,19,539,1993,11.3,0,6,44.2,FAIL,5,No,No,Sprint-10,1867.6,
D0359,Alex,DevOps,6.1,India,Atlas,Rust,999999,664,5442,6,253,126,267,14/04/2023,25:61,41,184,1167,9.0,26,12,42.2,FAIL,7,No,Yes,Sprint-6,4021.7,
D0644,Taylor,AI,8.1,Germany,Forge,Python,189,118,371,2,132,278,130,08/07/2024,00:00,59,474,1261,5.6,16,22,2.4, ,0,Yes,Yes,Sprint-10,2020.0,GPL
D0415,Alex,AI,,USA,Nova,python,-5,43,4813,73,905,386,213,07/01/2024,00:00,94,768,215,5.1,27,25,22.7,Failed,10,Yes,No,Sprint-5,2259.8,MIT
D0090,Chris,Backend,,Germany,Forge,,999999,797,1728,0,924,338,464,2024-07-28,8PM,9,217,332,6.9,27,4,25.9,FAIL,5,Yes,No,Sprint-7,3091.8,Apache-2.0
D0650,Sam,Backend,9.3,USA,Atlas,Go,999999,152,3850,159,147,454,85,2023-02-13,8PM,36,4334,898,5.4,2,28,68.4,Failed,0,No,No,Sprint-2,2672.1,Apache-2.0
D0635,Sam,Platform,11.0,India,Atlas,Java,154,405,5605,24,347,479,219,01/11/2024,25:61,70,2920,2180,2.2,4,6,41.0,Failed,6,Yes,Yes,Sprint-12,306.6,MIT
D0499,Sam,DevOps,4.5,Germany,Nova,pyhton,-5,992,5977,171,761,353,281,2023-05-22,00:00,49,3255,2963,6.9,12,19,63.5, ,1,No,No,Sprint-4,1696.2,
D0504,Chris,Backend,,USA,Nova,Java,-5,932,2134,155,499,295,407,2025-05-04,25:61,7,4294,2454,3.3,19,12,36.4,Failed,10,Yes,No,Sprint-7,2832.2,Apache-2.0
D0321,Alex,Platform,,India,Forge, PYTHON,546,994,4033,126,472,381,281,2023-03-13,00:00,74,2077,1708,4.0,26,11,30.9,FAIL,4,No,No,Sprint-3,528.1,Apache-2.0
D0125,Chris,Frontend,,USA,Forge,Java,-5,474,2859,197,461,80,40,2025-06-16,25:61,15,3803,327,11.4,20,15,70.9,FAIL,5,No,Yes,Sprint-7,4006.5,MIT
D0628,Chris,Backend,,India,Nova,Python,4088,74,5690,185,472,382,360,2023-01-02,8PM,64,227,105,8.6,19,17,63.1,Failed,3,No,No,Sprint-6,4885.0,MIT
D0375,Taylor,DevOps,,India,Forge,pyhton,2030,352,2174,40,568,281,465,12/06/2025,8PM,70,3847,110,1.4,6,8,19.8,FAIL,6,No,No,Sprint-1,488.3,MIT
D0650, ,DevOps,11.3,Germany,Atlas,Java,999999,340,5031,185,108,263,429,2025-05-30,00:00,47,2678,726,10.4,3,6,72.0,FAIL,2,Yes,No,Sprint-1,1695.4,Apache-2.0
D0207,Taylor,Platform,4.7,Germany,Forge,python,-5,913,1155,149,801,93,480,2023-11-28,00:00,40,1338,1722,1.5,28,27,11.0,Failed,1,Yes,Yes,Sprint-9,4440.5,GPL
D0380,Taylor,AI,8.6,Germany,Nova,Go,-5,298,4048,75,509,280,223,2025-06-16,00:00,6,4954,1055,1.0,4,2,28.6,Success,3,No,Yes,Sprint-9,1797.2,GPL
D0579,Alex,DevOps,,India,Forge,Rust,999999,972,3619,156,969,276,36,10/06/2024,8PM,58,3581,1599,10.5,29,6,12.8, ,4,No,Yes,Sprint-10,4993.6,Apache-2.0
D0247,Taylor,Platform,,Germany,Atlas,Go,-5,481,2406,93,729,202,118,2023-04-15,8PM,61,2415,1707,0.2,7,13,68.3,FAIL,7,No,Yes,Sprint-3,4720.7,
D0603, ,Platform,7.9,Germany,Atlas,Rust,2514,270,2249,63,899,422,452,2023-10-30,25:61,61,3678,2651,4.4,6,26,67.9,Success,4,Yes,Yes,Sprint-10,4661.1,Apache-2.0
D0452,Chris,Platform,7.1,USA,Nova,Rust,999999,403,5951,149,854,457,43,24/05/2025,00:00,12,865,2092,6.1,25,19,50.3,FAIL,1,No,No,Sprint-12,3547.6,
D0700,Alex,Frontend,,Germany,Forge,TypeScript,999999,504,5444,122,890,470,167,2023-02-20,8PM,47,2400,1156,6.9,21,10,21.7,Failed,1,No,No,Sprint-3,597.9,Apache-2.0
D0045,Chris,DevOps,10.3,USA,Atlas,,999999,782,1814,71,68,143,482,22/04/2023,00:00,7,4927,685,10.0,26,4,55.9,Failed,8,No,No,Sprint-4,4176.4,GPL
D0332, ,Frontend,7.7,Germany,Forge,Java,-5,511,147,107,106,426,496,2023-08-02,8PM,52,2336,1444,7.7,17,23,45.8, ,10,Yes,Yes,Sprint-9,959.9,Apache-2.0
D0655,Alex,AI,8.8,India,Nova,python,999999,673,5010,115,748,223,52,04/06/2025,00:00,68,1983,1068,5.1,25,8,19.8,Success,8,No,Yes,Sprint-9,3016.4,MIT
D0494,Chris,DevOps,9.9,Germany,Forge,Java,-5,892,1353,96,658,159,351,2024-01-15,8PM,30,2075,1268,13.8,8,20,36.1, ,0,No,Yes,Sprint-8,3479.2,
D0289, ,Platform,,India,Forge,Rust,-5,377,4677,157,141,325,426,2024-08-02,8PM,7,4606,641,3.7,14,7,66.6,Success,2,Yes,Yes,Sprint-6,1049.4,GPL
D0222,Taylor,DevOps,3.8,India,Forge, PYTHON,3214,755,3553,30,449,351,104,17/02/2023,8PM,27,1585,1598,11.3,13,11,1.8, ,2,Yes,Yes,Sprint-9,674.7,
D0423,Sam,Backend,,USA,Atlas,Rust,4100,474,3001,93,754,484,420,2023-04-24,8PM,100,681,1547,0.4,9,21,38.0,Success,0,Yes,No,Sprint-7,3600.2,GPL
D0446,Chris,DevOps,4.9,Germany,Forge,Go,999999,669,3285,28,6,40,148,22/10/2023,00:00,11,4907,1239,5.6,23,25,1.1, ,7,Yes,No,Sprint-3,620.5,Apache-2.0
D0163,Sam,Platform,3.4,India,Atlas,python,2899,310,1745,67,770,186,159,2024-04-27,8PM,18,3304,568,2.2,2,27,0.3,Failed,10,Yes,No,Sprint-11,3387.5,
D0617, ,Frontend,,Germany,Nova,pyhton,999999,749,3153,81,588,136,335,2024-07-13,25:61,75,3614,2364,3.0,24,5,49.9,FAIL,8,Yes,Yes,Sprint-10,2241.4,Apache-2.0
D0166,Taylor,Frontend,5.8,Germany,Atlas,Java,999999,662,3299,189,396,35,99,26/03/2023,25:61,87,2902,1145,12.0,20,9,2.4,FAIL,0,No,No,Sprint-1,69.0,GPL
D0293, ,AI,,India,Nova,python,999999,228,518,51,512,146,61,2024-05-25,25:61,76,2604,193,4.1,1,14,33.8,Success,4,Yes,Yes,Sprint-6,4308.4,Apache-2.0
D0140,Alex,Platform,3.1,India,Nova,Java,999999,415,897,136,580,312,408,2023-01-03,25:61,70,2088,2774,7.8,24,24,19.4, ,5,Yes,No,Sprint-8,3529.8,GPL
D0542,Chris,AI,14.6,India,Atlas, PYTHON,915,445,3268,193,137,41,187,25/05/2023,25:61,92,633,203,3.0,8,4,43.8,Failed,3,No,Yes,Sprint-9,3980.8,Apache-2.0
D0056,Taylor,Platform,8.6,USA,Forge,Java,999999,362,4677,162,265,472,24,17/08/2023,25:61,42,2634,2165,8.2,10,16,69.8,FAIL,6,Yes,No,Sprint-2,2733.2,
D0608,Sam,Backend,,India,Nova, PYTHON,-5,112,597,174,960,205,281,2025-03-26,25:61,61,2350,1941,12.5,28,24,38.7,Failed,2,No,No,Sprint-5,4483.3,Apache-2.0
D0232,Alex,Backend,,Germany,Nova,Go,999999,117,3597,12,455,22,394,09/05/2023,00:00,34,1282,61,5.5,17,13,14.9,Failed,2,Yes,Yes,Sprint-5,1812.6,
D0607,Sam,AI,10.6,Germany,Nova,Rust,999999,465,4738,83,623,289,124,03/04/2023,8PM,81,3265,578,10.0,24,26,7.9, ,5,No,Yes,Sprint-6,2189.8,GPL
D0215,Chris,DevOps,,USA,Forge, PYTHON,569,766,5372,117,634,107,10,06/07/2023,00:00,20,4479,1828,6.7,5,21,40.3,Failed,5,Yes,No,Sprint-4,4293.1,MIT
D0460,Alex,AI,1.8,Germany,Forge,Rust,-5,844,3368,48,192,112,277,2023-11-24,8PM,24,4003,1738,0.5,8,3,50.6,FAIL,8,Yes,No,Sprint-7,1751.5,MIT
D0476,Chris,DevOps,,Germany,Atlas, PYTHON,4647,73,901,37,597,228,21,2023-06-07,8PM,25,4055,778,1.5,13,7,13.3, ,3,No,No,Sprint-2,4523.8,MIT
D0116, ,Backend,3.0,India,Nova,Go,999999,683,1810,24,842,327,155,06/11/2023,00:00,62,423,136,6.2,22,26,42.6,Failed,0,No,No,Sprint-3,3820.1,GPL
D0344,Sam,Backend,,India,Atlas,pyhton,999999,247,115,100,770,370,418,2023-08-26,25:61,16,282,562,7.8,9,10,43.7,FAIL,7,No,Yes,Sprint-6,965.9,MIT
D0510,Sam,Platform,,Germany,Nova,Python,1409,490,1954,93,253,84,50,03/03/2025,00:00,32,456,1849,13.7,1,10,53.7,Failed,10,Yes,No,Sprint-10,3542.1,GPL
D0114, ,DevOps,0.6,Germany,Forge,TypeScript,-5,447,4664,40,644,80,211,2023-10-17,8PM,97,1779,1240,2.9,27,27,27.1,Failed,5,Yes,Yes,Sprint-8,1455.2,Apache-2.0
D0280,Taylor,Backend,,Germany,Atlas,Java,999999,92,2584,170,353,317,334,10/01/2025,8PM,91,1245,2311,4.8,15,26,13.6, ,3,Yes,Yes,Sprint-4,3158.2,
D0241,Alex,DevOps,11.7,USA,Nova,pyhton,999999,550,3212,181,390,37,303,07/12/2024,8PM,25,440,865,6.6,14,19,7.6,Failed,0,Yes,No,Sprint-1,706.0,Apache-2.0
D0657, ,Backend,,India,Atlas,Java,4441,675,5586,190,289,215,376,22/06/2023,00:00,33,594,2657,6.7,27,5,28.9,Failed,8,No,No,Sprint-9,2886.3,Apache-2.0
D0331, ,DevOps,,India,Atlas,Rust,-5,510,3730,82,805,100,479,06/10/2024,8PM,3,1487,1919,0.3,25,22,63.4,Success,9,Yes,No,Sprint-11,3028.4,GPL
D0158,Alex,DevOps,8.2,Germany,Atlas,pyhton,999999,62,3502,154,564,350,72,2025-02-27,00:00,76,2456,737,2.3,8,17,3.0,FAIL,4,Yes,Yes,Sprint-6,3768.4,GPL
D0641, ,DevOps,,Germany,Forge,Python,-5,707,1459,25,269,481,281,2023-09-05,8PM,74,299,686,2.5,4,0,53.2,FAIL,2,No,Yes,Sprint-3,4887.0,GPL
D0412,Taylor,AI,,Germany,Nova,,547,528,593,9,484,0,450,2023-04-09,25:61,6,528,411,10.2,21,24,11.3,Success,6,No,Yes,Sprint-7,1152.7,Apache-2.0
D0685,Sam,DevOps,,Germany,Forge, PYTHON,3844,741,2701,52,533,196,110,2025-04-14,00:00,8,3662,1478,8.8,5,29,66.6,FAIL,3,No,Yes,Sprint-1,3283.3,Apache-2.0
D0510,Chris,DevOps,3.4,India,Atlas,Python,-5,721,5785,74,928,14,146,27/05/2025,00:00,100,1305,2075,6.2,30,26,45.3,FAIL,1,No,Yes,Sprint-11,505.9,GPL
D0265,Alex,Backend,14.7,Germany,Nova,Go,-5,205,4589,166,226,36,462,11/05/2025,00:00,73,3287,1104,1.5,29,16,50.8,FAIL,1,No,Yes,Sprint-11,3926.4,Apache-2.0
D0488, ,Frontend,13.2,Germany,Atlas,Rust,999999,102,3955,177,216,118,404,29/04/2025,00:00,56,4905,1035,2.6,18,5,70.1,FAIL,3,No,No,Sprint-4,2805.0,
D0224,Chris,Platform,9.3,Germany,Atlas,python,3449,352,4450,197,271,448,429,09/03/2025,25:61,49,2673,2708,7.1,15,10,42.6,FAIL,3,No,Yes,Sprint-3,990.3,
D0394,Chris,AI,8.2,USA,Nova,pyhton,1552,47,2052,25,6,421,271,2024-07-03,25:61,20,3610,47,10.6,11,19,46.1,FAIL,9,Yes,Yes,Sprint-6,618.8,
D0584,Alex,DevOps,,USA,Forge, PYTHON,-5,317,1201,86,773,354,106,2023-12-03,00:00,84,3365,1221,9.4,19,18,19.7,FAIL,1,Yes,Yes,Sprint-12,1861.4,
D0232, ,Frontend,,Germany,Nova,pyhton,-5,716,1656,106,521,450,309,06/05/2024,8PM,3,3898,1984,11.1,0,17,18.9,FAIL,1,Yes,Yes,Sprint-2,570.0,GPL
D0445,Taylor,Backend,,USA,Atlas,,999999,309,2903,179,582,193,248,2023-05-29,8PM,72,220,709,2.9,7,16,64.5,FAIL,3,No,Yes,Sprint-8,1751.2,GPL
D0639,Sam,Frontend,6.4,USA,Atlas,python,999999,903,1620,165,622,229,163,27/02/2024,00:00,77,2611,1840,6.9,11,29,32.4,Failed,3,Yes,Yes,Sprint-3,1803.2,MIT
D0004,Chris,DevOps,10.4,India,Nova,,220,602,553,149,974,206,244,2024-05-15,00:00,43,4621,2654,3.8,17,10,48.8,Failed,0,Yes,No,Sprint-5,4824.9,Apache-2.0
D0019,Taylor,Platform,,USA,Forge,Rust,-5,371,4595,81,899,419,498,29/04/2023,8PM,25,4993,1682,8.7,27,30,42.0,Success,4,No,Yes,Sprint-10,2485.6,Apache-2.0
D0074,Sam,Backend,2.2,USA,Nova,Java,4451,486,2776,140,429,46,143,2024-01-15,25:61,41,947,1551,2.0,27,4,23.7,FAIL,6,Yes,No,Sprint-6,4282.9,
D0523,Chris,Platform,,India,Nova, PYTHON,4091,368,3476,109,82,55,289,26/08/2024,8PM,59,415,2141,5.3,17,21,9.4,Success,3,Yes,No,Sprint-1,2598.7,Apache-2.0
D0665, ,Frontend,4.8,India,Nova,,-5,984,1315,25,71,408,252,2023-01-11,00:00,69,3936,1443,7.1,26,26,10.5, ,7,No,No,Sprint-2,1175.0,
D0007,Chris,Frontend,,India,Forge,,999999,506,583,16,229,340,317,18/07/2024,00:00,12,672,2477,3.3,20,15,57.5,Success,5,Yes,No,Sprint-5,3313.3,
D0598,Sam,Frontend,,Germany,Forge,Java,3925,369,693,46,447,492,303,16/06/2025,25:61,22,3764,509,8.1,29,16,40.1,FAIL,6,Yes,Yes,Sprint-12,2084.7,
D0194,Chris,AI,9.5,Germany,Nova,pyhton,-5,338,3544,2,920,288,463,2023-05-05,00:00,69,3079,1352,10.2,6,15,50.8,Success,3,No,Yes,Sprint-12,4751.5,Apache-2.0
D0401,Sam,Frontend,,USA,Forge,pyhton,1356,708,2971,18,596,67,325,2025-03-07,00:00,25,2408,331,9.0,4,17,13.6,FAIL,2,Yes,Yes,Sprint-5,2111.7,Apache-2.0
D0247,Sam,Backend,6.8,USA,Forge, PYTHON,-5,659,2021,78,908,371,382,20/02/2023,8PM,76,3339,127,13.8,30,13,65.2, ,10,Yes,Yes,Sprint-11,95.8,GPL
D0373,Taylor,Backend,8.1,Germany,Atlas,python,-5,853,3362,83,44,173,102,2024-06-14,8PM,62,4560,243,2.9,8,18,56.4, ,7,No,Yes,Sprint-2,1178.2,Apache-2.0
D0492,Taylor,Platform,,Germany,Nova,Go,2345,767,1613,60,260,65,258,2024-09-17,25:61,4,54,2475,10.2,7,26,59.0,FAIL,7,Yes,Yes,Sprint-1,4895.9,
D0388, ,Platform,,Germany,Forge,pyhton,-5,721,4837,40,585,112,442,2023-08-03,25:61,77,146,1491,10.4,16,27,51.1,FAIL,5,Yes,No,Sprint-11,1192.7,Apache-2.0
D0262,Taylor,Platform,,India,Atlas,,4656,242,1264,170,288,237,68,2023-02-16,25:61,34,4560,2478,4.4,11,3,58.3, ,9,Yes,Yes,Sprint-3,1011.9,Apache-2.0
D0516,Alex,Frontend,0.0,Germany,Forge,,999999,12,4118,4,912,99,164,25/02/2023,25:61,84,4556,2117,7.3,21,5,69.2, ,10,Yes,Yes,Sprint-11,40.0,
D0024, ,Platform,7.3,USA,Nova,Java,999999,446,4096,103,615,429,189,2025-04-08,00:00,30,2514,2949,12.0,11,26,36.9,Failed,0,Yes,Yes,Sprint-6,733.9,GPL
D0382,Taylor,Frontend,,Germany,Atlas,Go,-5,862,3843,166,23,214,224,22/11/2023,8PM,28,3302,1942,5.0,11,0,54.7,Failed,2,No,No,Sprint-3,2457.6,GPL
D0178,Taylor,Backend,12.2,Germany,Forge,Python,-5,337,335,199,580,415,283,2024-05-28,00:00,89,2996,1943,5.1,21,8,25.2,Failed,10,Yes,Yes,Sprint-5,3352.5,Apache-2.0
D0150,Alex,DevOps,3.0,USA,Nova,python,999999,71,3362,69,306,435,319,2023-08-24,00:00,65,865,2142,13.2,11,1,33.7,Success,0,Yes,No,Sprint-8,1692.3,Apache-2.0
D0546,Chris,DevOps,0.0,Germany,Atlas, PYTHON,999999,369,4283,40,186,320,194,2024-04-02,8PM,24,4989,773,12.1,24,28,2.6, ,1,Yes,Yes,Sprint-5,688.9,
D0462,Chris,Backend,,USA,Forge,pyhton,999999,807,1653,138,499,324,367,2024-06-01,8PM,89,25,421,9.5,16,11,51.5,Success,1,Yes,No,Sprint-9,1955.0,GPL
D0539,Alex,Frontend,,USA,Nova,python,3355,135,4798,188,808,303,463,07/03/2024,00:00,57,3114,1220,0.3,27,16,10.9,FAIL,5,No,No,Sprint-10,2452.6,GPL
D0334,Sam,Platform,,India,Atlas,,-5,359,2191,75,467,388,492,16/03/2023,00:00,34,4678,1362,8.7,19,12,70.3, ,6,Yes,No,Sprint-1,3062.0,
D0088,Chris,Platform,,USA,Nova,Java,-5,15,3540,110,39,330,481,2024-06-08,25:61,2,1251,1504,5.9,21,25,15.1, ,2,Yes,Yes,Sprint-9,3259.6,Apache-2.0
D0350,Alex,AI,9.3,India,Atlas,,-5,29,1822,153,666,496,358,2025-04-14,25:61,54,4802,591,10.4,28,25,46.4,Failed,1,No,No,Sprint-6,3867.5,
D0461,Sam,AI,,USA,Forge,pyhton,999999,288,4946,195,132,361,412,07/06/2024,8PM,76,222,2275,5.1,8,24,27.8,FAIL,7,No,Yes,Sprint-8,394.0,GPL
D0487,Chris,Backend,,Germany,Nova,Go,999999,761,487,14,954,202,96,17/08/2023,25:61,99,2301,2221,12.7,13,25,10.0, ,2,No,Yes,Sprint-9,3380.7,GPL
D0548,Chris,DevOps,7.2,Germany,Atlas,Python,-5,503,2798,72,930,144,179,07/08/2023,00:00,57,2292,1890,14.0,14,17,62.7,Failed,2,Yes,No,Sprint-1,3202.3,Apache-2.0
D0184,Alex,Frontend,0.6,USA,Nova,Python,-5,496,3347,99,582,431,287,05/02/2024,00:00,4,710,1598,2.0,13,30,8.5,FAIL,0,Yes,No,Sprint-5,2425.4,GPL
D0338,Chris,Backend,,India,Nova,pyhton,1486,103,5596,160,352,197,160,01/12/2024,00:00,9,1485,2796,2.1,28,3,70.4, ,7,Yes,No,Sprint-10,1294.2,Apache-2.0
D0169, ,Backend,,USA,Atlas, PYTHON,999999,565,4124,47,18,325,282,16/02/2023,00:00,39,1299,954,1.2,23,22,52.7,Failed,3,No,No,Sprint-8,3906.4,
D0661,Chris,Platform,8.4,India,Nova,python,999999,502,1377,71,309,164,238,17/06/2025,8PM,34,396,533,9.0,10,18,29.1,FAIL,5,Yes,No,Sprint-1,498.5,Apache-2.0
D0566,Taylor,AI,1.6,India,Forge,Rust,-5,495,5816,116,227,196,251,2023-04-11,8PM,4,205,1535,1.3,5,27,27.4,Success,1,Yes,No,Sprint-8,4149.4,Apache-2.0
D0198,Chris,AI,11.1,India,Atlas, PYTHON,-5,438,1527,55,512,285,13,06/02/2024,25:61,68,1892,1399,9.6,9,11,45.6,Failed,5,Yes,Yes,Sprint-9,2519.6,Apache-2.0
D0185,Chris,AI,15.0,Germany,Atlas,Rust,758,701,5111,192,512,245,294,23/05/2024,8PM,23,4017,7,4.1,12,23,55.2, ,6,No,Yes,Sprint-8,1818.8,GPL
D0005,Taylor,Platform,0.9,Germany,Nova,python,2924,422,2240,99,443,15,102,06/06/2023,00:00,62,2670,1256,1.2,29,23,44.4,Failed,8,No,Yes,Sprint-5,3485.7,Apache-2.0
D0154,Chris,Frontend,,USA,Forge,,813,286,582,127,89,65,307,2023-01-21,8PM,15,4502,1543,13.6,9,12,32.5,FAIL,6,Yes,Yes,Sprint-12,1108.2,MIT
D0238,Sam,DevOps,,Germany,Nova, PYTHON,4405,942,2777,63,307,168,484,06/02/2023,8PM,20,560,712,13.9,20,18,16.6, ,0,Yes,Yes,Sprint-7,2562.5,MIT
D0684,Chris,DevOps,13.7,Germany,Atlas,Java,-5,677,1713,139,727,351,274,31/12/2023,00:00,49,3386,418,12.2,12,23,32.8,Success,0,No,Yes,Sprint-2,1830.9,
D0368,Alex,AI,12.7,India,Nova, PYTHON,999999,7,695,120,724,255,225,2024-04-29,00:00,78,4465,280,13.7,26,12,33.8,FAIL,10,Yes,Yes,Sprint-5,478.6,Apache-2.0
D0309, ,Backend,7.8,USA,Nova,Go,1710,977,5879,161,712,340,294,2024-11-02,25:61,64,525,806,5.0,9,24,17.9,Failed,2,No,No,Sprint-1,1585.1,Apache-2.0
D0451,Sam,DevOps,12.3,USA,Atlas,Python,1756,334,5558,143,609,444,363,2025-02-09,00:00,76,447,1150,9.2,9,12,69.5,Success,6,Yes,No,Sprint-6,295.7,
D0149,Taylor,Platform,8.4,Germany,Forge,Python,999999,23,4707,162,508,442,375,2024-10-08,25:61,81,365,2652,13.1,12,27,23.3,Success,7,Yes,Yes,Sprint-5,1236.1,
D0182,Chris,DevOps,0.4,India,Nova,Rust,-5,243,4407,63,988,257,36,02/12/2024,8PM,81,-19,1057,9.2,29,13,13.7,Success,8,Yes,Yes,Sprint-1,70.3,MIT
D0383,Chris,Backend,,India,Nova,Rust,-5,742,1302,122,728,218,60,11/02/2024,00:00,55,629,301,6.9,25,25,42.0, ,3,No,Yes,Sprint-6,3925.3,MIT
D0665,Taylor,Platform,,Germany,Nova,Java,999999,862,2791,25,912,113,498,28/06/2023,00:00,53,2207,1064,13.5,3,7,53.2, ,10,No,Yes,Sprint-7,4329.5,GPL
D0224,Alex,Platform,,India,Forge,Go,999999,68,809,195,273,448,462,21/08/2024,25:61,87,3782,428,10.8,23,14,68.9,Failed,8,Yes,No,Sprint-1,1454.1,
D0571, ,Platform,12.7,Germany,Forge,TypeScript,3382,326,5875,72,981,316,162,30/07/2024,00:00,71,4001,1000,9.8,17,7,54.7,Success,10,Yes,Yes,Sprint-10,1307.3,MIT
D0398, ,Backend,13.1,India,Atlas,Go,999999,489,2659,113,381,257,204,2024-08-03,8PM,99,4985,1209,1.6,12,25,29.5,Success,4,No,No,Sprint-6,4317.4,MIT
D0689,Chris,Platform,,India,Forge,TypeScript,-5,529,2898,118,585,468,34,2024-03-19,00:00,93,123,2838,3.4,14,4,46.7,FAIL,4,No,No,Sprint-5,3024.2,Apache-2.0
D0125,Taylor,AI,,USA,Forge,python,999999,826,37,150,544,352,114,12/01/2025,8PM,71,4426,2748,7.3,11,22,28.2,FAIL,3,Yes,No,Sprint-12,589.1,
D0313,Taylor,Frontend,,USA,Forge,python,510,455,549,34,516,286,99,13/04/2024,8PM,36,3566,1380,10.4,8,4,14.1,Success,7,Yes,Yes,Sprint-9,322.0,GPL
D0291, ,Platform,,Germany,Nova,,999999,629,3437,192,300,243,191,13/08/2024,25:61,91,1245,1605,6.8,30,25,10.2,Failed,4,No,No,Sprint-4,3727.3,Apache-2.0
D0333,Alex,Platform,11.1,USA,Atlas,Rust,4199,897,2189,37,460,81,76,2024-12-02,25:61,71,394,1379,13.4,5,25,13.8, ,10,No,No,Sprint-9,1428.5,GPL
D0639,Sam,Frontend,0.8,Germany,Atlas, PYTHON,-5,312,5223,122,363,94,436,17/09/2024,00:00,12,2984,1291,11.5,2,23,28.7,Failed,6,No,No,Sprint-7,2722.0,GPL
D0041, ,DevOps,,Germany,Atlas,python,999999,168,5268,48,795,349,122,23/05/2023,8PM,97,1413,2299,4.2,29,8,56.7,Success,7,Yes,No,Sprint-8,215.3,
D0366, ,Platform,2.5,India,Nova,Python,-5,466,1490,35,412,207,167,09/01/2025,00:00,69,4958,2165,8.9,23,20,43.0,Success,4,No,Yes,Sprint-10,2033.6,GPL
D0162,Alex,Platform,5.0,India,Forge,pyhton,-5,853,2511,52,191,73,403,2023-12-28,00:00,9,1815,1023,1.6,23,2,24.4,FAIL,4,Yes,Yes,Sprint-7,2952.8,GPL
D0352,Taylor,Platform,,USA,Nova,Python,-5,896,3473,170,908,254,25,21/05/2025,8PM,84,2885,16,9.3,11,1,0.5,Failed,5,No,No,Sprint-9,2368.3,Apache-2.0
D0465, ,DevOps,3.4,USA,Forge,Go,1753,304,5775,51,494,0,492,2023-01-30,00:00,61,4408,2350,12.5,29,12,24.1,Success,5,Yes,No,Sprint-7,3417.1,Apache-2.0
D0089,Taylor,Backend,7.5,USA,Forge,Go,999999,371,5903,159,716,334,392,12/02/2023,25:61,47,2065,2623,9.9,10,9,50.0,Success,2,Yes,No,Sprint-10,4504.0,MIT
D0122,Taylor,DevOps,,India,Forge,python,-5,809,4266,153,25,358,412,18/10/2024,00:00,27,875,161,11.2,6,23,39.3, ,8,No,No,Sprint-12,376.2,
D0027,Alex,Backend,,India,Nova,Go,-5,137,2280,186,850,187,131,2023-10-28,00:00,98,4618,1775,7.6,22,13,6.3, ,8,No,Yes,Sprint-6,1832.4,
D0635,Taylor,AI,14.0,Germany,Nova,Rust,1953,607,3895,168,424,7,360,2025-03-19,8PM,3,3578,2048,9.3,27,24,16.4,Success,10,Yes,Yes,Sprint-2,4861.4,Apache-2.0
D0682, ,Frontend,5.1,USA,Forge,Rust,999999,317,902,108,887,4,103,2023-02-19,00:00,97,3943,343,14.0,11,11,33.9,FAIL,8,Yes,Yes,Sprint-9,1661.2,
D0035,Alex,AI,,India,Forge,pyhton,-5,879,4595,156,140,478,163,01/05/2025,25:61,65,2889,1169,13.1,13,17,63.9,FAIL,4,No,No,Sprint-6,1128.8,Apache-2.0
D0375,Chris,DevOps,12.5,India,Atlas,pyhton,185,144,5259,183,932,396,497,2025-02-13,00:00,40,4790,2941,13.5,21,30,14.6,FAIL,0,No,No,Sprint-3,2745.5,
D0425,Alex,DevOps,,Germany,Forge,Python,1865,618,1923,41,715,455,148,26/08/2024,00:00,90,3122,332,13.8,18,27,22.3, ,8,No,Yes,Sprint-1,296.7,GPL
D0365, ,Backend,0.3,India,Nova,Java,999999,502,5190,88,964,423,452,27/07/2023,00:00,76,1712,2447,10.4,3,26,37.1,FAIL,8,No,No,Sprint-6,3696.0,
D0536,Alex,AI,6.9,India,Forge,Python,999999,513,2614,104,540,448,26,2024-11-04,25:61,61,3437,1206,8.9,13,4,35.9, ,3,Yes,Yes,Sprint-4,1949.6,MIT
D0350,Sam,Frontend,,Germany,Atlas,Rust,-5,809,1708,42,304,140,297,2024-07-22,25:61,98,3797,1646,9.4,8,29,63.6,Success,8,No,Yes,Sprint-3,4447.3,GPL
D0674,Sam,Frontend,2.3,India,Forge,Go,999999,232,5973,165,793,493,69,2023-07-11,25:61,22,3258,1410,5.2,18,17,52.6,FAIL,6,No,No,Sprint-1,873.3,GPL
D0014,Chris,Platform,12.6,Germany,Forge,,999999,483,886,48,470,199,239,15/06/2023,00:00,35,4895,324,12.3,23,19,27.8,Failed,5,No,No,Sprint-12,4175.0,Apache-2.0
D0357, ,Backend,,USA,Nova,Java,1432,161,4494,75,147,479,493,13/08/2024,25:61,1,1075,2629,11.6,22,5,71.1,FAIL,3,Yes,No,Sprint-8,1555.8,
D0020,Alex,DevOps,10.9,Germany,Nova,Java,2797,15,5196,7,158,197,280,2023-01-20,00:00,57,4669,1814,10.2,30,9,49.2,Success,2,No,No,Sprint-4,181.6,Apache-2.0
D0318,Alex,Platform,11.3,Germany,Forge,Java,999999,665,466,187,384,108,252,05/03/2025,25:61,6,240,766,9.4,3,28,53.3,Failed,1,No,Yes,Sprint-10,1802.6,Apache-2.0
D0665,Sam,Backend,,India,Forge,TypeScript,-5,2,5469,90,470,151,217,2025-04-26,8PM,80,1608,283,12.0,21,12,48.8,Failed,4,Yes,No,Sprint-3,2474.8,GPL
D0628,Alex,Platform,,India,Atlas,,1725,823,5595,147,301,48,152,03/07/2024,00:00,7,1785,268,12.1,29,4,26.4, ,4,Yes,No,Sprint-3,1045.4,MIT
D0286, ,AI,,India,Atlas,python,488,760,4229,123,952,311,450,12/03/2024,8PM,60,1978,2016,6.5,16,18,25.3,Failed,6,No,No,Sprint-7,220.1,GPL
D0621,Sam,Frontend,4.3,India,Nova,Java,999999,51,4149,11,825,159,374,2023-12-20,25:61,3,99,996,12.9,0,3,14.1,Success,4,Yes,No,Sprint-12,3066.9,
D0557,Taylor,Platform,7.3,USA,Nova,,4300,832,2734,42,55,311,245,2023-06-16,25:61,98,3536,776,11.3,9,1,57.9, ,10,Yes,Yes,Sprint-2,3231.7,GPL
D0097,Sam,Platform,3.6,India,Atlas,Rust,2745,600,5757,107,32,403,240,30/11/2023,25:61,62,3850,296,10.3,2,23,17.6,Success,0,No,Yes,Sprint-7,1102.3,
D0483,Chris,DevOps,,USA,Atlas,python,1887,603,2363,28,840,298,42,2024-05-06,8PM,13,2588,126,3.4,3,4,62.8,Failed,0,No,Yes,Sprint-8,4455.3,Apache-2.0
D0530,Alex,Backend,,USA,Nova,TypeScript,-5,18,4079,19,953,337,496,09/11/2023,8PM,96,3082,2110,3.8,7,25,62.2,Failed,7,Yes,Yes,Sprint-2,4535.9,MIT
D0621,Taylor,Backend,5.7,Germany,Atlas, PYTHON,-5,983,5631,98,997,211,255,2023-07-13,8PM,53,3102,279,8.6,7,14,23.4,Failed,0,Yes,Yes,Sprint-8,1842.0,GPL
D0189, ,AI,14.1,India,Nova, PYTHON,999999,288,1155,140,606,203,5,2023-10-10,8PM,61,3914,1104,2.2,13,7,69.5,FAIL,9,Yes,No,Sprint-3,2741.5,GPL
D0466,Alex,DevOps,,Germany,Atlas,python,999999,862,5158,65,718,89,238,03/01/2024,00:00,26,1451,220,2.6,24,16,36.6,Failed,9,Yes,No,Sprint-5,2507.3,GPL
D0511, ,Backend,13.1,Germany,Nova,TypeScript,999999,800,1999,11,939,29,30,2024-10-06,8PM,22,2038,1631,0.7,16,11,17.0, ,4,No,Yes,Sprint-7,750.7,Apache-2.0
D0654,Chris,AI,,Germany,Atlas,python,-5,733,4397,45,276,258,30,27/12/2024,25:61,46,543,131,5.8,11,26,55.3,Failed,0,Yes,No,Sprint-10,1100.3,Apache-2.0
D0397, ,Frontend,,USA,Nova, PYTHON,999999,698,1989,110,653,333,467,14/04/2024,8PM,7,2812,2055,10.6,1,28,54.0,FAIL,3,No,Yes,Sprint-10,3906.3,GPL
D0204,Chris,Platform,,USA,Nova,pyhton,-5,969,3698,92,262,254,74,2025-06-08,8PM,15,2895,2060,11.7,22,22,56.5,FAIL,8,Yes,Yes,Sprint-6,857.3,
D0434,Alex,Backend,5.0,USA,Atlas,pyhton,999999,364,1547,181,832,455,158,2023-04-09,8PM,38,3639,232,9.3,24,12,2.5,FAIL,2,Yes,No,Sprint-8,3111.7,GPL
D0124,Alex,Platform,10.8,USA,Atlas,Java,999999,886,4519,3,729,113,122,2023-03-22,8PM,25,3290,338,7.8,4,16,0.7,Failed,5,Yes,No,Sprint-11,1265.0,
D0067,Alex,DevOps,,Germany,Forge,TypeScript,999999,736,3794,88,906,167,448,11/04/2024,25:61,56,2514,2000,1.5,26,9,23.1, ,0,No,Yes,Sprint-3,554.4,
D0141,Alex,Platform,10.5,Germany,Forge,Go,999999,588,5325,25,141,114,435,29/12/2024,25:61,9,1537,656,5.0,9,12,66.3,FAIL,7,Yes,Yes,Sprint-4,2824.9,
D0213,Taylor,Backend,,India,Atlas,python,2865,778,2454,142,631,269,203,15/01/2024,00:00,36,2572,2220,4.8,0,0,69.1,FAIL,4,Yes,No,Sprint-1,1819.9,
D0521,Chris,Backend,,India,Forge,Go,-5,247,5710,48,860,414,314,2024-09-05,8PM,75,800,402,3.4,15,10,3.7,FAIL,8,No,Yes,Sprint-5,2055.4,
D0322,Chris,Platform,4.0,USA,Forge,pyhton,2199,806,3118,96,477,313,344,2024-09-29,8PM,28,383,102,8.7,24,4,18.8,Failed,3,No,No,Sprint-8,2435.0,GPL
D0293,Sam,DevOps,14.9,USA,Nova,Go,-5,252,2521,149,223,213,481,21/07/2024,00:00,66,3836,1053,11.0,28,1,33.8,FAIL,9,Yes,Yes,Sprint-1,3052.1,
D0221,Taylor,DevOps,0.1,USA,Forge,Java,999999,397,2195,166,905,482,400,2023-05-25,25:61,78,337,1970,2.3,0,7,56.7,Failed,3,No,Yes,Sprint-4,3895.3,GPL
D0413,Alex,Frontend,,USA,Atlas,Java,999999,381,2330,32,123,200,273,2023-02-19,25:61,88,4679,1862,2.9,7,18,20.1,FAIL,2,No,No,Sprint-10,1285.8,GPL
D0653,Sam,Platform,,India,Atlas, PYTHON,999999,138,4403,56,56,54,243,2024-07-10,00:00,95,4051,473,5.0,9,21,8.3,Failed,2,Yes,No,Sprint-10,795.7,Apache-2.0
D0177, ,Platform,13.8,Germany,Atlas, PYTHON,999999,959,3388,60,85,243,211,2024-05-27,8PM,68,4555,1878,12.8,22,8,70.1,Failed,1,No,Yes,Sprint-3,4510.8,Apache-2.0
D0549,Taylor,Backend,8.0,Germany,Nova,,-5,354,3925,9,287,114,202,05/01/2025,25:61,88,4813,2131,9.3,24,22,39.3,Failed,4,No,Yes,Sprint-1,493.4,GPL
D0513,Alex,Platform,4.1,Germany,Nova,Java,-5,622,1639,161,636,495,6,29/09/2024,00:00,88,4028,2710,10.9,10,23,27.0, ,1,No,Yes,Sprint-7,2284.9,
D0269, ,Frontend,1.0,Germany,Nova,,999999,247,3966,105,933,106,406,2023-10-30,8PM,46,4653,118,9.3,8,13,60.8,Success,5,Yes,No,Sprint-11,1776.5,GPL
D0594, ,Backend,,Germany,Forge,Python,1633,323,1762,63,165,367,442,28/06/2024,25:61,39,2043,2379,10.4,26,24,68.4,FAIL,7,No,No,Sprint-3,1112.9,GPL
D0099, ,DevOps,,USA,Atlas,Python,3108,845,2294,198,711,306,38,2025-04-22,00:00,68,4923,923,13.2,1,30,52.6,FAIL,1,No,No,Sprint-8,1317.5,GPL
D0058,Chris,DevOps,1.6,Germany,Nova,python,-5,127,2080,65,679,275,427,2023-12-26,8PM,33,1868,1771,4.2,24,22,8.9,Success,2,No,No,Sprint-6,180.2,Apache-2.0
D0226,Sam,DevOps,14.3,USA,Forge,Python,-5,392,2336,133,353,379,235,2025-06-02,8PM,69,1503,1108,3.7,1,8,31.6,FAIL,3,Yes,No,Sprint-4,4690.4,Apache-2.0
D0600, ,DevOps,,India,Forge,Python,999999,163,1904,165,772,332,449,17/04/2025,25:61,74,4225,1595,0.5,27,7,13.5,Failed,4,Yes,Yes,Sprint-11,3972.1,Apache-2.0
D0280,Alex,Backend,6.1,Germany,Nova,python,-5,613,3241,100,617,225,436,11/11/2024,8PM,98,1076,2012,3.0,28,23,19.6,Success,2,Yes,No,Sprint-12,4359.4,Apache-2.0
D0459,Sam,Platform,,Germany,Forge,Python,999999,648,1339,89,555,89,117,2023-10-28,00:00,71,2624,1147,2.0,14,5,64.7,Failed,2,Yes,No,Sprint-8,1674.2,
D0481,Alex,Frontend,,India,Nova,Java,788,169,2852,143,269,9,245,2023-07-21,25:61,50,1274,609,6.1,4,10,28.7,FAIL,9,No,No,Sprint-4,4912.0,Apache-2.0
D0577, ,Backend,,USA,Forge,Rust,-5,874,5050,129,456,236,411,2025-03-10,25:61,78,2041,1094,1.7,28,26,68.6, ,0,No,Yes,Sprint-6,2021.7,GPL
D0408,Sam,Platform,14.0,USA,Atlas,pyhton,-5,814,5060,106,698,351,351,21/10/2023,8PM,78,2887,55,11.7,21,22,24.3,FAIL,3,No,Yes,Sprint-12,4255.3,
D0469,Sam,Frontend,11.5,Germany,Forge,Go,999999,313,3620,139,309,441,223,27/08/2024,00:00,7,3738,1940,9.0,21,25,51.6,Success,7,Yes,Yes,Sprint-12,2263.8,Apache-2.0
D0579,Chris,DevOps,,India,Nova,Go,1572,619,1419,131,606,166,251,28/10/2024,00:00,16,1070,731,1.4,29,8,29.1,Failed,1,No,No,Sprint-4,4331.3,
D0522,Alex,Backend,,India,Forge,Python,-5,331,2999,80,379,82,193,2024-06-01,25:61,21,899,2144,1.2,14,22,41.9, ,9,Yes,Yes,Sprint-5,556.6,GPL
D0396,Alex,Frontend,13.4,Germany,Forge,python,-5,236,4612,0,119,30,120,2024-07-26,00:00,45,3060,2017,5.1,30,27,70.8,Failed,9,Yes,Yes,Sprint-1,1513.6,GPL
D0402,Chris,AI,,India,Atlas,Java,999999,506,3890,105,562,23,467,2023-01-10,25:61,38,-5,2045,2.6,28,8,58.7,Success,9,Yes,No,Sprint-1,3003.6,GPL
D0251,Taylor,Backend,,Germany,Nova,TypeScript,1413,825,1693,62,11,398,116,10/07/2023,8PM,24,3805,2740,13.0,27,15,48.2,Failed,4,Yes,Yes,Sprint-12,43.8,MIT
D0176,Taylor,Frontend,,Germany,Forge, PYTHON,999999,205,871,9,726,378,41,2024-06-06,8PM,1,156,1925,7.1,17,0,37.7, ,6,Yes,No,Sprint-12,4448.2,GPL
D0135,Chris,DevOps,8.3,Germany,Forge,Rust,999999,154,5163,32,774,4,104,2023-02-25,8PM,76,4911,788,1.3,30,16,18.9,FAIL,0,No,No,Sprint-1,4943.5,MIT
D0556,Chris,DevOps,3.3,USA,Forge,Java,-5,675,1811,80,876,179,444,2024-12-14,25:61,42,3245,115,9.8,29,8,41.5,Success,2,Yes,Yes,Sprint-3,4317.6,
D0636,Sam,AI,6.4,Germany,Nova,Go,-5,350,5138,179,53,160,216,2024-02-04,00:00,34,1411,1274,5.6,10,29,39.8,Failed,1,Yes,No,Sprint-5,3055.1,
D0250,Sam,Frontend,12.3,India,Forge,TypeScript,-5,166,2895,63,714,411,468,2024-02-17,25:61,55,3791,334,3.2,26,11,37.3,Failed,6,Yes,No,Sprint-10,1565.8,
D0039, ,DevOps,,USA,Atlas,Go,999999,412,691,114,259,16,43,09/03/2024,00:00,10,807,2331,10.0,2,16,19.5, ,1,No,No,Sprint-9,1729.5,
D0509, ,AI,,Germany,Forge,Java,881,307,811,2,665,454,2,22/09/2024,8PM,53,4496,417,12.9,2,19,46.6,Failed,7,No,No,Sprint-11,754.8,MIT
D0686,Sam,Platform,,USA,Atlas,Rust,-5,64,422,53,495,496,207,2025-02-21,25:61,46,4765,334,1.2,5,27,46.5,Failed,7,Yes,Yes,Sprint-12,2859.3,Apache-2.0
D0083, ,AI,7.1,India,Atlas,,4656,796,2409,2,546,408,440,29/12/2024,00:00,84,1651,2388,14.0,22,23,34.9,Failed,3,Yes,Yes,Sprint-8,3988.5,Apache-2.0
D0475, ,Frontend,3.7,Germany,Forge,Go,-5,873,232,154,676,438,470,21/09/2023,00:00,20,3360,2071,12.6,20,27,18.9,Success,0,No,No,Sprint-2,26.9,GPL
D0472,Chris,Backend,6.4,Germany,Nova,Rust,-5,977,2128,51,424,448,35,2023-09-25,25:61,40,1667,1571,3.6,17,26,25.4,Failed,7,No,Yes,Sprint-10,3059.8,Apache-2.0
D0645,Sam,AI,,India,Nova,pyhton,-5,432,4522,110,673,500,4,2025-03-28,00:00,68,3939,2937,7.6,3,20,0.7,FAIL,7,No,Yes,Sprint-5,358.7,Apache-2.0
D0690,Sam,Backend,,Germany,Forge,python,-5,724,3043,44,320,458,362,2025-03-29,25:61,51,1030,1240,13.5,0,26,11.8,Success,8,Yes,Yes,Sprint-11,921.0,Apache-2.0
D0642, ,AI,,India,Atlas,Python,-5,791,96,130,202,288,477,22/01/2023,25:61,37,2000,1451,8.8,14,11,2.2,Success,7,No,No,Sprint-4,1840.4,MIT
D0465,Sam,AI,0.3,Germany,Atlas,Rust,999999,48,1072,191,907,333,396,2023-04-08,8PM,45,1702,2017,6.0,8,8,45.4,FAIL,2,No,No,Sprint-2,4645.2,MIT
D0349,Alex,Platform,,India,Nova,,-5,490,3619,26,254,262,30,01/05/2023,8PM,32,1286,1536,3.0,7,30,23.6,Success,5,No,Yes,Sprint-9,1771.8,Apache-2.0
D0341,Chris,DevOps,4.7,Germany,Forge,Java,-5,870,4864,23,720,108,464,21/07/2023,25:61,58,2476,1698,4.4,12,8,2.1,Failed,9,No,No,Sprint-4,983.4,
D0300, ,AI,,Germany,Forge,,3168,925,3164,51,156,116,423,19/06/2024,8PM,39,382,1041,3.5,28,24,36.7, ,1,No,No,Sprint-11,2834.1,MIT
D0618,Chris,Platform,3.8,Germany,Nova,,-5,183,5732,173,869,479,171,07/06/2023,00:00,28,1735,560,5.1,20,15,1.6,FAIL,1,Yes,No,Sprint-12,439.0,GPL
D0306,Alex,Backend,12.2,Germany,Atlas,Rust,1503,838,4586,169,34,4,139,2023-09-03,00:00,46,4563,588,6.2,8,24,35.5,Failed,4,No,Yes,Sprint-4,2731.7,Apache-2.0
D0201, ,Platform,12.0,India,Nova,,118,161,335,84,817,38,170,2024-07-09,25:61,44,1227,1828,9.0,12,18,68.3,Success,4,Yes,Yes,Sprint-1,1168.8,
D0602,Alex,Frontend,,India,Atlas,python,999999,130,4254,145,492,339,290,18/09/2023,8PM,81,4419,1864,1.1,22,1,1.7,FAIL,2,No,No,Sprint-7,1510.2,GPL
D0432,Alex,Frontend,3.3,India,Nova, PYTHON,-5,696,5230,91,136,431,138,2023-02-26,00:00,39,1740,1726,7.0,26,28,46.7, ,0,No,No,Sprint-3,2762.0,GPL
D0040,Sam,Frontend,2.5,India,Atlas,pyhton,297,479,4143,43,211,197,174,2024-09-05,8PM,54,2288,2575,13.0,29,19,2.4,Failed,6,No,Yes,Sprint-5,205.6,Apache-2.0
D0330,Chris,Backend,5.3,India,Atlas,Rust,-5,58,5409,152,803,449,447,2023-11-01,00:00,39,1042,973,7.9,8,12,3.4,Success,10,Yes,Yes,Sprint-9,202.3,GPL
D0282,Chris,Frontend,,Germany,Nova,python,2884,790,5631,22,596,135,82,20/11/2023,25:61,92,1893,30,12.6,22,20,28.0, ,0,Yes,No,Sprint-4,3854.2,Apache-2.0
D0127,Chris,AI,8.5,India,Atlas,,-5,499,2337,51,423,334,167,2023-06-01,00:00,8,2317,239,10.2,5,2,11.7,Success,5,Yes,No,Sprint-2,228.3,Apache-2.0
D0130, ,Frontend,,Germany,Forge,python,-5,886,3312,134,814,51,158,2024-01-27,00:00,7,3869,2199,5.6,25,7,52.2, ,6,Yes,Yes,Sprint-9,4878.5,Apache-2.0
D0495, ,Platform,,USA,Forge,,-5,619,5919,30,338,426,3,14/03/2025,25:61,34,2076,2800,7.2,0,25,47.7,Success,6,Yes,No,Sprint-2,4792.3,MIT
D0519,Taylor,DevOps,7.7,USA,Nova,Rust,580,138,5627,102,920,167,341,2024-01-19,00:00,90,3621,884,2.6,29,26,59.6,Success,10,No,Yes,Sprint-2,4951.7,MIT
D0327, ,AI,,USA,Atlas,pyhton,999999,582,1558,70,673,342,249,2023-09-09,8PM,53,1004,1264,7.2,29,5,28.2,Success,3,Yes,No,Sprint-2,2620.2,GPL
D0603, ,Backend,,USA,Nova, PYTHON,2484,806,3199,155,285,74,491,03/06/2023,25:61,5,591,1517,12.9,23,15,12.8,Success,3,Yes,Yes,Sprint-5,2749.8,MIT
D0401,Chris,Frontend,6.8,India,Forge,Go,4822,502,994,194,48,356,309,25/06/2024,8PM,16,614,934,12.0,2,7,11.6, ,5,No,No,Sprint-8,4369.6,MIT
D0293,Chris,AI,,Germany,Forge, PYTHON,3469,488,5498,166,128,117,85,15/05/2024,00:00,80,3485,2813,8.6,12,10,23.1, ,3,Yes,Yes,Sprint-8,4383.2,
D0022,Alex,AI,,India,Nova,python,2361,707,485,6,331,492,414,10/06/2024,8PM,65,1414,317,8.7,6,5,22.2,FAIL,8,Yes,No,Sprint-4,132.1,Apache-2.0
D0539,Taylor,Frontend,15.0,USA,Nova,,999999,457,1891,40,734,97,74,2023-09-06,00:00,19,4072,1946,0.6,29,0,44.8,Success,5,Yes,No,Sprint-11,2056.2,
D0535,Chris,Frontend,,Germany,Atlas,python,999999,869,576,12,89,486,230,06/08/2024,25:61,29,2730,2216,9.9,14,11,33.6, ,1,No,Yes,Sprint-8,2140.9,MIT
D0018,Taylor,Frontend,,India,Forge,pyhton,-5,804,4795,188,62,342,459,2023-10-26,8PM,39,1607,1431,2.0,15,30,15.9,FAIL,3,No,No,Sprint-7,2621.7,GPL
D0622, ,Backend,,USA,Forge,,-5,635,3933,0,34,180,156,22/03/2025,00:00,35,3989,377,2.8,17,29,71.3,Success,8,Yes,No,Sprint-5,1666.5,MIT
D0495,Alex,Frontend,,Germany,Forge,Rust,-5,908,576,87,533,415,355,2023-10-09,8PM,46,1491,496,8.4,5,6,24.7,Failed,3,Yes,No,Sprint-7,151.5,GPL
D0327, ,Backend,,USA,Nova,TypeScript,4302,98,3372,148,197,306,91,2024-11-22,8PM,15,1689,726,3.6,28,21,27.8,Success,9,No,No,Sprint-10,669.4,
D0451,Sam,DevOps,,Germany,Atlas,Rust,-5,303,5585,148,502,467,482,16/08/2023,25:61,70,2067,1960,10.4,27,22,59.5,Failed,1,No,No,Sprint-5,1006.9,
D0471,Sam,Frontend,,India,Atlas,Java,1650,86,5862,101,213,154,338,2025-04-25,8PM,82,4489,2448,4.3,13,8,23.3,Failed,1,No,Yes,Sprint-2,117.2,
D0070, ,Platform,12.8,India,Atlas, PYTHON,999999,734,4017,104,694,286,229,05/04/2025,00:00,19,3639,2818,7.3,19,29,28.5,FAIL,7,No,No,Sprint-7,4730.5,GPL
D0089, ,Frontend,,USA,Nova,pyhton,-5,73,4338,67,145,406,184,21/10/2023,25:61,57,4271,434,9.2,16,8,27.6,Success,7,Yes,Yes,Sprint-1,1666.6,MIT
D0300,Sam,Platform,,India,Forge,Python,999999,914,1156,47,57,429,107,2024-08-04,00:00,51,4948,2192,3.8,2,20,1.6, ,5,Yes,Yes,Sprint-1,2157.8,Apache-2.0
D0478,Chris,Platform,,Germany,Forge,Python,-5,433,1171,11,947,39,431,04/05/2023,25:61,41,2211,1769,11.7,16,29,35.1,Success,4,Yes,No,Sprint-6,3855.4,
D0217,Alex,Platform,5.8,USA,Nova,pyhton,999999,528,3608,77,91,148,438,16/03/2024,25:61,56,2957,2427,8.9,30,15,30.0,Failed,1,No,No,Sprint-9,4793.5,
D0121,Alex,AI,,India,Forge,Go,2301,580,2153,152,453,196,428,2023-03-22,00:00,79,189,1958,5.0,23,29,0.3, ,3,No,No,Sprint-7,1166.1,
D0523,Taylor,Backend,4.3,India,Atlas,python,999999,820,5810,107,936,33,183,2023-01-14,8PM,56,3271,788,9.2,27,0,52.4, ,10,No,No,Sprint-8,481.6,
D0426,Taylor,AI,,Germany,Forge,Rust,999999,659,1244,148,413,137,24,2024-09-06,00:00,16,2338,386,5.0,25,2,63.3,FAIL,8,No,No,Sprint-5,4189.3,Apache-2.0
D0487,Sam,AI,4.5,Germany,Nova,python,342,902,1254,104,239,471,160,2023-12-13,00:00,75,1818,2885,0.0,29,8,12.1,Success,10,No,Yes,Sprint-9,3888.8,GPL
D0034,Alex,AI,,USA,Atlas,Go,999999,734,5433,62,804,433,380,2024-05-27,8PM,56,213,1232,6.0,17,17,9.0,Success,9,No,Yes,Sprint-10,4931.9,GPL
D0171, ,Backend,,India,Nova,Go,775,994,1563,127,723,419,210,12/11/2023,8PM,26,2693,1230,6.5,10,25,57.7,Success,9,Yes,Yes,Sprint-4,2036.6,Apache-2.0
D0078,Chris,Backend,12.6,India,Nova,Rust,3556,3,4272,53,21,384,116,27/08/2024,8PM,15,483,1862,0.7,4,5,52.7,Failed,0,Yes,Yes,Sprint-4,4743.7,MIT
D0296,Sam,DevOps,,Germany,Nova,Python,999999,209,2313,182,689,201,141,12/06/2025,00:00,6,3987,1464,9.2,5,11,71.1,Failed,0,Yes,Yes,Sprint-11,993.3,MIT
D0360,Alex,Frontend,3.6,Germany,Atlas,Python,999999,431,3710,127,675,389,454,19/06/2025,00:00,14,3816,920,5.4,13,8,45.4,Success,0,Yes,No,Sprint-5,2914.3,Apache-2.0
D0223, ,DevOps,,Germany,Nova,Java,-5,558,3867,125,43,176,326,22/05/2023,8PM,23,2430,1736,1.0,3,12,66.4,FAIL,9,Yes,Yes,Sprint-7,3232.4,Apache-2.0
D0371, ,Platform,,Germany,Forge,Rust,941,236,2136,15,720,367,180,2024-02-28,00:00,99,2983,1321,6.7,28,16,24.5,FAIL,10,Yes,No,Sprint-9,4337.7,MIT
D0465, ,Frontend,11.8,India,Nova,python,-5,768,2809,45,769,317,435,17/09/2024,25:61,81,4884,2995,9.0,7,27,48.4, ,4,No,No,Sprint-4,2750.5,MIT
D0423,Alex,Backend,14.8,USA,Nova,Go,-5,130,231,118,935,84,86,2024-02-26,00:00,83,4230,2558,2.6,1,30,36.2,FAIL,6,Yes,No,Sprint-5,2926.7,Apache-2.0
D0109,Alex,Platform,,India,Forge,TypeScript,3884,862,4326,1,172,55,22,31/10/2023,00:00,35,3730,1130,12.5,7,12,16.3, ,1,Yes,Yes,Sprint-11,3066.7,
D0524,Chris,Frontend,12.6,India,Atlas,,-5,548,5351,106,341,396,415,2024-05-27,8PM,30,1572,988,9.1,23,27,64.0,Failed,2,Yes,No,Sprint-5,3030.5,Apache-2.0
D0019, ,DevOps,,Germany,Nova,pyhton,4883,614,4310,77,28,214,305,2024-06-14,8PM,76,1523,1179,6.5,23,0,69.5,Success,8,No,Yes,Sprint-8,931.9,
D0009, ,AI,12.9,India,Atlas,python,999999,466,5335,200,839,345,43,29/10/2023,8PM,88,4384,1404,0.9,18,6,39.1,Failed,8,No,Yes,Sprint-3,1833.4,
D0048, ,AI,,Germany,Nova,pyhton,1398,37,5592,133,166,6,472,2023-09-23,00:00,45,4340,979,8.1,26,13,33.2,Success,0,Yes,Yes,Sprint-8,2720.7,Apache-2.0
D0265,Chris,Frontend,,USA,Atlas,Go,116,270,5751,5,904,115,426,2024-08-21,8PM,68,1437,1741,4.3,16,18,8.9,Success,3,Yes,No,Sprint-11,4884.1,Apache-2.0
D0443,Alex,Platform,9.1,USA,Nova, PYTHON,-5,293,1964,59,97,339,331,07/02/2023,25:61,67,683,2333,11.9,29,0,23.9, ,7,Yes,Yes,Sprint-7,988.2,GPL
D0269,Chris,DevOps,7.8,India,Nova,Python,-5,922,1878,197,878,101,454,11/02/2024,8PM,20,484,2569,4.8,10,19,16.9,Failed,10,Yes,No,Sprint-9,1413.4,MIT
D0560,Chris,DevOps,0.2,India,Atlas,python,999999,743,3796,32,802,329,194,2023-08-20,00:00,61,4406,2526,11.9,4,15,64.2,Success,10,No,No,Sprint-7,3762.9,MIT
D0337,Taylor,Frontend,,USA,Nova,Rust,999999,628,1128,117,331,261,281,2023-01-28,8PM,76,2653,1367,3.8,1,24,12.8,Success,9,No,Yes,Sprint-12,51.5,GPL
D0548,Sam,Frontend,,India,Atlas,Python,4493,280,2585,139,515,29,251,2024-11-23,25:61,99,1133,703,5.8,29,29,16.2, ,10,Yes,Yes,Sprint-12,3240.7,Apache-2.0
D0459,Alex,Frontend,,USA,Nova,,2375,744,2502,200,699,106,167,07/05/2023,8PM,56,1104,946,6.0,9,7,36.1,FAIL,5,No,Yes,Sprint-6,1104.5,GPL
D0184,Chris,Frontend,12.4,USA,Atlas,Java,2243,872,3562,90,387,51,256,29/01/2024,00:00,19,4180,2109,2.2,20,17,14.5, ,1,No,No,Sprint-4,4938.8,GPL
D0113, ,AI,,India,Forge,TypeScript,2487,355,2678,185,104,393,149,20/04/2025,00:00,88,4077,2753,5.7,11,23,62.5,Success,0,Yes,No,Sprint-9,2414.4,Apache-2.0
D0034,Taylor,Frontend,,Germany,Atlas,Python,999999,897,4496,185,482,435,293,29/12/2024,25:61,25,1808,2508,10.6,23,10,44.6,FAIL,0,No,No,Sprint-4,3189.5,
D0698,Alex,Backend,3.1,India,Nova,pyhton,3090,808,401,131,657,63,254,2024-03-19,00:00,68,4627,1621,5.3,3,0,71.4,Success,0,No,No,Sprint-12,3529.0,MIT
D0047,Taylor,Platform,,Germany,Forge,,4518,739,1914,80,775,330,352,2023-08-17,25:61,80,1122,2070,1.4,11,28,42.8,Failed,9,No,No,Sprint-9,2268.6,GPL
D0215,Alex,AI,4.6,USA,Forge, PYTHON,-5,747,3119,27,247,499,124,2024-03-02,8PM,69,3369,2041,0.1,26,4,6.4,Success,5,No,Yes,Sprint-5,2751.4,Apache-2.0
D0240,Alex,Platform,,Germany,Forge,python,-5,996,5782,38,130,320,157,2025-02-01,8PM,56,2006,2721,0.4,0,6,11.4,FAIL,0,Yes,No,Sprint-8,654.8,MIT
D0669,Taylor,AI,9.9,India,Atlas,TypeScript,4039,629,1308,33,964,298,61,2024-08-30,25:61,40,2651,77,11.3,17,10,54.8, ,0,No,Yes,Sprint-4,1785.2,Apache-2.0
D0452,Chris,Backend,5.6,Germany,Atlas,pyhton,999999,895,5917,100,557,243,387,30/03/2024,00:00,95,2004,2579,11.0,11,20,0.0,Success,9,No,No,Sprint-2,1420.1,MIT
D0068,Chris,DevOps,,USA,Atlas,Rust,999999,547,3611,12,536,57,438,2025-01-16,25:61,61,2862,1273,11.4,2,25,42.3,Failed,4,Yes,Yes,Sprint-9,1890.5,MIT
D0649,Chris,DevOps,12.4,India,Forge,Go,480,726,4706,55,920,435,152,2024-04-23,25:61,88,222,1865,9.8,28,11,17.5, ,10,Yes,No,Sprint-3,2560.4,Apache-2.0
D0455,Chris,Platform,,Germany,Nova,python,999999,294,3923,171,369,259,364,13/01/2024,8PM,46,2885,1840,8.7,0,23,63.6,FAIL,8,Yes,Yes,Sprint-9,537.5,Apache-2.0
D0366,Alex,Platform,7.9,USA,Nova,Rust,999999,732,1088,151,761,378,156,2023-01-04,25:61,89,1998,1836,1.6,29,3,50.1,Success,6,No,No,Sprint-5,2434.4,MIT
D0090, ,Frontend,0.1,India,Forge,Rust,2357,195,2697,99,868,362,394,2025-03-15,25:61,94,474,253,12.7,14,6,55.4,Success,10,Yes,Yes,Sprint-11,2490.1,
D0365,Taylor,AI,6.7,Germany,Forge,Go,2976,552,3064,183,807,361,404,2023-09-21,00:00,44,2238,2184,12.7,26,8,58.5, ,2,Yes,No,Sprint-7,2430.2,Apache-2.0
D0291,Taylor,AI,5.0,Germany,Nova,Java,-5,6,1690,56,694,369,336,27/02/2024,00:00,65,4699,991,2.4,15,28,66.5,Failed,5,No,Yes,Sprint-7,982.0,GPL
D0497, ,Backend,11.6,India,Nova,TypeScript,999999,137,68,171,82,65,344,09/05/2025,25:61,8,4668,2782,4.6,19,6,13.4, ,8,No,No,Sprint-4,4655.2,MIT
D0611,Chris,DevOps,,Germany,Atlas,Go,4497,251,2963,62,898,130,198,21/06/2024,00:00,40,1574,1090,13.4,25,14,22.6,Failed,9,No,Yes,Sprint-5,2779.9,MIT
D0137,Chris,Platform,,USA,Nova,Python,999999,749,5946,140,471,494,377,2024-09-11,00:00,72,3892,1011,13.8,15,17,52.2,Success,3,No,Yes,Sprint-12,2034.0,MIT
D0276, ,DevOps,,Germany,Atlas,Java,999999,903,4193,55,856,459,133,08/05/2025,00:00,82,2304,2876,8.0,9,12,66.6,Success,1,No,Yes,Sprint-11,3716.1,MIT
D0598,Taylor,Backend,0.5,Germany,Nova,pyhton,999999,452,2885,102,894,380,454,2025-04-11,00:00,35,4384,2259,0.9,28,20,57.8,Failed,5,No,No,Sprint-10,4447.8,GPL
D0093,Chris,AI,,India,Forge, PYTHON,-5,270,5859,117,104,211,87,11/05/2024,25:61,47,3546,2400,8.7,16,23,58.1,Failed,5,Yes,No,Sprint-12,2434.5,MIT
D0012, ,Frontend,,Germany,Forge,TypeScript,999999,881,1006,32,226,207,252,2025-04-15,8PM,28,1042,2971,8.7,20,27,11.9,Success,10,No,No,Sprint-10,1261.9,MIT
D0457,Sam,AI,4.2,USA,Atlas,Rust,-5,864,1012,196,478,266,20,2025-01-18,25:61,66,1482,1026,0.1,27,9,69.0, ,5,No,Yes,Sprint-5,3772.3,MIT
D0662,Chris,Frontend,11.1,USA,Nova,Python,999999,299,4900,196,69,269,284,2025-02-02,25:61,77,4431,1748,11.3,17,26,7.4, ,4,Yes,No,Sprint-6,3112.0,
D0151, ,DevOps,,USA,Atlas,,-5,268,1855,162,350,331,264,30/07/2023,25:61,17,96,1695,2.3,12,8,11.5,Failed,5,Yes,Yes,Sprint-5,4465.6,
D0256,Chris,DevOps,,Germany,Nova,,4246,8,1646,26,524,202,427,24/07/2024,25:61,87,1650,2641,12.9,11,14,26.4,Success,6,Yes,Yes,Sprint-8,136.8,Apache-2.0
D0191,Taylor,AI,7.1,Germany,Forge,Rust,999999,605,441,113,727,28,490,2023-08-15,00:00,51,2317,676,10.4,14,20,59.3, ,9,Yes,Yes,Sprint-11,2269.4,
D0104,Alex,Frontend,,Germany,Nova,,4044,163,432,28,90,478,474,2024-07-04,00:00,42,-46,2070,11.0,17,4,29.1,FAIL,3,No,Yes,Sprint-6,2819.1,Apache-2.0
D0431,Sam,Platform,13.7,India,Nova,TypeScript,3997,370,3317,72,533,369,39,2025-05-21,8PM,73,1540,2165,7.3,13,5,58.5,Success,2,Yes,No,Sprint-2,2913.0,
D0573,Alex,AI,,Germany,Nova, PYTHON,999999,381,919,17,545,132,54,2023-09-14,25:61,95,533,684,8.4,25,9,4.3,Failed,2,Yes,Yes,Sprint-7,3406.8,
D0623,Chris,Frontend,3.4,Germany,Atlas,Python,999999,827,2473,92,852,408,2,08/09/2023,00:00,16,3713,540,9.8,0,5,57.7,Failed,8,No,Yes,Sprint-7,1815.1,Apache-2.0
D0693, ,Frontend,,Germany,Forge,Java,-5,962,4987,80,106,120,18,02/04/2025,00:00,100,2903,1860,13.2,19,8,20.7,FAIL,2,No,No,Sprint-9,3605.3,Apache-2.0
D0130, ,Platform,,India,Nova, PYTHON,999999,51,5192,59,925,296,459,19/07/2024,25:61,91,175,1667,12.8,9,23,20.7, ,4,No,No,Sprint-5,1126.3,GPL
D0526,Sam,Backend,,USA,Nova,Python,999999,560,5897,71,477,180,282,2023-04-30,8PM,97,2343,2826,2.3,3,28,68.9, ,3,Yes,Yes,Sprint-8,1497.0,
D0407,Chris,Platform,14.9,Germany,Atlas,,-5,229,437,92,263,1,449,28/05/2025,8PM,4,2404,953,10.6,12,13,50.7,FAIL,6,No,No,Sprint-3,2371.1,
D0186,Chris,Platform,13.7,India,Nova,TypeScript,3662,611,672,29,669,42,74,20/06/2023,25:61,91,476,1595,1.5,4,4,25.5,Success,3,Yes,No,Sprint-4,1154.4,MIT
D0306,Sam,AI,,India,Atlas, PYTHON,-5,225,5965,97,563,334,69,08/05/2024,8PM,98,2921,1880,0.9,26,8,42.1,FAIL,4,Yes,No,Sprint-4,355.5,GPL
D0613,Taylor,AI,,USA,Nova, PYTHON,2971,321,5436,132,227,143,259,2023-10-25,8PM,32,2937,1017,5.8,3,1,54.6,Failed,9,No,No,Sprint-6,3111.6,GPL
D0333, ,Frontend,,Germany,Nova,pyhton,999999,633,5837,191,335,134,249,2024-12-12,8PM,62,151,728,8.9,21,19,28.6,Success,7,No,No,Sprint-6,1765.0,MIT
D0148,Alex,Backend,1.7,India,Forge,python,3488,72,2568,117,365,52,111,2024-03-26,25:61,26,480,1049,8.1,14,24,47.2,FAIL,5,Yes,Yes,Sprint-3,1284.1,
D0134,Chris,DevOps,5.9,Germany,Atlas,Java,27,522,3476,18,936,134,56,2025-06-17,8PM,26,690,2663,0.2,7,10,68.5,Failed,9,No,No,Sprint-6,3933.9,
D0253,Sam,Frontend,,India,Nova,Java,-5,585,5358,161,113,449,52,2024-11-12,25:61,17,2279,2115,5.4,2,0,25.9,FAIL,5,Yes,No,Sprint-12,1808.5,GPL
D0617,Alex,Frontend,,India,Nova,TypeScript,999999,794,3216,176,642,418,14,23/01/2023,25:61,37,1767,1860,1.6,7,26,46.3,FAIL,3,No,Yes,Sprint-4,4308.3,MIT
D0549,Sam,Platform,,India,Atlas,Rust,999999,344,2678,49,97,152,377,18/01/2023,8PM,16,3684,1377,1.2,1,21,64.2,Success,2,No,No,Sprint-5,2755.3,GPL
D0205,Chris,Platform,,USA,Atlas,,-5,788,5146,18,77,218,158,2023-11-27,8PM,81,905,481,3.1,9,10,51.7,FAIL,8,No,Yes,Sprint-8,2411.1,MIT
D0011,Taylor,Backend,12.2,USA,Atlas,,999999,672,4878,170,316,401,265,15/12/2024,00:00,40,4932,1910,11.3,7,16,39.9,Failed,10,No,No,Sprint-8,3679.8,GPL
D0319, ,Backend,,India,Forge,Go,1466,606,1852,183,706,369,405,29/11/2023,00:00,39,1746,1606,12.9,6,6,35.7,FAIL,2,Yes,Yes,Sprint-7,767.4,MIT
D0077,Alex,DevOps,6.8,USA,Atlas,pyhton,1580,247,4858,187,371,99,51,2025-06-11,8PM,21,2308,780,2.5,28,0,45.0,FAIL,10,Yes,No,Sprint-10,1290.5,Apache-2.0
D0665,Chris,AI,6.5,India,Nova,python,-5,979,4367,186,666,160,67,2025-02-27,8PM,8,3492,2326,1.6,3,19,32.6,FAIL,9,No,No,Sprint-9,4214.7,GPL
D0372, ,Platform,2.4,India,Nova,Java,2604,216,3209,154,18,31,439,2024-03-25,8PM,98,3313,1812,12.3,5,8,27.6, ,8,No,Yes,Sprint-10,3512.4,MIT
D0395, ,Backend,,Germany,Atlas,pyhton,-5,24,1934,122,173,35,316,2023-05-21,00:00,46,1117,1192,2.9,18,3,21.2,FAIL,6,No,No,Sprint-3,3281.5,GPL
D0359,Sam,Platform,,USA,Nova,python,999999,233,5043,189,856,51,5,2023-10-25,8PM,63,1699,185,7.0,9,17,38.5,Success,6,No,No,Sprint-12,4243.2,GPL
D0279,Taylor,DevOps,4.4,USA,Nova,Python,999999,546,5105,129,192,355,311,02/10/2024,00:00,1,2119,312,0.1,19,22,59.8,Failed,8,Yes,Yes,Sprint-9,4607.6,
D0565,Sam,Backend,7.3,Germany,Forge,python,4710,49,791,42,700,315,301,2023-04-07,25:61,21,1274,666,13.2,22,6,70.6, ,8,Yes,Yes,Sprint-12,1126.6,MIT
D0537,Chris,DevOps,,India,Forge,python,999999,448,3128,78,382,82,377,18/12/2024,8PM,22,4328,1870,13.9,12,7,16.6,Success,2,Yes,No,Sprint-10,1667.4,MIT
D0654,Chris,Frontend,,India,Forge,Java,999999,893,3524,95,830,68,427,17/03/2025,00:00,96,994,1226,12.0,6,12,64.2,FAIL,0,Yes,No,Sprint-9,374.3,GPL
D0044,Taylor,Platform,,India,Forge,python,1452,623,1869,105,538,392,77,04/04/2025,25:61,13,1735,2346,7.4,21,29,40.7,Success,2,Yes,Yes,Sprint-6,3451.9,Apache-2.0
D0282,Chris,Platform,14.3,Germany,Atlas,Java,999999,348,2697,78,722,428,378,2024-04-23,25:61,1,2132,2509,2.3,21,4,48.4, ,7,Yes,Yes,Sprint-1,4681.8,Apache-2.0
D0079,Chris,Backend,,India,Forge,pyhton,-5,754,1427,153,816,434,125,25/09/2023,25:61,60,573,376,13.4,6,4,42.4,Success,1,No,Yes,Sprint-4,3497.4,
D0619,Alex,AI,,USA,Atlas,Python,999999,33,2277,8,914,256,466,2025-05-20,25:61,26,2370,2399,10.4,15,8,67.2,Failed,6,No,Yes,Sprint-12,1986.2,
D0674,Chris,Backend,10.5,India,Nova,Rust,999999,724,3064,73,820,86,115,06/03/2023,00:00,18,2604,2898,13.6,22,19,14.7, ,1,Yes,No,Sprint-8,2825.2,GPL
D0327,Taylor,Backend,,India,Forge, PYTHON,-5,598,3777,104,492,142,184,2024-10-09,00:00,34,222,1997,7.4,2,24,30.0,Success,6,Yes,No,Sprint-11,1952.5,
D0581,Alex,DevOps,,USA,Nova,Java,3694,787,446,170,764,138,136,2024-06-08,00:00,45,1296,2793,4.2,15,25,41.5, ,2,Yes,Yes,Sprint-5,1773.6,GPL
D0597,Taylor,Frontend,13.6,Germany,Nova,pyhton,3186,780,5789,161,338,226,462,2024-03-13,8PM,87,126,606,0.9,9,9,24.4,FAIL,2,No,Yes,Sprint-2,1226.6,GPL
D0433, ,Frontend,,Germany,Nova,Rust,-5,485,2199,130,860,136,393,03/11/2024,8PM,74,2660,2956,10.3,27,20,56.9,FAIL,0,Yes,No,Sprint-5,1534.5,MIT
D0657, ,Platform,,India,Nova,TypeScript,-5,307,3809,57,120,321,197,2023-11-18,25:61,57,524,1387,0.5,8,3,6.1,FAIL,9,No,No,Sprint-6,3761.0,Apache-2.0
D0608,Chris,Frontend,,USA,Atlas,Go,-5,484,4217,199,640,122,383,2025-03-16,25:61,86,3040,119,1.1,29,12,12.5,FAIL,0,No,Yes,Sprint-8,3944.8,GPL
D0362,Chris,Frontend,6.9,India,Nova,Rust,999999,990,1381,15,55,476,359,11/02/2024,8PM,71,2050,2313,9.5,1,3,49.5,Success,2,No,No,Sprint-1,4510.1,MIT
D0487,Taylor,Backend,6.2,India,Forge,python,3233,260,4091,118,42,278,139,2025-03-15,25:61,1,462,2666,1.4,18,25,39.5,Success,4,No,No,Sprint-10,3375.7,Apache-2.0
D0347,Sam,Frontend,5.6,Germany,Forge,Java,999999,12,4923,155,970,249,305,26/01/2024,25:61,32,2440,1879,2.8,15,10,36.6,Success,2,Yes,Yes,Sprint-12,1425.8,
D0370,Alex,Platform,,Germany,Nova,TypeScript,2305,794,2777,190,306,206,8,2023-09-01,25:61,2,974,2181,2.5,29,10,47.7, ,1,No,Yes,Sprint-6,314.8,Apache-2.0
D0219, ,DevOps,14.7,USA,Nova,TypeScript,-5,261,3068,107,286,202,108,13/09/2023,25:61,68,2395,1939,4.8,23,28,47.5, ,2,No,No,Sprint-6,944.6,MIT
D0310,Taylor,Backend,,Germany,Forge,pyhton,999999,679,5794,138,708,178,225,2023-01-20,8PM,44,4937,1874,6.7,3,12,65.6, ,5,Yes,No,Sprint-1,1138.9,MIT
D0647,Taylor,AI,,Germany,Nova, PYTHON,-5,130,5516,199,58,216,200,2025-06-05,8PM,53,2470,1204,12.0,7,18,59.0, ,1,Yes,No,Sprint-7,4799.1,
D0485,Sam,DevOps,,USA,Nova,pyhton,-5,363,338,143,988,418,235,2023-11-27,00:00,88,2558,731,12.5,23,2,13.9, ,10,Yes,No,Sprint-11,2074.3,GPL
D0224,Chris,Frontend,,USA,Atlas,Java,999999,900,263,67,757,261,474,23/05/2023,00:00,63,1950,2594,2.6,14,6,52.1, ,2,No,No,Sprint-6,202.5,
D0500,Sam,Backend,11.1,India,Forge,pyhton,999999,689,352,187,86,296,315,16/02/2025,00:00,78,-16,2300,2.5,1,16,28.1, ,0,No,No,Sprint-6,1726.0,Apache-2.0
D0412,Chris,AI,,Germany,Nova,TypeScript,999999,659,2722,102,117,153,284,2024-11-18,00:00,16,896,496,0.3,2,14,10.1,Failed,8,Yes,Yes,Sprint-1,3346.0,MIT
D0042,Alex,Platform,7.7,USA,Nova,Python,4322,217,5401,190,278,265,461,2023-08-18,8PM,33,2598,976,4.0,7,14,31.7,Success,6,No,No,Sprint-9,4425.7,
D0421,Taylor,Platform,14.8,India,Forge,TypeScript,-5,280,2946,54,421,192,11,12/02/2024,25:61,28,4731,2636,5.0,25,30,58.1, ,9,Yes,No,Sprint-5,4398.3,Apache-2.0
D0340, ,AI,13.6,Germany,Forge, PYTHON,3244,281,5739,148,245,189,500,2024-04-08,8PM,95,4879,1322,5.8,10,25,24.1, ,2,No,No,Sprint-4,4147.7,
D0467,Taylor,DevOps,,USA,Forge,pyhton,4054,738,2176,154,940,474,131,22/06/2023,00:00,47,2563,2130,0.2,2,30,64.9,Success,10,No,No,Sprint-10,3424.7,
D0246,Alex,DevOps,,India,Nova,python,4431,467,1876,47,794,195,143,2023-06-27,00:00,57,1349,1373,9.1,29,17,67.1,FAIL,0,No,Yes,Sprint-6,4925.7,GPL
D0598,Taylor,DevOps,,India,Nova,TypeScript,999999,342,4308,114,97,77,483,2025-03-01,25:61,5,69,2397,7.0,15,1,65.4,FAIL,8,Yes,Yes,Sprint-9,1449.8,Apache-2.0
D0401,Chris,AI,,Germany,Nova,python,999999,682,4262,99,561,236,410,2023-05-28,25:61,46,453,2097,13.7,1,12,26.5,Failed,0,Yes,Yes,Sprint-1,1411.8,MIT
D0341,Sam,DevOps,,India,Atlas,Java,-5,140,5992,197,749,253,330,2024-01-25,8PM,56,728,730,0.3,8,22,40.5,FAIL,1,Yes,No,Sprint-6,2192.0,
D0597,Chris,DevOps,6.1,USA,Forge,pyhton,4720,948,5653,162,939,401,203,11/03/2024,00:00,67,1987,583,3.4,11,21,51.2,Failed,4,Yes,No,Sprint-6,1504.3,Apache-2.0
D0115,Sam,DevOps,,USA,Forge,,999999,18,2679,21,826,404,391,18/06/2025,00:00,37,1898,653,9.2,7,25,56.4,FAIL,4,No,Yes,Sprint-3,3956.2,Apache-2.0
D0239, ,AI,,Germany,Atlas,Go,-5,841,1316,5,38,155,299,10/07/2023,25:61,66,4560,2033,10.5,15,20,62.4,FAIL,2,Yes,No,Sprint-9,4343.8,
D0257,Alex,AI,,India,Nova,,-5,598,4440,18,235,70,285,2023-12-13,00:00,7,2385,1912,1.9,16,30,17.4,FAIL,9,Yes,No,Sprint-6,2896.3,
D0052, ,Backend,0.4,Germany,Nova,Java,999999,497,5291,129,292,379,384,10/10/2024,8PM,46,3337,364,6.1,5,11,16.1, ,5,No,No,Sprint-9,306.3,GPL
D0443,Sam,Backend,14.2,USA,Nova,TypeScript,999999,342,5965,26,549,92,431,25/11/2024,8PM,15,3046,112,3.6,11,9,14.0,Failed,3,No,Yes,Sprint-2,4973.6,GPL
D0641, ,Backend,1.4,India,Atlas,pyhton,-5,955,5015,116,951,123,252,29/05/2024,8PM,50,343,2003,13.2,30,28,0.9,FAIL,0,Yes,Yes,Sprint-12,1944.4,Apache-2.0
D0654,Alex,AI,,USA,Nova,TypeScript,-5,432,2465,64,668,142,389,25/02/2025,25:61,23,2750,1987,10.1,25,24,25.1, ,6,Yes,No,Sprint-4,2599.7,GPL
D0604,Chris,Platform,,Germany,Atlas,,3967,768,3897,125,868,340,346,03/11/2024,8PM,70,2053,827,0.8,11,27,41.7,Success,3,No,Yes,Sprint-3,104.5,Apache-2.0
D0202,Chris,Backend,6.0,Germany,Forge,Python,3259,564,3951,59,447,262,415,2024-07-30,25:61,63,2029,1811,13.2,2,14,70.5,FAIL,7,Yes,No,Sprint-11,3724.6,GPL
D0315,Alex,Frontend,,India,Atlas,pyhton,2239,487,217,147,934,86,67,21/03/2025,8PM,81,2437,359,5.7,14,12,29.5,FAIL,4,Yes,No,Sprint-3,2317.7,Apache-2.0
D0467,Alex,Backend,,USA,Atlas,pyhton,679,1000,1743,160,276,342,473,06/12/2024,8PM,78,1816,2686,12.4,15,12,39.9, ,10,No,No,Sprint-6,4215.2,MIT
D0277,Taylor,DevOps,,Germany,Forge,,-5,70,1223,102,318,221,110,2024-07-03,25:61,14,3545,2622,9.8,12,11,71.0,Failed,8,No,No,Sprint-5,1917.7,
D0548, ,Platform,9.1,India,Atlas,pyhton,-5,689,832,77,573,108,446,2024-04-18,8PM,35,719,2001,3.5,4,10,60.1,Failed,0,Yes,No,Sprint-10,3391.5,
D0354,Alex,Backend,,India,Atlas,TypeScript,999999,900,650,40,137,370,484,19/04/2025,25:61,23,3582,487,9.4,3,5,8.3,Success,6,No,Yes,Sprint-3,1870.9,GPL
D0437,Alex,AI,6.7,USA,Nova,python,4442,956,3367,200,688,94,196,19/10/2023,25:61,15,2151,1974,5.8,27,17,60.4,Failed,2,Yes,No,Sprint-4,3091.0,
D0407,Alex,Platform,,Germany,Atlas,Python,-5,238,3688,14,90,78,496,01/05/2024,00:00,29,864,870,11.3,9,0,34.5, ,0,Yes,No,Sprint-1,4003.2,Apache-2.0
D0120,Alex,DevOps,11.3,Germany,Atlas,Java,-5,935,5281,19,989,168,200,2025-01-26,25:61,84,1441,2163,10.4,20,12,59.4,Success,0,Yes,Yes,Sprint-4,2837.3,
D0437, ,DevOps,11.5,India,Atlas,pyhton,-5,764,868,131,151,353,123,2023-06-22,25:61,78,2055,2636,6.1,9,24,8.4,FAIL,9,No,Yes,Sprint-1,4645.0,
D0341,Sam,Frontend,,USA,Atlas,Rust,42,93,2081,122,324,172,466,2024-01-13,8PM,66,3983,912,1.2,21,18,48.4,FAIL,4,Yes,No,Sprint-9,524.5,
D0316,Chris,AI,,Germany,Nova,Rust,999999,287,5297,118,685,64,80,2024-12-24,25:61,16,222,642,3.2,28,29,31.8,Failed,8,No,No,Sprint-7,1883.2,
D0137,Sam,DevOps,6.6,Germany,Forge,Go,714,298,4009,128,962,301,269,2024-01-08,8PM,91,3233,603,8.3,20,30,71.5,Success,5,No,Yes,Sprint-2,3047.6,
D0162,Sam,Frontend,,Germany,Nova,pyhton,999999,460,4436,27,571,396,87,2025-04-21,8PM,34,2833,1460,5.5,22,23,57.7,FAIL,9,Yes,Yes,Sprint-3,3891.6,MIT
D0409,Taylor,Frontend,0.8,USA,Nova,Java,1217,129,3079,23,451,225,100,23/10/2023,25:61,30,2529,271,3.1,28,17,11.3,Success,6,No,Yes,Sprint-7,4168.9,GPL
D0106,Chris,DevOps,14.7,India,Nova,Go,-5,466,4096,31,365,267,88,26/11/2024,00:00,89,2390,688,4.4,19,1,71.8,FAIL,3,No,No,Sprint-12,3758.3,
D0506,Sam,Platform,,Germany,Atlas,Rust,-5,966,3279,36,745,76,55,2023-02-05,8PM,7,531,826,3.5,2,28,55.1, ,1,Yes,Yes,Sprint-11,3084.2,MIT
D0259,Alex,Backend,0.7,India,Forge,TypeScript,3694,482,5074,128,416,181,322,2025-04-05,25:61,36,-33,453,10.1,11,22,46.4, ,5,No,No,Sprint-1,39.5,Apache-2.0
D0464, ,Platform,7.4,USA,Forge,,-5,982,5356,167,375,250,192,21/09/2023,8PM,86,4094,2109,13.9,6,13,20.1,FAIL,8,No,Yes,Sprint-1,209.4,GPL
D0503, ,Frontend,,USA,Nova,pyhton,855,167,3973,79,387,386,38,2023-06-29,25:61,59,3022,34,6.8,28,9,2.4, ,6,No,No,Sprint-9,2838.0,MIT
D0151,Chris,AI,,USA,Atlas,Java,999999,623,1231,152,580,101,260,24/06/2024,8PM,62,2897,2700,2.5,3,16,9.1,Success,2,No,No,Sprint-1,4655.7,MIT
D0115,Taylor,AI,9.3,Germany,Atlas,Rust,2433,391,2544,136,154,129,54,2023-09-01,00:00,43,2393,755,4.0,26,30,61.5,FAIL,5,No,Yes,Sprint-6,23.7,GPL
D0530,Taylor,Frontend,,Germany,Nova, PYTHON,1563,165,1078,72,789,344,165,2025-01-03,00:00,33,2322,2553,12.1,3,29,3.0,Success,7,Yes,Yes,Sprint-5,2902.0,MIT
D0437, ,Frontend,,USA,Forge,TypeScript,303,667,761,78,554,12,410,24/09/2024,25:61,58,625,1848,4.3,23,17,14.0,Success,10,No,Yes,Sprint-5,3688.2,Apache-2.0
D0450,Chris,Frontend,,USA,Nova, PYTHON,4650,715,2592,137,515,315,474,2023-03-30,00:00,47,1570,1709,6.6,24,26,24.5,FAIL,2,Yes,No,Sprint-7,2478.6,GPL
D0464,Taylor,Backend,,India,Nova,Python,3842,973,3199,17,900,150,181,2025-02-24,25:61,10,4167,433,12.8,1,24,30.0,Success,3,Yes,Yes,Sprint-6,1809.8,GPL
D0490,Taylor,Platform,5.0,India,Forge,Python,999999,221,299,58,378,281,346,02/06/2025,25:61,8,1935,1512,6.9,19,24,37.3,Failed,10,No,Yes,Sprint-9,3834.0,GPL
D0528,Chris,Frontend,,India,Nova,Python,969,345,2127,9,53,76,263,2023-03-21,00:00,92,1476,146,12.8,1,10,0.7,Success,2,No,Yes,Sprint-9,172.7,MIT
D0639,Chris,Platform,,Germany,Atlas,Rust,999999,343,2871,140,773,161,352,2023-09-26,00:00,50,2388,1483,7.0,6,15,58.1,FAIL,6,Yes,No,Sprint-3,232.3,Apache-2.0
D0605,Alex,DevOps,,Germany,Nova,Python,999999,299,5344,194,805,212,405,2023-09-16,8PM,73,2542,949,5.5,12,12,52.5,FAIL,8,No,No,Sprint-11,3574.0,
D0129,Alex,Frontend,,India,Nova,,3068,262,3531,14,610,60,201,13/06/2023,25:61,19,4785,2491,0.3,13,11,46.2,FAIL,7,Yes,Yes,Sprint-2,147.6,GPL
D0607,Taylor,Backend,,USA,Forge,,2489,885,4606,176,215,165,10,27/11/2023,25:61,85,1906,1527,7.4,19,7,17.4,Success,6,Yes,Yes,Sprint-6,1666.6,GPL
D0231,Sam,Backend,,USA,Forge,,999999,912,5212,128,519,445,190,2025-05-03,25:61,53,1944,1360,8.6,19,29,39.9, ,4,Yes,No,Sprint-4,1181.2,Apache-2.0
D0084, ,Frontend,,USA,Forge,Java,-5,910,1503,105,241,118,443,08/02/2023,25:61,96,1241,737,2.2,30,30,34.8,Failed,2,No,Yes,Sprint-5,1735.3,
D0026, ,Platform,8.0,Germany,Forge, PYTHON,3678,347,791,74,566,376,153,2025-03-11,00:00,49,56,273,6.0,10,12,52.6,FAIL,8,Yes,Yes,Sprint-2,4684.8,Apache-2.0
D0432,Taylor,Frontend,,USA,Atlas,Java,1969,519,3885,18,845,14,388,15/06/2025,8PM,32,3278,2392,4.0,22,29,69.3,FAIL,8,No,Yes,Sprint-9,3285.4,
D0398,Taylor,Backend,11.5,Germany,Nova,TypeScript,999999,151,756,192,242,22,260,31/08/2023,25:61,9,66,1379,6.3,28,15,50.6,Failed,0,No,Yes,Sprint-9,2064.1,MIT
D0575, ,Frontend,,Germany,Nova,Rust,4071,36,1261,93,742,108,467,02/09/2024,25:61,16,3804,1858,7.6,17,30,36.2, ,3,Yes,Yes,Sprint-3,4108.6,Apache-2.0
D0652, ,Platform,13.6,USA,Forge,Go,999999,692,5249,27,989,251,13,2023-12-02,00:00,93,1544,2483,5.7,10,9,36.6, ,2,Yes,No,Sprint-10,2864.4,
D0347, ,Frontend,,Germany,Atlas,Rust,999999,652,643,98,926,98,493,19/03/2025,8PM,16,2744,1507,1.8,27,9,62.0,Success,1,Yes,Yes,Sprint-4,1619.4,GPL
D0309,Chris,AI,,India,Nova,Python,999999,909,2894,104,661,191,152,2023-06-18,00:00,9,1979,2297,5.7,30,6,30.2,FAIL,7,Yes,Yes,Sprint-3,4294.3,MIT
D0014,Taylor,AI,,Germany,Forge,TypeScript,999999,465,4827,20,127,112,403,14/05/2024,25:61,58,4705,1562,2.6,24,13,5.5,Success,6,No,No,Sprint-10,4946.3,Apache-2.0
D0590,Sam,DevOps,,USA,Forge,Java,999999,223,5033,34,131,337,95,2024-06-12,00:00,99,2609,1190,2.7,26,29,36.3,Success,7,Yes,Yes,Sprint-3,1574.4,GPL
D0320,Sam,Platform,14.2,USA,Forge,Java,-5,707,105,105,361,94,356,2025-01-05,00:00,75,4600,1539,1.3,26,21,27.7,Success,4,No,Yes,Sprint-12,1269.8,GPL
D0358,Taylor,DevOps,13.0,India,Atlas,python,999999,563,4816,126,685,231,116,20/06/2023,8PM,43,3719,2184,2.8,11,7,66.6,Success,9,Yes,Yes,Sprint-9,4469.5,
D0604,Chris,Backend,3.8,USA,Atlas,Python,-5,754,4930,67,898,285,51,08/07/2024,25:61,88,1762,1431,3.7,13,18,9.3, ,1,Yes,Yes,Sprint-5,4343.3,MIT
D0231, ,Platform,,India,Forge,Rust,4262,25,1736,128,387,103,107,2023-03-08,25:61,15,2121,2231,2.4,5,3,7.2, ,0,Yes,No,Sprint-5,2990.8,Apache-2.0
D0605,Chris,DevOps,,India,Atlas, PYTHON,927,665,3090,135,851,277,38,2024-06-17,00:00,28,2387,599,7.3,2,27,50.2,Failed,5,Yes,Yes,Sprint-8,3582.0,GPL
D0419,Chris,Backend,12.8,Germany,Atlas,python,4733,589,2496,130,685,169,330,10/05/2023,25:61,95,4866,1334,7.1,3,8,18.8,Success,7,Yes,Yes,Sprint-6,2500.4,Apache-2.0
D0657, ,AI,,India,Nova,Rust,-5,63,5132,50,671,311,102,2023-02-18,00:00,17,1901,1570,4.9,4,3,57.0,Failed,6,Yes,No,Sprint-4,2689.5,
D0427,Taylor,Platform,,USA,Forge,Java,-5,155,142,57,920,154,80,2023-06-15,8PM,84,2992,1238,5.2,12,19,46.7, ,5,Yes,No,Sprint-6,1555.4,
D0565,Sam,Backend,,Germany,Forge,Java,3979,627,4058,35,942,139,378,02/09/2023,25:61,42,2498,654,0.2,4,5,14.9,Failed,10,Yes,Yes,Sprint-9,510.4,
D0195,Alex,AI,,USA,Forge,Go,-5,485,2681,0,838,24,301,2023-12-12,00:00,76,4739,1533,8.2,20,4,45.0,FAIL,8,No,Yes,Sprint-9,1272.9,
D0253,Taylor,DevOps,2.3,Germany,Nova,Go,207,746,3470,44,857,345,180,2024-04-19,00:00,39,3806,1680,6.8,21,24,38.3,Success,6,No,No,Sprint-11,3516.1,MIT
D0358,Alex,Frontend,,Germany,Forge,Java,-5,597,2736,84,33,350,76,2023-07-23,00:00,45,1709,131,2.0,13,11,64.0,Failed,7,Yes,Yes,Sprint-11,4104.8,Apache-2.0
D0179, ,Frontend,12.2,USA,Forge,pyhton,999999,335,5612,158,384,159,165,2023-05-01,00:00,11,3062,2387,9.6,14,7,39.9,FAIL,7,Yes,No,Sprint-9,1836.2,MIT
D0678,Alex,Platform,,USA,Forge,,-5,386,5212,86,479,197,293,2024-12-18,00:00,50,2568,1245,5.5,1,29,66.4,FAIL,4,No,No,Sprint-1,4738.0,GPL
D0612,Taylor,Backend,,Germany,Nova,TypeScript,1367,625,2805,132,728,250,214,03/04/2023,25:61,27,3279,632,11.6,17,27,71.5, ,10,No,Yes,Sprint-8,889.4,
D0576,Sam,Platform,,Germany,Forge,Rust,999999,667,4644,113,671,57,448,2024-08-13,00:00,89,1297,2179,10.6,29,18,14.0,Failed,3,No,Yes,Sprint-5,1161.7,Apache-2.0
D0625,Taylor,Frontend,,India,Nova,pyhton,999999,663,1987,76,494,204,276,03/10/2024,00:00,75,852,2018,12.2,1,13,65.7,Failed,9,No,Yes,Sprint-5,4555.3,MIT
D0385, ,Platform,,USA,Forge, PYTHON,999999,502,3129,8,425,120,110,2023-08-09,8PM,5,2075,1351,13.0,17,5,29.2,Success,1,No,Yes,Sprint-8,1975.4,GPL
D0196,Sam,Platform,,India,Atlas, PYTHON,-5,374,1051,51,612,161,28,17/09/2023,25:61,27,2400,1377,3.3,14,20,66.3,Success,5,No,No,Sprint-7,3499.3,GPL
D0691,Chris,Platform,14.3,Germany,Forge,Python,999999,750,1945,123,459,293,349,2023-11-29,8PM,83,3548,2290,5.8,5,4,67.0,Success,2,No,No,Sprint-7,321.9,
D0324,Sam,Platform,,Germany,Nova,python,999999,123,1262,152,155,406,426,2023-10-26,25:61,47,1717,2523,11.1,29,25,58.0,Failed,4,No,Yes,Sprint-12,155.1,MIT
D0205,Taylor,Platform,8.3,Germany,Nova, PYTHON,418,47,5093,172,692,51,121,30/03/2023,8PM,43,3074,1828,9.5,6,13,60.5,Failed,6,No,Yes,Sprint-11,3235.2,Apache-2.0
D0553, ,Platform,,USA,Forge,Java,999999,453,4825,166,396,121,289,12/02/2025,25:61,88,2923,1067,4.5,22,22,49.1,FAIL,2,Yes,Yes,Sprint-4,763.1,MIT
D0102,Chris,DevOps,,India,Forge,TypeScript,-5,819,4689,168,223,302,217,01/11/2023,25:61,36,1756,2647,3.3,17,21,27.5,Success,8,Yes,Yes,Sprint-8,4246.4,MIT
D0214, ,Frontend,0.6,Germany,Atlas,Rust,-5,514,3558,100,254,386,97,22/09/2023,8PM,35,4424,1604,3.6,3,6,15.9,Success,8,No,No,Sprint-4,4951.3,GPL
D0617, ,AI,1.4,India,Nova,Go,-5,864,1240,158,611,209,366,2024-06-21,8PM,60,1756,444,9.9,14,18,59.6,Failed,10,No,Yes,Sprint-8,1511.3,GPL
D0496,Sam,AI,7.2,Germany,Forge, PYTHON,1863,364,2682,183,141,198,388,2023-01-14,8PM,22,500,2654,2.2,26,27,56.4,Success,2,No,Yes,Sprint-2,3737.0,GPL
D0227,Taylor,Platform,,India,Nova,python,999999,828,4357,78,228,18,329,2024-09-17,25:61,44,1323,809,13.3,1,24,32.3, ,7,No,No,Sprint-12,558.8,GPL
D0413,Chris,Platform,,India,Forge,TypeScript,-5,214,5217,111,719,114,367,21/12/2023,25:61,66,4367,2651,13.9,29,18,63.1,Failed,8,Yes,Yes,Sprint-9,4950.3,
D0125,Taylor,Platform,,USA,Forge,Java,765,532,1910,36,363,338,63,23/07/2023,8PM,68,2054,2185,11.7,12,27,70.0,FAIL,4,Yes,Yes,Sprint-2,86.4,MIT
D0596,Sam,DevOps,,Germany,Nova,TypeScript,-5,364,559,80,564,258,361,2024-05-10,8PM,88,4524,2806,5.5,22,22,42.6, ,10,Yes,No,Sprint-11,4616.1,GPL
D0368, ,AI,3.6,India,Forge,Go,-5,462,567,30,605,296,100,2025-05-25,25:61,26,2805,485,3.7,13,1,68.5,Failed,2,Yes,No,Sprint-8,3620.8,GPL
D0353, ,Platform,3.9,USA,Forge,python,676,53,3100,106,322,225,52,13/06/2024,8PM,50,627,2158,4.4,25,10,22.6,Failed,6,No,Yes,Sprint-4,1044.5,
D0036,Chris,DevOps,,India,Forge,TypeScript,999999,458,2870,88,224,394,178,2025-03-31,25:61,66,2968,1856,8.5,11,11,69.8,Failed,8,No,Yes,Sprint-11,577.0,Apache-2.0
D0125,Chris,AI,4.6,India,Nova, PYTHON,-5,1000,4602,38,407,449,42,13/01/2025,25:61,25,2307,366,11.0,2,19,22.4,FAIL,4,Yes,No,Sprint-11,1732.1,Apache-2.0
D0684, ,Backend,,USA,Atlas,TypeScript,999999,387,3071,17,684,135,89,21/02/2025,25:61,73,4427,1394,1.7,3,30,41.8,Failed,3,Yes,No,Sprint-1,1854.5,
D0512, ,DevOps,,India,Nova,Java,-5,112,1225,60,235,334,482,2023-11-26,00:00,14,4722,228,2.4,2,27,49.2, ,0,Yes,No,Sprint-1,3440.4,MIT
D0340,Alex,Backend,9.3,India,Nova,Python,999999,655,3975,52,360,190,371,2023-08-03,8PM,20,4640,371,13.2,15,18,33.5, ,6,No,Yes,Sprint-12,3292.3,
D0484, ,Frontend,,India,Forge, PYTHON,2989,731,5579,34,238,32,57,08/01/2024,8PM,66,4147,1745,4.3,0,0,37.1,Success,7,Yes,No,Sprint-9,201.4,GPL
D0573,Sam,DevOps,3.4,India,Atlas,pyhton,999999,951,3416,46,111,234,310,30/10/2023,8PM,55,4827,1687,5.7,14,20,63.1,Success,5,Yes,Yes,Sprint-7,4158.4,GPL
D0147,Sam,Frontend,,India,Nova,pyhton,999999,981,1261,38,489,99,365,27/08/2023,00:00,99,4822,938,9.9,9,12,2.5,Success,2,No,No,Sprint-3,4344.5,Apache-2.0
D0192,Alex,AI,3.6,India,Atlas,TypeScript,999999,315,4641,153,541,167,341,2023-01-19,8PM,65,3066,2535,3.6,29,22,37.5,FAIL,2,No,Yes,Sprint-4,810.3,Apache-2.0
D0582, ,Platform,,India,Atlas,Go,999999,401,2405,121,146,468,310,2024-10-23,8PM,39,380,1775,8.2,30,15,13.2,FAIL,9,No,Yes,Sprint-2,2979.6,MIT
D0470, ,Platform,14.4,Germany,Atlas,Python,4805,498,3353,167,250,179,341,2023-03-07,00:00,16,4600,1257,5.0,7,25,40.5, ,9,Yes,No,Sprint-7,3429.7,Apache-2.0
D0358,Sam,Frontend,,USA,Atlas,Python,-5,468,236,26,170,167,124,04/10/2024,8PM,35,3441,1,2.7,12,17,49.3,FAIL,4,No,No,Sprint-5,3308.3,MIT
D0212, ,Backend,,India,Nova,TypeScript,1764,322,4926,147,771,131,79,2023-10-24,00:00,56,2844,1668,3.0,30,21,4.0,Failed,9,No,Yes,Sprint-1,611.7,MIT
D0554, ,DevOps,,USA,Nova, PYTHON,2480,338,5687,25,410,391,269,2023-11-08,25:61,18,796,476,9.4,21,30,57.2, ,3,Yes,Yes,Sprint-8,4684.6,GPL
D0162,Chris,Backend,,India,Forge,pyhton,999999,426,4111,71,179,338,197,2023-01-09,25:61,25,1191,1021,9.2,26,4,20.4, ,3,Yes,Yes,Sprint-9,2641.8,GPL
D0538,Alex,Frontend,,India,Nova,python,999999,519,4895,17,100,495,184,2024-01-19,25:61,15,781,323,12.7,22,16,31.6,Success,1,Yes,Yes,Sprint-12,2275.0,Apache-2.0
D0268,Alex,DevOps,,Germany,Atlas,,999999,685,1976,101,568,44,20,05/02/2025,8PM,41,3154,1732,0.8,15,8,30.0,FAIL,10,Yes,Yes,Sprint-8,4076.6,Apache-2.0
D0679,Sam,Frontend,7.5,Germany,Forge,TypeScript,999999,314,3844,98,81,493,227,18/11/2024,8PM,88,3142,2041,1.3,17,5,26.9,Failed,4,Yes,Yes,Sprint-3,2094.3,
D0508,Taylor,Platform,11.0,Germany,Nova,Python,4790,683,5107,191,63,53,157,22/06/2023,8PM,85,597,136,12.0,2,18,25.3,Failed,1,No,Yes,Sprint-9,3234.5,Apache-2.0
D0319,Taylor,DevOps,14.5,USA,Nova,Python,999999,5,2008,168,408,378,339,2023-10-27,00:00,55,133,576,12.5,22,9,53.3, ,7,No,No,Sprint-8,3020.6,
D0248,Taylor,Platform,,USA,Forge,Go,-5,895,3689,149,237,378,34,12/04/2023,8PM,36,4804,2589,1.2,13,20,63.1,FAIL,0,Yes,Yes,Sprint-8,4096.4,Apache-2.0
D0536,Alex,Backend,,Germany,Forge,python,4082,469,1010,82,632,246,340,17/09/2023,8PM,43,193,1654,9.4,0,23,41.6,FAIL,3,Yes,No,Sprint-9,1236.4,MIT
D0468,Taylor,DevOps,14.3,Germany,Atlas, PYTHON,-5,240,336,130,390,345,287,2023-07-10,8PM,48,1887,515,11.4,20,25,19.1,Failed,6,No,No,Sprint-1,2960.2,Apache-2.0
D0036, ,Frontend,,USA,Atlas,,2111,726,3230,48,198,186,1,2025-05-17,8PM,72,418,764,12.9,1,19,27.7,Failed,9,Yes,Yes,Sprint-10,79.6,MIT
D0006,Chris,DevOps,3.8,USA,Forge,,999999,192,4864,30,507,237,404,2023-06-16,00:00,24,4558,2282,9.0,29,21,51.3,FAIL,7,No,No,Sprint-2,4520.0,
D0001,Chris,Backend,,India,Atlas, PYTHON,999999,742,493,107,106,416,73,2024-03-31,25:61,86,3740,2249,9.3,7,27,23.6,FAIL,5,No,No,Sprint-6,4001.5,Apache-2.0
D0562,Taylor,AI,0.6,Germany,Nova,Python,2553,686,3226,70,272,96,173,25/05/2024,8PM,69,3023,2162,0.3,27,10,67.7,Failed,4,No,No,Sprint-3,2375.6,Apache-2.0
D0497,Taylor,DevOps,5.9,India,Atlas,TypeScript,-5,962,5334,158,913,61,183,12/05/2024,8PM,71,2479,1942,3.8,15,1,32.5,Success,1,No,Yes,Sprint-6,4596.5,Apache-2.0
D0012,Sam,Backend,13.7,USA,Forge,pyhton,999999,300,271,4,238,465,231,21/11/2024,00:00,97,3172,2890,4.1,6,3,56.7,Success,6,Yes,No,Sprint-6,4289.2,
D0359,Chris,AI,8.0,Germany,Nova,Go,-5,382,1367,188,969,297,316,17/09/2024,8PM,48,422,1854,1.5,11,30,35.0, ,2,Yes,Yes,Sprint-12,4503.5,
D0320, ,Backend,,USA,Nova,Java,999999,32,4863,124,722,208,390,2025-01-26,25:61,72,4191,2837,0.8,1,14,5.4,Failed,8,No,No,Sprint-12,1438.0,GPL
D0207,Taylor,Frontend,,India,Atlas,pyhton,1358,902,905,102,126,133,134,2023-01-26,25:61,79,1707,22,11.1,4,11,32.4,Failed,7,No,No,Sprint-1,2819.6,
D0003, ,Backend,,India,Atlas,Go,274,643,3443,75,405,69,121,2025-02-19,25:61,72,3095,1226,3.7,21,23,46.6,Failed,3,Yes,Yes,Sprint-6,1781.2,MIT
D0532, ,Frontend,,Germany,Atlas,Go,999999,208,4965,107,142,137,292,2023-12-20,25:61,53,3229,1752,2.1,13,4,13.5,Success,2,No,No,Sprint-8,4904.1,GPL
D0270,Taylor,DevOps,,Germany,Atlas, PYTHON,1820,746,3774,195,762,242,18,2024-06-09,8PM,65,553,1342,11.8,28,16,10.7, ,10,Yes,No,Sprint-8,2904.4,Apache-2.0
D0058,Chris,Backend,3.9,Germany,Atlas,,999999,46,1704,80,76,84,242,04/06/2024,8PM,51,997,2775,2.9,0,7,52.9, ,1,No,Yes,Sprint-7,3727.0,Apache-2.0
D0064,Chris,Frontend,9.0,India,Nova,Java,4628,120,1479,50,492,18,483,2023-12-18,8PM,80,4257,1116,3.5,29,1,64.0,Success,1,No,Yes,Sprint-1,4068.2,MIT
D0689,Taylor,Backend,,Germany,Nova,Java,1946,66,1334,180,735,182,50,29/11/2023,25:61,21,4143,1629,8.3,25,24,50.0,Success,2,Yes,Yes,Sprint-4,206.3,GPL
D0099,Sam,Backend,14.4,India,Atlas,,999999,609,1792,0,232,402,236,2023-09-09,00:00,29,1305,2903,4.0,25,29,24.8,Failed,0,No,No,Sprint-7,4525.4,Apache-2.0
D0191,Chris,AI,,Germany,Nova, PYTHON,3537,837,1613,86,936,136,19,05/04/2024,00:00,46,3381,1037,13.6,3,8,23.7,FAIL,9,No,Yes,Sprint-7,2954.4,GPL
D0554,Chris,AI,7.9,India,Forge,python,3086,445,3385,85,223,48,342,09/06/2023,25:61,27,435,763,12.9,26,16,68.2,Success,7,Yes,Yes,Sprint-3,1781.4,MIT
D0539,Sam,AI,,India,Forge,pyhton,-5,600,314,5,360,296,165,2025-01-27,00:00,29,318,1955,2.9,18,9,12.3,FAIL,0,No,No,Sprint-6,1496.1,
D0682,Taylor,AI,12.8,USA,Nova,Go,999999,563,3981,90,999,465,16,2025-04-04,8PM,9,2425,1606,1.9,29,30,45.2, ,2,No,No,Sprint-5,158.8,
D0100,Alex,DevOps,,Germany,Nova,Python,-5,436,5233,84,34,324,58,2024-10-24,8PM,94,4018,2729,13.5,8,25,10.8,Success,4,Yes,Yes,Sprint-1,29.4,Apache-2.0
D0082,Chris,AI,10.9,India,Atlas,,4726,324,3880,55,974,464,276,07/10/2024,00:00,63,2109,1805,0.5,14,28,11.7,Success,4,Yes,Yes,Sprint-6,561.1,
D0364,Taylor,AI,6.5,USA,Forge,pyhton,999999,574,318,19,939,281,397,04/05/2023,8PM,69,925,1616,9.9,28,22,58.9,Success,4,Yes,Yes,Sprint-1,103.2,GPL
D0518,Taylor,DevOps,,USA,Atlas,pyhton,-5,996,1857,86,774,183,142,2025-03-14,25:61,37,3963,683,12.9,15,30,68.1, ,2,No,No,Sprint-7,4977.9,GPL
D0479,Alex,Backend,,Germany,Forge,Rust,-5,222,1843,79,312,377,478,14/07/2024,00:00,63,4221,827,6.5,29,18,15.6,Success,9,No,No,Sprint-4,2777.3,GPL
D0700,Chris,Platform,3.6,India,Forge,pyhton,1768,630,2017,125,358,375,95,11/07/2023,25:61,10,2712,297,10.4,29,2,61.3, ,2,No,No,Sprint-12,4508.7,GPL
D0163, ,Frontend,12.3,USA,Atlas,Java,239,845,687,195,251,197,270,19/10/2024,00:00,25,1016,460,5.7,9,12,13.8,Success,9,Yes,No,Sprint-2,1512.1,Apache-2.0
D0515,Alex,Platform,3.8,India,Forge,Python,999999,816,1908,106,942,341,319,2024-12-19,8PM,10,3328,395,12.4,17,30,69.3, ,6,No,Yes,Sprint-2,2694.5,
D0556,Sam,Backend,,USA,Nova,Rust,2448,811,1181,141,502,361,280,2024-01-31,8PM,25,513,549,2.0,21,1,65.2,Success,4,No,No,Sprint-11,3171.0,MIT
D0439,Sam,DevOps,,Germany,Nova,Go,-5,684,494,55,833,376,487,13/01/2024,8PM,68,4968,1176,0.3,27,15,49.6,FAIL,7,Yes,Yes,Sprint-4,2201.0,GPL
D0084,Alex,Backend,12.4,USA,Nova,,999999,720,1423,44,458,469,300,2024-03-17,8PM,100,3562,2354,6.6,25,22,24.5, ,0,No,Yes,Sprint-8,4002.4,
D0438,Chris,AI,,Germany,Atlas,Go,659,472,947,191,787,101,307,2025-01-20,00:00,96,2680,1316,10.1,12,8,19.1,Failed,8,Yes,Yes,Sprint-6,683.0,Apache-2.0
D0407,Taylor,Backend,,Germany,Nova,Python,954,250,4582,137,635,109,434,2025-04-28,8PM,66,4711,1538,3.1,22,22,65.7,Failed,10,Yes,No,Sprint-9,449.2,GPL
D0045, ,Backend,10.9,Germany,Forge,TypeScript,4753,59,4212,38,883,16,27,07/01/2024,25:61,75,3094,1463,9.9,21,10,49.6,Success,0,Yes,Yes,Sprint-6,1270.4,Apache-2.0
D0545,Chris,Platform,,Germany,Nova, PYTHON,999999,154,2577,149,113,381,350,2023-01-16,00:00,9,2235,1776,5.7,2,23,61.8, ,7,No,Yes,Sprint-2,381.5,GPL
D0442,Sam,Platform,1.5,USA,Forge,Java,3187,504,3456,34,281,246,500,2023-06-10,8PM,58,25,1463,1.5,1,28,39.3,FAIL,6,Yes,Yes,Sprint-9,3401.3,
D0099,Sam,Frontend,,India,Nova,Java,-5,665,482,33,191,300,197,2023-02-27,8PM,7,1551,798,8.2,16,28,2.0, ,10,Yes,No,Sprint-1,1641.3,MIT
D0278,Taylor,Backend,7.2,Germany,Nova,pyhton,999999,869,4324,116,138,415,441,2024-06-22,25:61,61,1848,1307,8.1,0,28,62.2, ,1,No,Yes,Sprint-4,3761.3,
D0123,Chris,Backend,,India,Atlas,Java,999999,204,3927,159,240,9,257,23/07/2024,25:61,9,4647,2791,12.6,26,9,62.2,FAIL,3,Yes,No,Sprint-11,1204.0,GPL
D0084,Taylor,Frontend,,USA,Forge,TypeScript,-5,545,4060,93,888,363,185,2025-05-18,00:00,96,657,2466,4.6,5,5,49.1, ,10,Yes,No,Sprint-10,3110.4,
D0622, ,AI,7.4,Germany,Atlas,Python,999999,595,1779,115,440,438,430,02/07/2023,8PM,50,4032,2329,13.6,22,17,55.1,Success,6,Yes,Yes,Sprint-3,1607.3,GPL
D0273,Alex,AI,,India,Atlas,Python,-5,190,5308,77,856,393,433,03/10/2024,25:61,48,3412,2484,3.7,19,20,52.4,Success,1,No,No,Sprint-1,4550.1,MIT
D0480,Chris,DevOps,14.5,USA,Nova, PYTHON,999999,353,4735,141,35,223,20,2023-06-22,25:61,78,3591,1281,8.4,9,27,38.8,Success,4,No,Yes,Sprint-5,715.0,
D0266,Chris,Frontend,8.9,India,Nova, PYTHON,1509,810,5578,200,768,208,286,2024-04-30,8PM,22,3842,1490,13.9,6,24,22.3, ,1,Yes,No,Sprint-12,575.4,
D0242,Taylor,Frontend,,Germany,Atlas,Python,-5,26,2830,122,630,13,397,08/04/2025,25:61,18,822,2088,5.7,16,1,21.2,Failed,1,Yes,Yes,Sprint-1,1399.1,MIT
D0087,Sam,AI,6.8,USA,Forge,pyhton,1460,470,3534,148,77,92,174,26/06/2023,00:00,54,504,1460,7.3,0,18,16.9,Success,7,Yes,No,Sprint-1,2507.8,GPL
D0421,Sam,Platform,,USA,Nova,TypeScript,-5,702,1241,119,335,494,481,19/07/2024,8PM,43,4076,1943,11.2,5,15,47.1, ,0,Yes,No,Sprint-11,3404.9,MIT
D0470, ,Platform,,Germany,Atlas,,3694,670,1119,122,589,194,311,02/04/2024,00:00,13,3061,686,4.2,16,15,26.1,Success,10,No,Yes,Sprint-3,2533.0,MIT
D0207,Sam,Backend,5.7,USA,Nova,Rust,3545,176,502,121,847,355,232,05/05/2024,25:61,54,3807,2208,5.5,14,0,23.5,Success,5,No,Yes,Sprint-3,247.7,
D0167,Alex,Backend,,Germany,Forge,pyhton,999999,245,3672,116,538,242,269,2024-05-04,00:00,82,4392,2185,3.8,24,24,56.3,FAIL,6,Yes,Yes,Sprint-9,3914.2,MIT
D0173,Taylor,Frontend,,India,Forge,pyhton,-5,501,5437,163,513,13,292,2025-06-07,00:00,51,218,26,6.7,19,24,29.8,Failed,3,No,No,Sprint-5,1032.8,Apache-2.0
D0494, ,Platform,,USA,Nova,,999999,528,5260,43,539,250,479,2024-08-13,25:61,99,4214,2904,4.3,22,3,41.0, ,1,Yes,No,Sprint-4,4455.0,MIT
D0501,Chris,AI,7.5,USA,Atlas,TypeScript,999999,670,4385,141,29,68,195,2024-05-10,8PM,11,3801,1025,2.3,27,5,9.3, ,4,Yes,Yes,Sprint-3,3812.6,MIT
D0378, ,Backend,,USA,Atlas, PYTHON,999999,453,3226,18,227,333,148,22/05/2023,8PM,86,1172,2507,13.4,4,11,22.2,Failed,1,Yes,Yes,Sprint-3,2352.4,MIT
D0464,Sam,Backend,5.0,USA,Forge,Python,3177,723,3051,71,936,203,314,12/01/2023,8PM,43,156,2769,5.6,12,1,21.6,Success,0,Yes,Yes,Sprint-3,4607.5,Apache-2.0
D0223,Taylor,DevOps,3.8,USA,Forge,Rust,-5,377,1721,1,512,431,362,2024-01-15,8PM,28,1081,1845,4.5,17,8,24.0,Failed,6,Yes,Yes,Sprint-6,357.1,GPL
D0602,Sam,Backend,,Germany,Forge,Python,-5,242,3817,129,590,242,173,2024-02-05,25:61,44,179,313,10.9,2,21,62.9, ,6,No,No,Sprint-2,1640.4,MIT
D0528, ,Platform,,India,Forge,Rust,999999,741,4764,130,916,67,229,11/06/2023,8PM,37,2508,262,6.3,14,9,65.6,Success,2,No,Yes,Sprint-12,184.6,
D0054,Alex,Backend,8.3,Germany,Atlas,,-5,263,717,79,978,25,136,2023-01-10,00:00,7,3436,1847,12.8,13,26,66.4,Success,8,Yes,Yes,Sprint-12,2224.0,
D0281,Sam,Platform,,India,Atlas, PYTHON,999999,615,4333,155,56,100,308,2025-05-16,00:00,35,4806,2815,2.3,8,13,54.9,FAIL,6,Yes,No,Sprint-9,484.6,
D0453,Taylor,Backend,,India,Atlas,Python,999999,835,131,20,449,339,179,2024-07-28,25:61,37,4044,40,1.5,29,24,33.9,FAIL,8,Yes,Yes,Sprint-1,2345.9,MIT
D0080,Chris,AI,,USA,Forge,Python,-5,17,1218,129,536,350,429,2023-07-07,8PM,47,1720,1236,3.9,15,30,1.7, ,5,No,Yes,Sprint-3,3477.6,
D0538,Alex,Platform,,USA,Atlas,Go,1593,198,3902,1,843,208,109,2024-08-16,00:00,71,1371,1697,13.5,16,27,69.7, ,9,No,No,Sprint-4,2117.0,Apache-2.0
D0605,Alex,Platform,,USA,Atlas,TypeScript,-5,319,3817,154,507,122,333,2024-10-05,25:61,10,2843,958,9.4,7,21,43.9, ,8,Yes,Yes,Sprint-9,355.5,
D0229,Taylor,Backend,14.8,USA,Forge,Java,999999,532,614,80,603,413,374,11/05/2024,00:00,32,2211,1378,1.0,17,0,65.3, ,2,No,Yes,Sprint-2,1188.4,MIT
D0344, ,Backend,,USA,Forge,Python,2818,420,3965,7,748,21,201,2025-05-09,8PM,68,3517,2318,10.0,0,0,43.6,Success,2,Yes,No,Sprint-1,1336.0,
D0655,Alex,Backend,0.1,India,Forge,Python,-5,867,56,0,264,452,484,2023-10-16,25:61,61,1093,2663,5.3,26,10,29.6,Failed,7,No,No,Sprint-8,2153.3,MIT
D0696,Taylor,Frontend,6.6,Germany,Atlas,pyhton,2432,689,1020,80,178,87,137,2024-02-07,00:00,58,2076,2323,13.9,28,22,71.7,Success,8,Yes,No,Sprint-9,4536.2,MIT
D0389, ,Backend,,Germany,Nova, PYTHON,-5,769,1954,108,662,172,138,13/10/2023,8PM,94,804,404,1.4,28,12,41.2, ,10,No,Yes,Sprint-8,4304.2,MIT
D0084, ,Frontend,,USA,Atlas,Java,3900,382,1518,147,986,290,216,11/01/2024,8PM,21,985,2124,8.3,0,16,52.6,FAIL,7,No,Yes,Sprint-9,1989.4,MIT
D0292,Chris,Backend,,USA,Nova,python,-5,491,3506,132,263,222,444,23/07/2024,25:61,11,4960,1760,13.2,2,7,70.7,Failed,3,Yes,No,Sprint-3,2275.8,GPL
D0555,Sam,Frontend,,India,Nova,Rust,2551,794,2074,35,859,424,243,2025-05-06,25:61,41,3124,2402,5.3,6,7,55.9,FAIL,0,No,Yes,Sprint-2,729.0,
D0670,Taylor,Platform,,India,Forge,,1631,770,715,32,619,250,85,30/12/2024,25:61,37,196,803,2.4,4,4,32.3,Failed,0,Yes,No,Sprint-11,3815.6,
D0304, ,Platform,11.5,USA,Nova,Python,4708,209,790,139,822,28,64,04/07/2024,8PM,3,64,2204,6.4,4,4,13.2,Failed,3,Yes,No,Sprint-9,2822.5,Apache-2.0
D0598, ,AI,12.5,Germany,Atlas,pyhton,-5,966,1310,116,296,138,290,2023-09-02,8PM,78,2696,2043,7.7,24,15,18.1,Failed,8,Yes,No,Sprint-12,4446.7,Apache-2.0
D0318,Alex,Backend,,USA,Atlas,Go,3903,281,3044,184,435,295,113,2024-07-29,00:00,41,4527,173,8.4,27,18,25.0, ,7,No,No,Sprint-2,75.4,GPL
D0279, ,DevOps,5.5,India,Nova,pyhton,999999,636,3980,178,515,438,109,08/05/2023,25:61,68,908,933,5.7,30,11,34.0, ,1,Yes,No,Sprint-5,1232.0,MIT
D0342,Chris,Backend,0.8,India,Forge,Java,-5,859,1262,96,594,456,12,24/05/2024,8PM,33,3080,2881,7.8,22,28,67.2,FAIL,5,Yes,Yes,Sprint-4,3208.0,GPL
D0394,Sam,Frontend,1.5,Germany,Nova,Rust,2703,427,4475,26,257,180,278,09/03/2025,00:00,70,2672,1600,7.2,21,21,52.3,FAIL,1,No,Yes,Sprint-12,2649.0,GPL
D0266,Chris,Backend,5.1,Germany,Atlas,Java,999999,543,5353,3,938,407,327,29/05/2023,25:61,45,3364,353,9.1,7,23,30.3, ,1,No,Yes,Sprint-6,3134.7,Apache-2.0
D0440,Taylor,AI,,Germany,Forge,python,-5,594,1877,175,617,426,280,05/03/2023,25:61,56,1434,1557,2.5,30,6,67.2,FAIL,2,Yes,No,Sprint-5,682.7,Apache-2.0
D0114,Chris,AI,,India,Nova,Go,999999,905,626,194,211,167,252,17/04/2025,8PM,33,4328,1745,0.1,10,25,47.2,Failed,9,No,Yes,Sprint-5,1318.8,
D0292,Sam,AI,,Germany,Nova,,-5,378,3395,73,773,52,85,01/08/2024,00:00,93,1540,1993,14.0,2,14,35.7,Failed,7,No,No,Sprint-7,4013.8,
D0047, ,DevOps,1.6,India,Forge,Go,999999,229,202,18,214,430,399,2023-06-05,25:61,36,3070,2793,1.7,30,12,12.8,Failed,0,No,No,Sprint-9,4512.3,
D0640,Taylor,Backend,0.2,India,Nova,Python,999999,844,2527,80,616,277,172,2023-01-22,8PM,21,1746,2537,13.2,15,8,56.7, ,1,No,Yes,Sprint-1,4388.1,Apache-2.0
D0284,Taylor,AI,13.4,Germany,Forge,Go,1451,111,5528,133,465,162,416,2023-12-06,25:61,39,3273,2921,4.4,21,8,52.2, ,6,Yes,Yes,Sprint-6,1571.9,MIT
D0184, ,AI,,India,Atlas,Python,-5,510,483,33,598,347,12,2024-11-12,8PM,87,2477,2731,10.3,7,20,30.2,Failed,9,No,No,Sprint-8,4456.0,GPL
D0596,Chris,DevOps,3.0,Germany,Nova,Java,-5,883,5757,36,67,443,325,10/08/2024,25:61,96,4075,2679,2.3,15,28,9.3,FAIL,9,Yes,Yes,Sprint-7,1892.1,MIT
D0229,Alex,Platform,,Germany,Atlas,TypeScript,-5,373,5480,104,353,29,103,04/04/2023,25:61,88,3842,2098,10.3,6,5,38.1, ,0,No,No,Sprint-3,3325.8,
D0267,Sam,Backend,,Germany,Atlas,Go,-5,523,218,198,612,367,371,2023-01-24,00:00,29,4146,1093,8.3,29,0,48.8,Failed,7,Yes,No,Sprint-4,2182.4,MIT
D0533,Alex,DevOps,2.1,Germany,Forge,pyhton,2033,973,3716,158,56,361,489,2023-05-02,25:61,41,2168,1579,13.2,27,4,21.5, ,5,Yes,No,Sprint-11,4688.1,Apache-2.0
D0241,Chris,Platform,,USA,Atlas,Go,-5,952,3995,70,690,178,277,2023-03-09,00:00,28,798,616,6.1,19,16,11.0, ,0,No,Yes,Sprint-11,3721.3,Apache-2.0
D0265,Sam,AI,9.8,Germany,Forge,Java,999999,654,3100,141,966,169,281,20/06/2023,8PM,84,1793,2858,4.9,27,11,31.6, ,7,Yes,No,Sprint-11,2374.7,MIT
D0631,Alex,DevOps,,India,Atlas, PYTHON,3450,845,2838,193,410,99,127,2023-09-16,00:00,84,3860,1956,2.6,29,17,29.8,Success,1,Yes,Yes,Sprint-1,3342.9,Apache-2.0
D0532, ,Backend,4.7,USA,Nova,pyhton,-5,330,2121,146,469,232,2,2025-04-05,8PM,82,835,46,1.4,0,27,21.2,Failed,4,No,Yes,Sprint-7,3822.5,MIT
D0635,Alex,DevOps,7.0,USA,Forge,Python,999999,569,1964,57,957,84,447,17/02/2025,8PM,50,914,1543,4.9,15,9,12.4,Success,1,No,No,Sprint-4,4014.0,
D0314,Taylor,DevOps,,India,Forge,Java,-5,108,5551,153,977,130,204,2024-03-05,25:61,5,2261,893,7.5,3,11,7.9,FAIL,6,No,Yes,Sprint-5,2591.9,MIT
D0662, ,Frontend,,India,Nova,pyhton,-5,406,1517,93,672,365,232,2025-01-14,25:61,8,336,729,5.8,13,29,10.9,FAIL,5,No,No,Sprint-9,164.2,MIT
D0568,Alex,Backend,,USA,Nova,Rust,-5,890,4390,173,317,260,258,30/01/2025,25:61,21,2782,1194,11.3,18,6,10.3,Failed,8,No,No,Sprint-2,3915.5,GPL
D0303, ,Platform,,USA,Nova,,999999,983,1160,36,741,137,20,2025-06-13,8PM,24,768,1234,2.9,26,2,8.4,FAIL,0,No,Yes,Sprint-3,180.2,GPL
D0162,Taylor,DevOps,14.9,India,Forge, PYTHON,999999,431,656,19,614,216,53,2023-11-03,8PM,17,968,2118,10.3,0,24,41.4, ,10,No,No,Sprint-7,910.6,GPL
D0115,Chris,Platform,7.0,Germany,Forge,,999999,477,5237,66,912,497,195,2025-06-18,8PM,9,3587,1107,1.8,17,6,11.9,FAIL,2,Yes,No,Sprint-4,901.3,MIT
D0176,Chris,Frontend,6.6,Germany,Nova,Python,999999,697,5507,131,515,2,391,2023-09-07,25:61,37,4501,2994,11.1,19,23,16.7,Success,6,No,No,Sprint-6,3133.4,Apache-2.0
D0615,Taylor,DevOps,,Germany,Forge,pyhton,-5,222,47,73,485,21,395,2024-08-18,25:61,97,2791,2996,6.0,19,10,25.8,Failed,7,Yes,No,Sprint-1,2791.2,GPL
D0155,Taylor,Frontend,,Germany,Forge,pyhton,-5,351,1148,196,939,288,73,2023-09-21,8PM,24,373,674,0.3,21,4,44.1,Failed,10,Yes,No,Sprint-2,3748.6,MIT
D0113,Chris,Platform,2.7,Germany,Atlas,Python,999999,953,19,69,212,128,61,04/02/2024,8PM,2,2283,58,3.3,2,28,58.1,Success,6,Yes,No,Sprint-4,4478.0,MIT
D0179,Taylor,DevOps,4.8,Germany,Forge,pyhton,-5,5,800,9,52,313,69,2024-02-21,00:00,8,4673,1298,10.8,5,25,65.5,Success,3,Yes,Yes,Sprint-5,2033.8,
D0619, ,Backend,,USA,Atlas,python,4457,86,5171,35,518,197,211,2024-10-22,00:00,29,2684,2746,6.9,9,24,53.1,FAIL,7,No,Yes,Sprint-6,4275.2,
D0111,Taylor,Platform,2.4,India,Forge,Go,999999,661,3109,21,651,112,227,2023-07-31,8PM,65,512,947,3.7,7,29,34.8,FAIL,5,No,No,Sprint-7,4943.4,
D0064,Chris,DevOps,,USA,Nova,python,3757,430,4950,69,814,447,469,2025-03-02,8PM,65,1641,1605,12.3,24,0,10.9,Failed,2,No,No,Sprint-2,2070.5,
D0235,Sam,Backend,12.2,USA,Forge, PYTHON,1556,588,5447,20,595,14,283,23/04/2024,00:00,2,1741,2214,7.6,8,7,42.5,Success,8,No,Yes,Sprint-9,4477.9,
D0266,Chris,Platform,11.6,Germany,Forge,Java,999999,733,4752,150,655,494,425,11/10/2024,00:00,11,3632,2820,5.8,14,23,7.0,FAIL,2,No,No,Sprint-8,2185.7,Apache-2.0
D0111, ,AI,,Germany,Nova,Rust,1006,474,5892,184,862,298,0,2024-07-02,00:00,88,2631,1706,0.7,28,15,27.0,FAIL,2,Yes,No,Sprint-9,3506.3,MIT
D0356,Taylor,DevOps,1.7,India,Nova,,-5,909,2006,165,200,158,397,2024-08-18,00:00,46,2346,745,5.7,22,25,55.1, ,0,Yes,Yes,Sprint-5,3302.9,MIT
D0648,Chris,Platform,11.3,India,Forge,Python,999999,422,3134,106,627,138,378,2024-10-21,00:00,16,3485,759,8.0,8,27,33.0,FAIL,7,Yes,Yes,Sprint-2,1515.2,Apache-2.0
D0189,Sam,Frontend,,Germany,Atlas,Rust,1858,356,4173,141,144,257,347,28/05/2024,25:61,84,984,2991,5.5,21,26,66.3,FAIL,3,Yes,No,Sprint-2,1976.3,GPL
D0686,Alex,Platform,,USA,Nova,Python,999999,210,2699,86,123,330,432,2024-06-30,00:00,62,4878,2040,4.7,25,28,9.2, ,5,Yes,Yes,Sprint-12,1460.0,GPL
D0495,Taylor,AI,6.7,India,Nova,Java,1058,414,1047,11,950,266,279,06/07/2024,8PM,37,2589,1646,1.3,22,4,37.1,FAIL,5,No,No,Sprint-2,4464.3,GPL
D0339,Chris,DevOps,2.4,India,Forge,,-5,209,5743,0,911,85,228,2024-03-25,8PM,26,3094,1483,9.1,12,9,10.8,FAIL,9,Yes,No,Sprint-8,473.8,MIT
D0271,Taylor,Backend,,USA,Nova,python,999999,28,3685,63,33,148,282,2023-08-04,00:00,4,1965,458,4.6,1,19,9.3,Success,8,No,No,Sprint-10,3176.0,
D0452,Sam,Platform,0.4,India,Forge,pyhton,2303,615,1908,58,238,340,156,07/03/2024,8PM,87,4560,874,12.0,9,19,31.5,Success,4,No,Yes,Sprint-5,4768.0,
D0082, ,AI,,India,Atlas,Rust,999999,225,4832,96,537,381,140,17/02/2025,00:00,20,4061,470,10.0,29,26,35.3,Failed,10,Yes,No,Sprint-10,1420.4,GPL
D0231, ,Backend,4.3,India,Nova,Java,-5,545,2706,27,698,473,39,22/01/2025,00:00,73,4994,1553,12.1,9,9,53.4, ,10,Yes,No,Sprint-10,3309.3,GPL
D0526, ,DevOps,3.4,India,Atlas,,999999,77,2464,165,68,295,155,2023-04-11,00:00,23,744,1641,4.8,25,18,49.6,Failed,9,No,Yes,Sprint-3,323.8,
D0556, ,Backend,,USA,Forge,Python,1181,15,2716,32,821,48,139,2023-03-05,8PM,61,3043,2255,9.4,4,2,37.7,FAIL,7,Yes,No,Sprint-6,495.2,GPL
D0380,Sam,AI,,USA,Atlas,,4679,691,270,194,694,372,128,2024-04-03,8PM,35,561,2080,7.7,27,16,25.1,FAIL,2,Yes,No,Sprint-9,1225.1,
D0698,Chris,Backend,,USA,Forge,Go,2892,69,5527,87,320,19,37,19/10/2023,25:61,52,1147,698,6.8,15,20,12.4,FAIL,3,No,Yes,Sprint-9,973.3,MIT
D0322,Sam,Platform,12.9,India,Atlas,pyhton,387,385,5765,79,171,56,476,2024-01-13,00:00,68,362,593,5.7,6,24,61.9, ,5,No,Yes,Sprint-2,2438.2,Apache-2.0
D0682,Taylor,DevOps,4.8,Germany,Forge, PYTHON,-5,572,1825,92,639,73,402,03/01/2023,00:00,72,3060,623,8.4,23,6,1.0,Success,0,Yes,No,Sprint-9,607.3,MIT
D0353,Taylor,AI,5.4,Germany,Atlas,TypeScript,3257,118,2292,162,981,390,72,03/12/2023,00:00,63,3925,2288,12.5,24,11,66.4,Failed,1,Yes,No,Sprint-7,566.2,Apache-2.0
D0246,Alex,Backend,13.8,India,Forge,python,4701,718,3460,124,681,233,287,2024-08-16,25:61,85,2667,1032,1.7,9,23,64.5, ,6,No,No,Sprint-5,759.4,Apache-2.0
D0144, ,DevOps,1.8,Germany,Atlas,Rust,999999,65,1416,174,167,438,270,19/02/2024,8PM,54,1666,1640,10.0,27,6,22.5,Failed,1,Yes,Yes,Sprint-9,3877.7,MIT
D0067,Taylor,Frontend,6.4,USA,Nova, PYTHON,-5,313,1798,105,873,208,205,2025-03-29,8PM,50,1615,1817,12.6,16,1,30.9,Failed,5,Yes,No,Sprint-10,4864.5,MIT
D0108, ,Frontend,10.0,India,Forge,TypeScript,3511,794,4129,90,137,148,186,2023-02-10,25:61,50,1596,2002,4.0,0,3,40.7,Failed,9,No,Yes,Sprint-3,4568.8,GPL
D0545, ,Frontend,11.0,Germany,Forge,Python,999999,288,5671,7,677,13,481,19/04/2025,00:00,61,4659,808,5.2,26,18,48.7,Failed,8,No,Yes,Sprint-10,4826.9,Apache-2.0
D0519,Alex,Platform,,USA,Atlas,Java,3683,352,3942,36,948,236,261,15/02/2025,25:61,74,3810,1638,11.3,13,16,63.2, ,10,No,Yes,Sprint-8,2079.8,GPL
D0603,Chris,Platform,3.5,Germany,Nova, PYTHON,999999,455,4147,171,920,108,231,18/12/2023,8PM,90,4679,230,11.6,9,9,51.6, ,2,Yes,No,Sprint-7,1660.0,MIT
D0170,Chris,AI,5.9,USA,Forge,Rust,1587,902,3516,138,88,174,426,2024-04-12,8PM,13,4376,500,9.4,12,6,13.3,Success,0,Yes,No,Sprint-4,1312.6,GPL
D0039,Sam,Backend,11.4,India,Atlas,python,2600,131,744,102,107,215,382,2023-05-25,00:00,77,4889,2484,1.2,5,7,60.7,FAIL,8,No,Yes,Sprint-9,3340.5,GPL
D0085,Taylor,Platform,13.7,Germany,Forge,Go,1671,167,4162,117,152,331,136,23/03/2024,00:00,14,1531,1264,12.2,2,19,63.4, ,3,No,Yes,Sprint-11,3265.1,Apache-2.0
D0036,Alex,Platform,,USA,Forge,Python,2266,560,1729,108,610,112,72,2023-11-19,25:61,45,1491,2120,10.1,23,3,21.2,FAIL,3,No,Yes,Sprint-5,4033.9,GPL
D0554,Alex,AI,6.0,USA,Forge,Go,999999,83,43,36,101,373,285,2023-03-09,8PM,46,3796,455,4.6,15,17,35.6,FAIL,4,Yes,Yes,Sprint-10,3024.9,GPL
D0122,Taylor,Backend,,USA,Nova,,-5,10,2372,102,430,136,118,2023-02-08,25:61,88,2594,1049,10.8,23,14,31.0, ,2,No,No,Sprint-2,4726.7,
D0677,Alex,Frontend,11.7,USA,Atlas,TypeScript,999999,467,415,40,704,388,242,19/08/2023,8PM,40,516,188,12.7,14,16,49.5,FAIL,6,No,Yes,Sprint-5,174.0,MIT
D0456, ,Frontend,,USA,Atlas, PYTHON,999999,45,2427,88,574,433,327,24/02/2024,25:61,11,3886,1876,13.0,19,14,59.4,Failed,2,No,Yes,Sprint-8,2801.8,Apache-2.0
D0305, ,Frontend,,USA,Nova, PYTHON,-5,941,63,7,764,183,166,2025-01-14,00:00,90,107,646,5.8,5,19,25.5, ,10,No,Yes,Sprint-9,32.4,MIT
D0676, ,DevOps,,Germany,Atlas,Python,999999,121,155,148,88,217,406,2023-04-06,25:61,36,3039,344,12.3,26,16,24.6,Success,1,No,Yes,Sprint-12,2422.3,GPL
D0375, ,AI,7.0,USA,Atlas,pyhton,1454,582,5651,49,993,417,15,2024-09-05,8PM,63,2544,373,10.5,10,3,27.5, ,0,No,Yes,Sprint-3,870.8,Apache-2.0
D0229,Sam,Platform,4.6,USA,Nova,,3765,806,360,54,451,27,211,07/02/2025,00:00,20,2637,468,12.8,0,2,12.0, ,7,Yes,No,Sprint-3,3381.4,
D0411,Sam,AI,,India,Forge,Java,1422,59,2351,17,501,233,500,22/10/2024,8PM,23,1571,47,4.6,16,25,55.1,FAIL,4,Yes,No,Sprint-12,254.8,Apache-2.0
D0675,Taylor,Platform,12.5,India,Nova,TypeScript,999999,286,3726,29,424,334,416,2023-04-23,25:61,53,1973,1296,10.4,5,27,62.9,Success,7,No,No,Sprint-1,3141.4,MIT
D0159,Alex,Frontend,,India,Forge,Go,-5,984,727,9,671,52,422,09/12/2024,8PM,59,4103,1585,5.7,15,16,71.4, ,4,Yes,No,Sprint-9,2663.2,GPL
D0309, ,Frontend,,India,Nova,python,1256,161,5743,96,167,27,278,29/11/2024,00:00,91,4680,778,13.8,23,20,5.4,FAIL,3,No,Yes,Sprint-10,2459.7,GPL
D0178,Alex,AI,,India,Atlas,python,586,795,3145,73,604,300,414,2025-04-20,8PM,18,720,2712,5.4,11,18,31.6,FAIL,6,No,No,Sprint-5,548.5,
D0284,Chris,DevOps,,India,Forge,,-5,648,560,41,542,384,218,15/02/2024,25:61,51,1145,1315,5.2,16,13,61.6, ,10,No,No,Sprint-5,4770.6,Apache-2.0
D0224, ,Backend,9.4,USA,Nova,,999999,265,1044,149,403,0,68,13/01/2025,00:00,18,1264,2405,10.9,6,12,48.1,FAIL,4,Yes,No,Sprint-12,2108.2,Apache-2.0
D0160,Chris,Platform,,USA,Atlas,Java,3277,246,4109,165,837,495,111,2024-06-13,8PM,46,1333,2242,7.0,8,29,13.4, ,10,Yes,Yes,Sprint-4,24.5,
D0462,Alex,AI,,USA,Nova,Rust,4588,970,2315,15,543,379,178,2025-04-14,8PM,55,2834,717,2.6,29,18,71.6,Success,2,No,No,Sprint-5,425.1,
D0437,Chris,AI,,USA,Nova, PYTHON,-5,383,3242,105,453,120,251,2023-12-03,25:61,43,4365,1163,0.2,30,1,8.7,FAIL,2,Yes,Yes,Sprint-4,3167.9,GPL
D0574, ,AI,1.6,USA,Forge,python,4966,292,2689,100,976,395,488,2023-10-20,00:00,45,309,2865,2.2,7,22,42.5,Success,4,Yes,No,Sprint-7,2714.0,Apache-2.0
D0405,Chris,Frontend,,Germany,Nova, PYTHON,2420,130,473,151,313,285,448,04/07/2024,00:00,47,4002,2639,8.4,13,23,14.7,Success,1,No,Yes,Sprint-1,4131.2,MIT
D0001,Alex,Frontend,11.4,USA,Forge,Java,999999,871,76,110,676,214,155,2023-11-29,8PM,16,1200,1455,2.6,10,3,31.5, ,2,No,Yes,Sprint-10,935.4,
D0426,Sam,DevOps,11.0,India,Nova,pyhton,400,180,1723,165,370,103,21,26/09/2023,8PM,11,1017,2816,6.6,6,0,19.9,Failed,3,No,No,Sprint-6,4252.8,GPL
D0289,Sam,AI,,India,Atlas,TypeScript,4323,379,5413,37,676,498,168,2025-02-15,00:00,78,1197,2466,13.7,2,28,67.5, ,4,Yes,Yes,Sprint-8,2579.7,Apache-2.0
D0204,Chris,AI,8.7,Germany,Forge, PYTHON,999999,762,553,28,475,166,413,07/12/2023,25:61,67,179,2088,7.6,28,23,21.6,FAIL,7,No,No,Sprint-3,1883.6,MIT
D0285, ,Platform,,USA,Forge, PYTHON,-5,743,3027,145,37,230,179,15/03/2023,8PM,94,2958,728,8.9,11,9,10.1,Failed,4,No,No,Sprint-1,4456.2,MIT
D0520,Sam,AI,7.8,Germany,Atlas,Python,72,362,5541,67,245,152,325,2024-12-21,00:00,87,-11,960,2.7,16,12,56.2,FAIL,10,No,No,Sprint-11,2801.4,MIT
D0495, ,Platform,,Germany,Atlas, PYTHON,-5,245,4486,99,978,133,234,12/11/2023,00:00,44,1321,1519,4.0,13,25,37.3,Failed,8,Yes,Yes,Sprint-3,3934.6,MIT
D0354,Sam,DevOps,,Germany,Forge,pyhton,999999,396,184,56,969,4,377,2024-11-16,25:61,11,4675,2609,13.6,10,23,71.7,FAIL,7,Yes,Yes,Sprint-9,3814.2,
D0551,Chris,Frontend,0.2,USA,Nova,,-5,890,5265,143,37,356,188,2023-08-21,00:00,56,2016,1871,5.2,20,26,24.9, ,4,No,Yes,Sprint-2,3777.9,Apache-2.0
D0071,Alex,Backend,0.7,Germany,Forge,TypeScript,-5,746,4342,65,104,166,194,22/04/2024,25:61,48,2914,1104,5.2,7,29,39.8,Failed,7,No,No,Sprint-5,2875.3,
D0547,Taylor,DevOps,2.0,Germany,Nova,pyhton,999999,22,4676,7,333,324,439,15/03/2025,8PM,77,4543,1675,10.8,5,9,70.2,FAIL,5,No,No,Sprint-12,176.1,Apache-2.0
D0156,Alex,Frontend,,Germany,Forge,Go,999999,269,1875,15,707,334,326,26/06/2024,8PM,27,3463,223,1.8,7,26,64.6, ,9,No,No,Sprint-6,4716.8,MIT
D0300,Taylor,Platform,8.5,India,Nova,Rust,3333,735,1022,72,326,120,248,19/06/2025,8PM,62,3736,2263,4.6,8,4,70.7, ,0,Yes,Yes,Sprint-9,3288.9,Apache-2.0
D0195,Taylor,DevOps,13.7,India,Atlas,,-5,935,5501,30,681,494,218,2023-01-10,00:00,47,1918,1190,7.5,7,15,2.3,Failed,6,Yes,Yes,Sprint-8,1526.8,
D0352,Taylor,Frontend,2.9,Germany,Atlas,Java,-5,145,1507,100,718,156,65,24/01/2024,8PM,28,3553,1597,6.5,21,10,55.4,FAIL,3,Yes,No,Sprint-8,530.5,GPL
D0102, ,DevOps,14.1,Germany,Nova,Python,-5,458,2391,22,612,446,89,24/04/2023,25:61,26,1575,1039,4.2,4,1,2.3,FAIL,6,No,Yes,Sprint-3,3576.3,
D0603,Sam,Frontend,13.2,USA,Atlas,pyhton,-5,847,3003,96,80,226,360,2024-01-01,25:61,54,3828,72,5.8,27,10,70.0, ,9,No,No,Sprint-9,2225.8,GPL
D0066,Alex,DevOps,8.2,Germany,Nova,python,999999,159,71,109,738,471,108,02/08/2023,25:61,77,4976,2207,9.2,0,25,62.6,FAIL,5,No,Yes,Sprint-7,2781.9,GPL
D0496, ,Backend,10.0,India,Atlas,Python,4316,130,5,167,940,44,180,03/03/2023,25:61,94,4622,2868,5.3,1,17,53.6, ,8,Yes,Yes,Sprint-7,4283.9,Apache-2.0
D0590,Chris,DevOps,9.6,Germany,Atlas,Python,-5,410,73,60,480,426,426,08/03/2025,25:61,12,4713,1389,9.3,15,29,3.9, ,5,Yes,Yes,Sprint-9,3264.4,Apache-2.0
D0458,Sam,AI,,Germany,Nova,TypeScript,2745,911,1604,168,399,336,207,14/01/2024,8PM,15,1016,1854,4.6,15,25,3.1,FAIL,8,Yes,No,Sprint-11,3717.3,GPL
D0672,Alex,AI,13.0,India,Nova,,3525,816,2640,113,843,179,388,2023-03-09,8PM,48,3261,1547,13.4,18,7,41.7, ,8,No,Yes,Sprint-8,2544.2,Apache-2.0
D0284,Alex,AI,9.6,India,Nova,Java,999999,689,790,62,476,348,68,14/05/2023,8PM,54,1767,2125,10.0,21,14,25.1,Failed,2,No,No,Sprint-3,4789.1,GPL
D0185,Chris,Platform,12.9,India,Forge,python,4842,178,2260,138,314,449,296,2023-02-24,25:61,99,2715,893,7.3,26,13,35.4,Success,10,No,No,Sprint-6,1595.1,Apache-2.0
D0486,Chris,DevOps,13.0,India,Forge,Java,-5,359,1265,152,727,215,454,2023-10-05,00:00,74,1405,2342,10.6,12,28,26.7,FAIL,9,Yes,Yes,Sprint-8,3904.4,GPL
D0105,Sam,Frontend,,India,Forge,pyhton,167,985,3202,141,717,328,274,2024-01-14,8PM,81,3299,1426,8.4,9,7,41.4,Failed,10,No,Yes,Sprint-3,912.1,
D0448,Sam,AI,,India,Forge,python,999999,198,3184,154,184,129,48,21/09/2024,00:00,13,1373,1365,8.4,7,27,40.0, ,7,No,No,Sprint-7,1628.2,MIT
D0066,Taylor,Platform,,India,Forge,pyhton,-5,183,646,36,171,323,439,07/03/2025,00:00,77,512,109,10.8,12,0,44.7,Failed,5,Yes,Yes,Sprint-5,2386.0,GPL
D0132,Alex,Platform,2.3,Germany,Nova,,-5,832,386,4,444,66,411,2025-01-01,8PM,89,4988,958,5.6,20,20,65.5,FAIL,5,No,No,Sprint-8,2083.5,GPL
D0519,Sam,DevOps,,Germany,Atlas,pyhton,-5,492,483,196,275,183,197,10/03/2023,25:61,38,1874,859,1.6,20,27,36.3,FAIL,7,No,No,Sprint-10,3950.4,
D0092,Taylor,Platform,6.5,Germany,Nova,Rust,999999,757,926,56,564,479,173,24/04/2023,00:00,11,2603,1201,3.6,21,19,15.7, ,7,Yes,Yes,Sprint-9,3485.6,
D0610,Alex,AI,,Germany,Atlas,,999999,164,1927,199,184,440,494,2024-03-07,8PM,74,1848,135,11.3,0,5,52.8,FAIL,3,Yes,Yes,Sprint-5,4056.7,Apache-2.0
D0350,Taylor,Frontend,,USA,Atlas,Java,-5,257,5117,101,629,110,457,14/05/2025,00:00,50,4913,822,7.3,27,1,4.1,Failed,7,Yes,No,Sprint-10,2145.3,Apache-2.0
D0359,Chris,Platform,,USA,Nova,TypeScript,-5,353,2068,182,900,164,265,29/02/2024,00:00,78,2575,2078,7.1,7,10,53.4,Success,6,Yes,No,Sprint-2,861.5,MIT
D0070,Alex,DevOps,,India,Forge,Java,999999,862,4397,110,164,247,6,04/08/2024,00:00,38,3964,2568,2.0,19,1,19.2,Failed,0,Yes,Yes,Sprint-2,4651.9,MIT
D0680,Taylor,Backend,,USA,Forge,TypeScript,999999,547,3895,92,647,35,448,16/03/2025,25:61,45,3584,1114,5.4,3,18,20.0,FAIL,9,Yes,No,Sprint-2,4983.8,GPL
D0163, ,DevOps,,USA,Atlas,,2723,846,3387,8,713,229,48,2024-07-24,25:61,3,449,353,8.8,29,20,65.8, ,7,No,No,Sprint-4,808.7,MIT
D0225,Sam,AI,12.8,USA,Forge,Rust,-5,767,2684,75,540,218,369,30/06/2024,25:61,31,3187,2308,3.9,9,5,20.2,FAIL,1,No,Yes,Sprint-7,489.7,GPL
D0601,Sam,Platform,,India,Atlas,Java,999999,867,4940,32,131,96,55,21/09/2024,8PM,41,3262,1943,10.0,14,6,48.4, ,6,Yes,No,Sprint-1,398.4,MIT
D0508,Chris,DevOps,,USA,Forge,python,-5,100,1325,173,124,312,452,06/11/2024,25:61,92,681,1693,7.2,22,26,20.3,Failed,9,Yes,No,Sprint-11,189.9,
D0608, ,Backend,14.3,Germany,Nova,pyhton,999999,737,1688,188,764,368,388,2023-04-12,8PM,68,3785,2508,6.9,29,7,16.1,Failed,10,No,Yes,Sprint-3,3807.8,GPL
D0174,Sam,Backend,4.7,India,Forge,python,999999,2,5431,195,327,273,405,2024-11-12,00:00,73,356,1299,13.8,22,6,22.3, ,8,No,Yes,Sprint-9,4198.7,GPL
D0059,Chris,Backend,,Germany,Forge,Python,2260,979,806,38,519,242,119,19/11/2024,00:00,42,2637,2619,3.7,22,14,5.5,Success,3,Yes,Yes,Sprint-1,1206.0,
D0022,Chris,Platform,4.4,Germany,Atlas,Java,-5,6,5602,101,315,227,179,04/08/2024,00:00,71,938,534,0.9,27,20,55.7, ,0,No,No,Sprint-9,4781.0,
D0642,Sam,AI,1.5,Germany,Forge,Java,999999,305,4961,65,342,193,92,2024-04-06,00:00,78,3118,1948,0.6,17,4,54.2, ,8,No,No,Sprint-11,875.4,GPL
D0581,Chris,Backend,,Germany,Atlas,TypeScript,999999,818,275,109,732,12,319,14/09/2023,00:00,8,3206,1362,3.5,22,7,48.2,Success,1,Yes,Yes,Sprint-1,4119.0,
D0282,Alex,AI,14.4,USA,Nova,Rust,950,343,1972,95,97,120,132,01/10/2023,8PM,88,2562,1409,2.0,20,26,41.3, ,10,Yes,Yes,Sprint-3,3909.6,Apache-2.0
D0693,Chris,DevOps,14.8,Germany,Forge,Go,999999,640,5131,173,17,136,329,2023-07-29,00:00,16,4543,1747,6.5,4,21,41.9,Success,8,Yes,Yes,Sprint-2,1109.7,
D0619,Sam,Backend,10.2,Germany,Nova,,1855,782,5205,85,705,218,166,30/05/2024,25:61,93,733,2355,6.6,20,11,28.0,Success,4,Yes,Yes,Sprint-2,2268.9,GPL
D0056,Sam,Frontend,,India,Atlas,Rust,-5,549,5715,102,668,151,396,2023-08-18,8PM,15,1589,2266,10.1,19,30,6.8,Success,7,Yes,No,Sprint-9,1810.8,GPL
D0094,Chris,Platform,13.4,India,Atlas,Java,-5,633,4372,144,756,240,57,2023-10-05,25:61,35,2324,1926,1.7,18,5,69.5, ,2,Yes,No,Sprint-10,3880.9,
D0083,Chris,DevOps,3.5,Germany,Atlas,Java,999999,299,629,7,992,188,365,2025-04-18,25:61,6,1508,868,11.7,18,25,17.3,Failed,2,Yes,Yes,Sprint-8,2291.5,MIT
D0568,Taylor,AI,0.9,USA,Forge,Rust,914,377,1307,17,450,150,252,21/12/2023,8PM,5,1362,728,7.9,12,4,25.0,FAIL,0,Yes,No,Sprint-7,4381.7,GPL
D0598,Sam,Backend,,India,Atlas,TypeScript,4485,949,4971,141,303,158,103,2024-12-08,00:00,82,3468,1584,3.6,7,0,58.1, ,6,Yes,Yes,Sprint-8,2936.3,MIT
D0567,Chris,Backend,9.8,India,Atlas,Java,758,780,1130,32,787,56,349,2023-02-19,8PM,14,2421,2922,9.4,20,6,67.3,Failed,0,Yes,Yes,Sprint-7,1435.1,Apache-2.0
D0215,Alex,Platform,,Germany,Forge,Python,3288,220,146,166,437,53,266,2025-01-31,8PM,35,892,1233,9.5,5,19,7.9,Failed,10,Yes,No,Sprint-7,342.7,
D0110,Taylor,AI,3.0,Germany,Atlas,python,2708,265,5747,78,14,357,405,2023-03-11,00:00,64,2008,796,7.0,7,4,64.0,Failed,5,Yes,Yes,Sprint-11,3750.6,Apache-2.0
D0046,Chris,Backend,14.8,Germany,Nova, PYTHON,999999,323,2652,69,134,189,466,08/03/2024,00:00,42,4655,865,5.4,7,9,12.9,FAIL,4,No,No,Sprint-8,1985.2,GPL
D0484,Taylor,Backend,1.6,USA,Forge,python,-5,562,3946,67,38,144,453,19/11/2023,00:00,34,3131,919,10.7,1,10,53.7,Success,8,No,Yes,Sprint-11,959.4,MIT
D0394,Alex,AI,7.6,India,Atlas,pyhton,999999,114,3783,18,157,174,131,2025-05-22,8PM,43,1045,295,7.4,6,30,63.2,FAIL,9,Yes,Yes,Sprint-9,933.0,Apache-2.0
D0110,Alex,DevOps,0.9,USA,Forge,Java,999999,192,2551,181,744,218,18,2024-09-16,8PM,55,3838,438,13.6,9,24,30.4,FAIL,2,Yes,Yes,Sprint-4,2655.5,Apache-2.0
D0123, ,AI,,USA,Atlas,Rust,740,187,191,103,381,316,214,15/02/2025,00:00,62,4713,2822,13.2,6,30,42.8, ,8,Yes,No,Sprint-4,1581.1,
D0326,Taylor,DevOps,3.5,Germany,Atlas,python,1018,111,3172,136,83,243,381,02/03/2024,25:61,45,3654,1220,13.2,23,5,31.3,Success,0,Yes,No,Sprint-10,3574.3,MIT
D0456,Alex,Backend,,USA,Nova,TypeScript,-5,111,2530,160,35,316,486,2025-03-13,8PM,22,53,2241,2.1,3,9,6.0,FAIL,3,No,No,Sprint-11,3718.1,GPL
D0549,Chris,Backend,1.3,Germany,Nova,pyhton,-5,564,3010,51,963,51,485,12/06/2025,25:61,9,2342,2130,4.5,24,22,58.5,Success,5,Yes,No,Sprint-3,1753.4,
D0453,Taylor,DevOps,14.6,USA,Forge,Java,999999,829,3226,46,494,396,156,2023-12-28,8PM,25,3445,1268,1.3,22,30,19.1,Failed,8,No,Yes,Sprint-4,3396.5,GPL
D0268,Chris,Backend,,India,Forge, PYTHON,999999,458,1529,17,62,134,87,23/09/2023,25:61,72,1274,2541,5.6,21,22,38.0,Success,7,No,No,Sprint-11,982.5,Apache-2.0
D0394,Sam,Backend,9.6,India,Atlas,Rust,2232,966,948,50,606,70,404,13/01/2024,00:00,36,1181,654,3.6,1,30,54.0, ,8,No,Yes,Sprint-8,793.0,GPL
D0421,Sam,Platform,13.5,USA,Forge,python,999999,827,1523,151,734,485,55,2023-07-07,25:61,90,3974,1264,11.4,11,26,8.7,Success,7,Yes,No,Sprint-5,4108.4,MIT
D0327,Alex,AI,,USA,Nova,python,999999,67,5612,48,584,351,148,2025-03-04,25:61,92,4357,1491,9.7,29,15,30.4,Failed,0,Yes,Yes,Sprint-12,230.0,GPL
D0232,Alex,DevOps,,USA,Atlas,Rust,999999,388,5378,106,21,139,64,17/09/2023,00:00,12,1262,165,12.1,1,18,68.1,Success,6,Yes,Yes,Sprint-6,3888.7,MIT
D0288, ,Platform,9.5,Germany,Forge,Java,999999,356,195,49,311,304,242,2023-03-30,25:61,3,2052,2168,5.9,19,14,1.5,Failed,7,Yes,No,Sprint-4,709.4,GPL
D0518,Alex,DevOps,4.9,USA,Nova,TypeScript,-5,844,2352,143,594,19,439,15/02/2025,25:61,40,4192,2910,5.7,24,27,59.9,FAIL,0,No,Yes,Sprint-1,251.6,GPL
D0198,Sam,Frontend,3.1,USA,Forge,TypeScript,999999,266,5621,78,570,395,366,05/06/2023,00:00,60,3718,86,1.0,17,20,0.7,FAIL,0,Yes,Yes,Sprint-9,4508.1,MIT
D0675,Sam,DevOps,5.7,India,Atlas,,999999,901,4450,27,459,14,282,21/05/2025,25:61,11,4125,2743,8.9,12,23,2.2,FAIL,1,No,Yes,Sprint-2,910.4,
D0697,Taylor,DevOps,,Germany,Forge,Java,999999,857,5541,174,483,332,17,20/04/2025,8PM,78,2239,142,12.9,11,19,17.9,Success,10,No,No,Sprint-5,2310.6,MIT
D0375,Chris,Backend,2.1,India,Nova,Python,-5,259,1970,45,660,348,36,13/03/2024,25:61,48,3745,512,2.4,22,17,65.7, ,3,Yes,No,Sprint-11,631.3,MIT
D0454,Chris,AI,,Germany,Nova,Python,999999,545,4758,19,756,285,296,10/10/2023,25:61,71,777,2679,4.8,15,24,14.8,Success,0,Yes,No,Sprint-10,2014.7,GPL
D0023,Alex,AI,,Germany,Forge,Python,552,495,4130,133,999,255,487,2023-01-26,25:61,12,3276,2654,2.4,3,20,8.8,Failed,1,No,No,Sprint-6,4881.5,MIT
D0268,Taylor,AI,7.9,USA,Forge,,-5,452,4411,81,876,315,125,2025-02-14,00:00,68,165,1094,0.2,19,30,37.7, ,5,Yes,Yes,Sprint-1,1891.3,
D0320,Sam,DevOps,11.6,India,Nova,pyhton,-5,415,5285,160,482,29,394,2024-11-29,25:61,49,3666,2331,7.6,7,21,27.5,Success,3,No,No,Sprint-10,2344.0,MIT
D0060, ,AI,,Germany,Forge,Go,-5,994,5043,105,554,56,416,24/10/2023,25:61,19,287,784,1.9,24,28,31.3,Success,4,No,No,Sprint-5,1043.5,
D0447, ,Backend,5.9,Germany,Forge,Python,-5,94,4213,133,907,244,239,2025-03-18,25:61,66,3879,2622,13.2,23,0,63.5,Success,6,Yes,Yes,Sprint-8,4395.0,
D0129,Alex,Frontend,,India,Nova,python,1282,457,4652,160,868,187,177,2024-04-29,8PM,65,2981,996,10.7,24,18,55.0, ,1,Yes,Yes,Sprint-7,1326.1,
D0082,Alex,Frontend,9.1,USA,Atlas,Python,-5,471,2173,65,440,446,113,2024-06-05,8PM,62,3249,1344,0.1,5,2,51.2,Success,0,Yes,Yes,Sprint-1,3509.3,Apache-2.0
D0265,Sam,Frontend,4.7,Germany,Nova,Python,2530,60,3715,65,699,362,385,2023-11-23,00:00,62,3846,1462,4.4,5,8,16.8,FAIL,0,Yes,No,Sprint-3,1659.9,
D0100,Alex,AI,,Germany,Nova,TypeScript,999999,92,3064,151,5,410,22,16/04/2024,8PM,51,2031,455,8.0,23,12,57.9, ,9,Yes,No,Sprint-8,1397.3,Apache-2.0
D0071,Alex,AI,6.6,USA,Forge, PYTHON,4329,553,5737,184,32,227,257,2023-03-16,8PM,48,953,1133,8.4,12,6,45.2, ,10,Yes,No,Sprint-5,2360.4,MIT
D0645,Chris,DevOps,,Germany,Nova,Rust,-5,97,5902,18,207,99,277,16/03/2025,00:00,35,4641,121,12.6,17,7,21.3,Failed,0,Yes,No,Sprint-12,745.7,MIT
D0307,Alex,Frontend,,India,Forge,pyhton,999999,114,5988,33,830,169,273,09/01/2025,8PM,62,1439,2120,3.9,1,3,30.9,Failed,5,No,Yes,Sprint-4,3153.8,
D0172,Sam,Frontend,5.6,India,Forge,python,422,698,2113,199,203,416,130,2024-11-20,00:00,87,4022,2553,1.3,24,30,45.9,Success,9,Yes,No,Sprint-2,3679.7,Apache-2.0
D0362,Chris,Platform,,Germany,Atlas,Rust,999999,939,59,128,384,361,201,16/06/2025,8PM,41,664,1592,6.7,2,8,70.2,FAIL,3,No,No,Sprint-11,1585.1,GPL
D0261, ,Frontend,,Germany,Forge,Java,999999,596,2102,186,20,101,284,28/02/2023,25:61,83,1123,2637,7.1,25,15,8.8,Failed,0,No,Yes,Sprint-12,972.7,
D0042,Alex,Backend,3.8,India,Forge,Java,999999,106,956,81,961,264,458,05/02/2024,00:00,41,4720,86,11.0,29,15,39.0,Failed,9,No,No,Sprint-10,1841.6,MIT
D0624, ,DevOps,6.6,India,Nova,Python,-5,398,5677,4,31,467,62,19/04/2025,8PM,77,3390,1375,6.6,4,11,16.0,Failed,4,No,No,Sprint-7,1313.7,GPL
D0152, ,Backend,,India,Atlas,Python,-5,947,3548,146,184,349,17,2024-11-10,25:61,45,3603,1071,0.8,21,23,43.6,Failed,4,Yes,Yes,Sprint-10,2922.8,
D0006,Alex,AI,,Germany,Nova, PYTHON,-5,938,4212,27,452,121,33,29/04/2023,00:00,16,4186,2131,10.3,25,4,3.8,Failed,10,No,Yes,Sprint-5,4566.0,GPL
D0197,Taylor,Frontend,,India,Forge,,-5,729,3791,117,143,186,453,2025-03-26,8PM,22,194,460,10.1,19,4,46.0,Success,6,No,Yes,Sprint-4,4951.8,MIT
D0469,Taylor,AI,,USA,Atlas,pyhton,78,205,5093,24,6,46,378,2024-05-11,8PM,43,4968,2706,10.7,8,30,3.3,Success,8,No,No,Sprint-2,756.8,GPL
D0292,Sam,AI,,USA,Atlas,Go,-5,210,1660,115,83,39,256,19/03/2024,8PM,4,3370,1667,11.5,15,29,12.2,Success,4,Yes,Yes,Sprint-7,2857.3,Apache-2.0
D0551,Alex,AI,14.2,India,Nova,Rust,999999,733,425,106,198,307,493,2024-01-13,8PM,40,734,80,0.1,19,27,24.0,Success,4,No,Yes,Sprint-3,4654.1,
D0339,Taylor,Platform,,USA,Atlas,Go,1526,884,1664,189,490,220,278,15/02/2023,8PM,61,3918,2236,7.3,23,17,12.9, ,1,No,Yes,Sprint-5,1513.9,
D0247,Sam,Backend,,USA,Nova,Go,719,588,1442,84,487,392,492,25/04/2024,8PM,4,1992,295,11.6,6,1,46.8, ,1,Yes,Yes,Sprint-3,4851.9,
D0119,Chris,Backend,6.5,USA,Atlas,pyhton,3536,618,3425,48,79,136,304,20/12/2024,00:00,75,3520,797,4.2,18,0,67.8, ,9,Yes,Yes,Sprint-12,523.4,MIT
D0294,Alex,DevOps,,India,Atlas, PYTHON,999999,972,5488,185,44,449,193,2025-02-19,8PM,71,2303,2725,2.5,17,19,12.2,Success,5,No,Yes,Sprint-12,1203.9,Apache-2.0
D0345,Chris,Frontend,,Germany,Nova,Rust,999999,27,4446,74,177,316,234,2023-10-22,00:00,32,2548,2674,9.6,0,22,40.6,Failed,10,Yes,Yes,Sprint-9,1615.8,
D0214,Chris,AI,,USA,Nova,Rust,999999,679,1983,0,145,202,204,21/07/2023,25:61,78,3262,1439,11.4,8,0,7.4,Success,1,Yes,Yes,Sprint-6,678.2,GPL
D0672,Chris,Backend,1.8,India,Forge,Java,-5,604,601,30,250,68,31,2024-05-09,25:61,4,578,2480,6.0,28,19,53.0,Success,0,No,No,Sprint-8,3451.2,GPL
D0021,Sam,Frontend,0.3,India,Atlas,TypeScript,3567,902,2254,101,883,175,157,2024-03-18,00:00,40,-17,2131,10.9,11,17,2.7,Failed,1,Yes,Yes,Sprint-10,3355.4,MIT
D0264,Chris,Backend,,Germany,Atlas,Python,4891,286,132,18,8,0,331,2023-06-04,00:00,13,3512,2853,1.7,6,13,63.7, ,9,No,Yes,Sprint-4,1462.2,
D0473,Chris,DevOps,3.9,India,Atlas,TypeScript,999999,279,782,6,269,25,122,2023-08-18,00:00,63,3177,2710,3.7,30,12,24.5,Failed,3,No,Yes,Sprint-7,1070.7,
D0130, ,Backend,1.7,USA,Forge,Rust,-5,464,4243,142,505,418,72,04/01/2025,8PM,24,1475,1805,10.0,8,26,61.0, ,3,Yes,No,Sprint-4,1718.4,GPL
D0542,Sam,Backend,0.1,Germany,Nova,python,279,400,3183,72,391,327,492,18/12/2024,8PM,90,4438,323,12.4,29,13,62.2,Success,1,No,Yes,Sprint-12,2994.6,
D0504,Sam,Platform,12.8,Germany,Forge,,-5,206,2346,88,314,332,397,2024-12-23,25:61,44,140,1126,3.6,16,9,25.8,FAIL,3,Yes,Yes,Sprint-4,4864.8,Apache-2.0
D0138, ,Platform,9.4,Germany,Atlas, PYTHON,999999,532,5977,167,383,407,193,01/11/2024,8PM,48,4513,549,10.8,1,19,49.9,Success,5,No,Yes,Sprint-8,230.6,MIT
D0591, ,DevOps,,India,Forge,Java,999999,86,1156,112,921,97,280,30/12/2023,25:61,79,3624,1544,0.1,2,24,38.8,Success,1,Yes,Yes,Sprint-11,2149.3,MIT
D0301,Sam,Frontend,,India,Nova,Go,999999,790,1212,112,985,448,402,2023-07-04,25:61,55,941,2070,10.0,29,1,9.4,FAIL,5,Yes,No,Sprint-7,4722.6,MIT
D0426,Chris,Frontend,13.5,USA,Atlas,Rust,999999,303,3298,176,412,109,39,2025-02-05,8PM,99,2291,877,6.0,24,5,3.8,Success,4,No,No,Sprint-3,3067.3,GPL
D0552,Taylor,Backend,,Germany,Nova, PYTHON,999999,373,5971,172,457,56,134,17/03/2025,8PM,88,4819,634,8.0,15,26,56.6, ,6,No,No,Sprint-9,2292.3,MIT
D0134,Sam,DevOps,4.6,USA,Atlas,,-5,905,3826,132,910,62,433,2025-02-20,25:61,31,3020,2806,6.2,7,10,21.7, ,3,No,Yes,Sprint-3,3581.7,
D0354, ,AI,0.5,India,Forge,pyhton,-5,407,2423,96,628,53,146,2024-09-20,00:00,3,4492,2295,12.4,2,7,46.5,Success,6,No,Yes,Sprint-4,2491.9,MIT
D0316,Chris,Backend,,India,Forge,Python,-5,21,4168,126,608,412,488,14/09/2023,00:00,39,3125,1101,7.3,5,30,23.2,Success,7,No,Yes,Sprint-9,3871.0,Apache-2.0
D0184, ,DevOps,3.3,India,Atlas,Rust,-5,31,628,99,975,28,451,2024-02-15,00:00,45,3830,1334,12.1,14,19,31.9,FAIL,9,No,Yes,Sprint-3,3887.9,
D0172,Sam,Backend,,USA,Atlas,Python,1629,931,2227,97,710,364,260,2024-08-01,25:61,22,2706,434,9.7,18,27,55.5,Success,0,No,No,Sprint-12,4629.5,MIT
D0162,Taylor,DevOps,,USA,Atlas,pyhton,-5,260,5300,169,202,430,173,2023-11-13,00:00,11,2285,2835,1.7,1,12,11.2,Success,6,Yes,No,Sprint-2,3096.2,GPL
D0673,Taylor,Backend,7.2,Germany,Atlas,Go,-5,804,1954,136,847,240,288,2024-10-24,00:00,14,2859,1773,9.4,13,25,30.7,FAIL,3,Yes,Yes,Sprint-9,3813.7,Apache-2.0
D0576,Taylor,Frontend,3.7,Germany,Nova,Go,1875,241,1134,193,396,368,424,22/02/2023,00:00,86,923,2135,0.6,8,2,10.0, ,3,Yes,Yes,Sprint-8,2295.0,
D0278,Alex,DevOps,,Germany,Forge,python,1898,264,4862,37,942,294,155,2024-03-09,8PM,76,871,948,3.8,24,5,23.9,Success,2,Yes,No,Sprint-7,4518.6,MIT
D0630,Alex,DevOps,,India,Atlas,python,-5,874,986,163,546,409,268,2024-04-11,00:00,90,4053,2847,9.1,29,0,52.0, ,9,Yes,No,Sprint-5,1304.8,Apache-2.0
D0329,Alex,AI,5.2,Germany,Atlas,Java,999999,542,5002,3,444,474,252,2025-03-25,8PM,91,2501,599,8.0,8,23,14.4,Success,6,No,Yes,Sprint-9,2875.9,GPL
D0676,Sam,Frontend,,Germany,Atlas,Rust,3556,366,3236,182,447,104,459,25/04/2023,25:61,98,3926,1047,4.0,17,11,51.1,Success,8,No,Yes,Sprint-3,3926.5,MIT
D0470,Sam,AI,12.8,USA,Atlas,Java,-5,684,2510,129,589,233,55,2024-01-02,25:61,39,573,1340,7.6,2,3,65.9, ,5,No,No,Sprint-5,4531.1,GPL
D0183,Alex,Backend,,USA,Forge,TypeScript,999999,803,4054,81,810,172,240,10/09/2024,8PM,38,934,1891,3.8,26,27,37.1,Failed,6,No,Yes,Sprint-4,310.6,
D0031,Chris,DevOps,,USA,Nova,Go,3231,186,3778,118,549,158,319,2023-03-25,00:00,66,3511,87,1.9,20,18,17.8,Success,6,Yes,No,Sprint-1,3776.6,MIT
D0250,Alex,Platform,12.9,USA,Nova,python,-5,272,3094,10,955,268,176,20/01/2024,25:61,78,3794,2549,10.1,20,12,55.5,Failed,7,No,No,Sprint-2,725.1,
D0431,Alex,DevOps,,Germany,Forge,Go,1000,659,4831,79,998,262,359,21/05/2024,00:00,29,4325,303,9.9,24,16,5.7,Failed,3,No,Yes,Sprint-12,1702.6,
D0164,Alex,DevOps,9.4,Germany,Nova,Go,999999,554,3284,100,988,180,408,30/01/2025,8PM,1,2907,369,2.7,26,19,31.3,FAIL,2,No,No,Sprint-12,4614.3,MIT
D0530,Chris,Platform,1.4,India,Atlas,pyhton,999999,665,2308,159,438,231,299,2023-04-24,25:61,67,1131,2682,6.8,1,0,19.4, ,6,Yes,No,Sprint-4,2259.1,MIT
D0204,Sam,Platform,,India,Atlas, PYTHON,2987,653,2138,76,271,499,341,23/02/2024,25:61,34,3599,1744,10.5,30,3,7.1, ,4,No,Yes,Sprint-6,4884.0,GPL
D0693,Sam,Platform,3.4,Germany,Forge,python,2909,994,4327,196,885,433,275,2024-09-08,25:61,81,2100,612,9.0,13,3,8.2,FAIL,7,Yes,Yes,Sprint-6,1129.0,MIT
D0280,Sam,DevOps,11.3,Germany,Nova,,-5,129,5153,156,61,97,277,2023-01-09,8PM,98,989,2916,7.5,28,18,18.2, ,9,No,No,Sprint-3,1354.7,Apache-2.0
D0047,Chris,AI,,India,Nova, PYTHON,-5,732,4470,107,501,484,230,18/01/2025,8PM,98,1526,1768,13.7,17,17,29.8,FAIL,5,Yes,No,Sprint-9,3405.7,GPL
D0495, ,Platform,1.5,Germany,Forge,Go,-5,930,4415,13,104,241,246,26/01/2023,8PM,15,4685,1798,10.5,8,1,20.2,Failed,5,No,Yes,Sprint-10,314.8,
D0551,Sam,AI,,India,Atlas,TypeScript,4975,446,5351,140,759,265,89,2024-11-03,8PM,29,1869,1594,10.7,3,12,22.5, ,2,Yes,Yes,Sprint-1,1886.5,
D0694,Taylor,Frontend,12.5,Germany,Nova, PYTHON,-5,70,112,44,638,76,144,2024-06-21,8PM,50,4867,1286,10.8,15,27,10.7,Failed,4,Yes,Yes,Sprint-1,496.9,Apache-2.0
D0270,Alex,AI,,India,Nova,python,1308,371,693,185,706,448,415,09/05/2025,8PM,61,2737,597,2.6,23,20,36.0,Success,9,No,No,Sprint-11,4050.5,
D0678,Sam,Frontend,14.6,USA,Nova,Go,-5,887,252,152,951,69,53,30/04/2025,00:00,71,65,1292,5.9,21,7,23.0,Failed,9,No,Yes,Sprint-10,1627.2,GPL
D0128,Alex,AI,9.5,Germany,Atlas,Go,-5,155,4431,45,385,272,335,2024-07-17,25:61,42,4925,597,6.3,14,7,67.7,FAIL,6,Yes,Yes,Sprint-7,2642.2,Apache-2.0
D0200,Chris,AI,8.6,USA,Nova,Java,999999,529,4872,47,647,31,245,22/01/2024,25:61,5,2411,987,10.4,26,29,19.3,Failed,1,No,No,Sprint-1,2240.9,Apache-2.0
D0565, ,Frontend,2.5,USA,Atlas,Rust,999999,986,4621,20,976,399,196,31/08/2024,8PM,80,648,1876,5.9,28,1,20.1, ,7,No,No,Sprint-10,3736.5,Apache-2.0
D0258,Chris,AI,6.5,Germany,Forge,TypeScript,999999,95,5269,186,490,302,175,2024-06-02,25:61,5,232,2556,13.8,24,18,70.7, ,2,Yes,No,Sprint-7,4800.8,GPL
D0416, ,DevOps,,USA,Atlas,TypeScript,999999,963,3987,20,936,269,5,02/03/2025,8PM,71,4592,1530,0.9,15,11,41.4, ,8,No,No,Sprint-11,4625.7,
D0506,Chris,AI,3.8,India,Nova,pyhton,-5,870,2817,35,130,27,284,09/11/2024,25:61,3,4368,2336,2.5,14,29,50.6,Success,8,No,No,Sprint-9,3928.2,
D0509,Taylor,Frontend,6.1,India,Nova,Rust,3641,630,2488,3,702,390,62,2023-09-22,8PM,40,342,1447,13.3,24,25,12.8,Failed,4,No,No,Sprint-9,4455.5,GPL
D0094, ,Frontend,9.4,India,Atlas,Python,636,425,3803,125,387,178,54,26/01/2024,8PM,34,2738,1800,11.2,28,16,31.9,FAIL,2,Yes,No,Sprint-12,2389.6,GPL
D0273,Sam,Frontend,,India,Nova,Python,1952,978,5093,62,310,89,354,16/02/2024,00:00,13,219,2680,12.0,25,12,36.2,FAIL,7,Yes,No,Sprint-5,4539.4,GPL
D0142,Chris,Platform,,USA,Atlas,TypeScript,999999,130,5459,173,582,349,191,2023-08-11,00:00,47,77,248,12.6,10,23,29.8,FAIL,1,No,Yes,Sprint-4,1697.5,GPL
D0182, ,AI,,India,Nova, PYTHON,999999,357,2508,30,940,458,193,2023-12-27,25:61,60,2093,1726,13.4,27,26,10.7,Failed,6,No,Yes,Sprint-6,4090.4,GPL
D0429,Alex,AI,,USA,Nova,TypeScript,999999,883,5002,113,771,321,238,2023-08-11,00:00,18,4347,631,10.8,29,13,37.2,Success,1,No,Yes,Sprint-12,702.3,Apache-2.0
D0681,Sam,Platform,,Germany,Forge,Rust,281,902,1386,90,123,409,307,12/01/2023,25:61,4,2124,1990,6.4,18,22,25.2,Success,2,Yes,No,Sprint-11,2710.1,GPL
D0591, ,AI,,Germany,Nova, PYTHON,-5,858,1083,177,808,242,375,2024-01-10,25:61,88,1297,2578,9.5,28,9,29.4,Failed,7,No,No,Sprint-1,1290.6,MIT
D0436,Taylor,Frontend,,Germany,Nova,Go,1399,429,1691,129,907,483,433,2023-08-26,25:61,54,1816,1443,4.0,24,14,41.0,Failed,8,No,Yes,Sprint-8,2939.9,MIT
D0281, ,Platform,,Germany,Atlas, PYTHON,-5,93,567,179,852,284,213,2023-10-26,25:61,98,4143,857,9.2,3,8,30.0,FAIL,2,No,Yes,Sprint-5,456.7,
D0009,Chris,Platform,3.5,USA,Nova,TypeScript,3238,616,5805,79,848,116,486,27/06/2023,00:00,86,4043,1859,0.6,7,23,47.3, ,0,No,No,Sprint-2,3539.9,Apache-2.0
D0555,Taylor,DevOps,4.7,USA,Nova,pyhton,36,121,417,34,779,450,142,11/03/2024,8PM,51,315,803,5.2,24,16,2.4,FAIL,10,Yes,No,Sprint-12,2457.5,Apache-2.0
D0054,Alex,Backend,6.1,Germany,Forge, PYTHON,1622,307,4011,190,903,464,216,23/10/2023,8PM,88,4180,2549,5.4,13,11,18.3,Success,6,Yes,No,Sprint-1,2465.2,GPL
D0021,Chris,Platform,10.3,India,Forge,Python,1547,860,239,121,603,327,328,07/09/2024,8PM,70,2262,1442,0.8,29,29,49.5,FAIL,7,Yes,No,Sprint-7,3846.8,GPL
D0345,Chris,AI,,Germany,Forge,Java,4127,873,3326,169,453,222,14,2023-12-10,8PM,26,2789,2089,1.8,19,24,3.5, ,6,No,No,Sprint-12,3563.3,
D0532,Alex,Platform,8.3,USA,Nova,TypeScript,1599,875,2464,154,330,493,12,25/09/2023,00:00,2,4065,1775,2.6,14,24,58.9,Failed,6,No,Yes,Sprint-1,1271.4,
D0346, ,AI,8.8,India,Atlas,TypeScript,132,363,2252,136,735,354,380,06/09/2023,25:61,64,3757,1457,10.8,5,4,53.4,Success,3,Yes,Yes,Sprint-4,2321.7,Apache-2.0
D0612, ,Platform,,Germany,Atlas,Go,999999,846,1696,92,718,313,433,10/08/2023,8PM,83,214,1985,5.7,5,3,61.8,Success,6,No,Yes,Sprint-2,599.4,MIT
D0071,Alex,Platform,,Germany,Nova,Go,-5,494,2333,47,690,189,336,2023-11-05,00:00,36,92,1612,9.1,24,17,68.3,Success,7,No,Yes,Sprint-1,888.3,Apache-2.0
D0026,Taylor,Backend,,India,Forge,Rust,3025,77,1465,20,624,134,479,2023-05-24,00:00,52,119,517,11.7,3,0,42.2,Failed,4,Yes,No,Sprint-1,2654.2,Apache-2.0
D0657,Chris,Platform,,Germany,Forge,,2907,687,680,184,991,481,367,2023-03-21,00:00,66,242,1143,7.5,24,13,12.9,Failed,4,Yes,No,Sprint-12,3982.8,GPL
D0174,Alex,AI,,India,Atlas,pyhton,-5,242,3144,0,315,70,273,2023-09-28,00:00,76,2880,1135,0.2,3,26,58.9,Success,3,Yes,No,Sprint-11,2464.4,MIT
D0252,Taylor,DevOps,7.2,USA,Atlas,TypeScript,-5,786,309,37,222,159,145,23/09/2023,00:00,9,3996,1991,3.9,20,11,56.4,Success,10,Yes,Yes,Sprint-8,70.9,
D0252,Sam,Frontend,2.3,Germany,Atlas,pyhton,-5,232,1405,151,624,46,239,2025-01-04,25:61,54,4318,852,8.4,12,7,1.0,FAIL,3,Yes,Yes,Sprint-2,4364.5,Apache-2.0
D0083,Sam,Backend,,Germany,Forge,pyhton,2803,185,3926,84,101,99,20,11/03/2023,00:00,16,1540,1166,4.6,18,27,34.0,Failed,0,Yes,No,Sprint-10,1087.2,
D0254,Sam,DevOps,,Germany,Nova,python,2785,462,392,36,186,267,370,19/09/2023,25:61,85,3440,2519,2.1,30,13,28.8,Failed,10,No,Yes,Sprint-5,1816.1,MIT
D0413,Taylor,Backend,8.1,India,Atlas,Python,-5,998,4286,85,745,334,202,2024-08-08,8PM,70,4110,129,10.3,6,23,24.2,Failed,4,Yes,Yes,Sprint-5,4912.0,Apache-2.0
D0089,Sam,AI,,Germany,Nova,pyhton,999999,824,3456,39,52,339,347,2023-06-20,00:00,13,4417,2457,8.2,5,3,70.9, ,0,Yes,No,Sprint-2,3189.3,
D0401,Chris,Frontend,,India,Forge,Java,-5,688,824,195,693,462,348,2023-03-19,00:00,60,1551,839,13.9,18,17,45.3, ,3,Yes,No,Sprint-11,574.6,GPL
D0101,Chris,DevOps,,USA,Atlas,python,1709,488,246,48,69,419,273,02/06/2025,8PM,17,1221,2214,10.1,20,22,46.4, ,8,Yes,No,Sprint-1,2674.0,
D0582,Alex,AI,,Germany,Nova,TypeScript,999999,883,1646,103,820,476,209,29/01/2023,8PM,6,1483,1138,3.1,18,26,8.3,FAIL,4,No,No,Sprint-2,3055.2,MIT
D0093,Chris,Backend,,Germany,Atlas,Java,2637,583,228,9,252,5,301,29/05/2023,00:00,22,4126,2027,2.3,18,13,68.1,Success,0,No,Yes,Sprint-11,1046.3,GPL
D0623, ,DevOps,3.5,USA,Atlas,TypeScript,3482,93,4774,183,802,242,230,16/11/2023,8PM,34,4846,2699,1.7,17,9,59.7,Success,7,No,Yes,Sprint-6,4396.0,Apache-2.0
D0690,Sam,AI,10.2,USA,Atlas,Python,-5,457,324,33,138,224,293,2024-02-24,25:61,17,2251,98,0.8,17,15,56.0,FAIL,0,Yes,No,Sprint-12,2090.9,GPL
D0652,Sam,Backend,8.0,India,Nova,Go,999999,70,3474,112,907,233,473,03/09/2024,25:61,34,889,1972,7.6,1,21,64.7,Failed,5,No,No,Sprint-8,3627.9,
D0402,Chris,Backend,9.2,India,Nova,pyhton,999999,677,1563,95,106,341,261,18/06/2023,25:61,51,90,1407,10.9,2,16,55.1,Success,8,No,No,Sprint-6,4599.9,MIT
D0357, ,Backend,,Germany,Atlas,TypeScript,898,884,2178,159,791,214,276,15/08/2023,25:61,86,1854,1410,9.5,13,3,45.1, ,2,No,Yes,Sprint-5,4975.4,Apache-2.0
D0092,Sam,Backend,,Germany,Nova,TypeScript,999999,846,3713,54,94,296,483,2023-11-05,00:00,10,4194,2445,10.8,8,11,15.4,Failed,4,No,No,Sprint-3,4480.6,GPL
D0144,Sam,AI,9.9,Germany,Atlas,Python,2711,132,104,78,844,228,254,14/03/2024,00:00,7,1709,1111,0.7,20,8,60.8,Success,6,No,Yes,Sprint-12,4721.9,GPL
D0552, ,DevOps,4.8,Germany,Nova,pyhton,2997,561,445,55,33,139,218,01/09/2023,25:61,34,3317,1511,10.1,25,23,31.1, ,6,Yes,No,Sprint-7,2789.4,
D0068,Alex,AI,,Germany,Atlas,,1242,342,2256,12,433,246,156,31/03/2023,25:61,51,503,565,10.8,6,19,18.6, ,10,No,Yes,Sprint-5,2827.2,Apache-2.0
D0052,Chris,Platform,,USA,Atlas,Java,4824,910,3479,154,560,252,93,12/09/2024,00:00,29,2254,2892,5.2,22,24,71.9,Success,9,No,Yes,Sprint-11,244.6,MIT
D0212,Sam,Frontend,,USA,Atlas,,-5,685,397,131,813,481,483,15/09/2023,00:00,54,4983,1151,13.2,19,0,10.3,FAIL,10,No,No,Sprint-5,354.7,MIT
D0451, ,Platform,3.4,India,Nova,python,-5,528,4094,168,972,345,388,2024-12-25,25:61,38,977,1830,1.5,3,29,36.3, ,5,Yes,No,Sprint-9,2349.2,
D0348,Alex,Backend,5.9,USA,Nova, PYTHON,-5,827,4713,125,790,260,211,2023-09-27,25:61,44,3578,2540,2.6,12,5,5.6, ,10,Yes,Yes,Sprint-11,4735.4,MIT
D0056, ,AI,3.1,India,Atlas,,-5,731,2163,100,507,452,189,2023-11-29,8PM,34,2586,1925,8.9,25,7,66.0, ,8,Yes,No,Sprint-6,3204.9,MIT
D0545, ,Backend,,Germany,Forge,Python,1231,15,5130,60,61,382,270,2023-02-25,25:61,51,3080,226,4.2,25,10,67.6,Success,3,No,No,Sprint-6,2304.7,GPL
D0267,Taylor,Frontend,5.1,USA,Atlas,pyhton,2272,887,4293,24,791,351,331,07/04/2025,25:61,18,3249,1284,2.4,14,29,7.7,Failed,2,Yes,No,Sprint-4,2666.8,MIT
D0631,Chris,Frontend,,USA,Forge,Go,2772,792,5787,161,640,370,297,13/04/2025,00:00,65,4381,2245,12.3,5,3,7.1,Success,0,No,Yes,Sprint-11,2428.5,GPL
D0414,Taylor,DevOps,,Germany,Nova,pyhton,999999,227,5929,96,191,200,331,31/03/2023,00:00,86,3483,33,3.4,15,22,39.2, ,10,Yes,Yes,Sprint-3,684.6,MIT
D0148,Chris,Platform,,India,Forge,,3540,804,1658,180,413,34,253,25/12/2023,25:61,56,3881,575,6.6,17,9,4.5,Failed,1,No,No,Sprint-4,3766.4,MIT
D0627, ,AI,,India,Atlas,Python,-5,609,4007,119,658,248,264,16/03/2024,25:61,69,166,92,8.1,17,2,57.8,FAIL,2,No,No,Sprint-9,1557.6,
D0462, ,Backend,,Germany,Atlas,pyhton,-5,976,4349,163,667,107,67,2024-06-06,8PM,38,2135,461,9.7,14,15,45.6,Success,1,No,Yes,Sprint-3,1599.7,
D0094,Taylor,Platform,11.3,India,Nova,Rust,999999,251,2684,27,122,239,60,03/04/2023,8PM,7,2661,2626,7.5,27,23,12.5,Success,8,Yes,No,Sprint-2,895.0,
D0587,Chris,AI,7.9,Germany,Atlas,Java,1810,231,5821,85,76,425,360,18/12/2024,00:00,65,3954,1557,3.1,24,12,0.1,Success,2,Yes,Yes,Sprint-3,777.4,MIT
D0521, ,AI,2.5,Germany,Atlas,Java,-5,291,1245,170,384,385,220,26/09/2023,8PM,65,540,2692,8.7,21,19,59.8,Failed,0,Yes,No,Sprint-7,4500.6,GPL
D0544,Chris,Frontend,,India,Nova, PYTHON,1813,156,1633,199,887,53,53,01/05/2025,00:00,87,1943,38,9.4,24,25,22.1,FAIL,7,Yes,Yes,Sprint-12,1577.4,MIT
D0641,Alex,AI,1.2,Germany,Nova,Java,4035,246,3467,68,313,214,282,02/10/2024,8PM,95,1298,56,8.5,2,18,40.5, ,6,Yes,No,Sprint-4,4546.0,MIT
D0679, ,DevOps,,USA,Forge,python,2130,688,846,196,24,12,352,18/06/2024,8PM,62,1622,2164,7.2,29,13,47.7,FAIL,10,Yes,Yes,Sprint-9,1669.9,Apache-2.0
D0278, ,Platform,,Germany,Nova,,999999,556,4288,90,385,159,250,05/01/2023,8PM,28,2499,1467,8.6,9,1,54.9,FAIL,0,No,Yes,Sprint-11,2805.5,MIT
D0535,Taylor,AI,9.3,India,Nova, PYTHON,2763,615,1079,78,885,279,81,2024-10-30,00:00,87,4956,223,2.4,8,0,69.2,Success,8,No,No,Sprint-8,4623.4,GPL
D0666,Taylor,AI,1.4,USA,Atlas,pyhton,-5,859,2318,126,745,171,86,28/03/2025,25:61,91,3514,2265,7.9,7,0,8.4,FAIL,1,No,No,Sprint-7,4957.8,
D0444,Chris,AI,,Germany,Nova,pyhton,999999,250,305,146,867,73,489,2025-03-23,25:61,91,2531,2662,7.3,4,27,47.2,Failed,3,Yes,Yes,Sprint-10,3272.9,GPL
D0078,Sam,DevOps,6.0,Germany,Nova,Python,3587,248,4232,123,939,346,387,2023-12-02,25:61,18,4980,1404,9.6,29,29,50.3,FAIL,1,Yes,No,Sprint-5,2962.5,Apache-2.0
D0624,Chris,DevOps,,India,Atlas, PYTHON,999999,519,5134,57,597,84,232,2025-01-04,25:61,72,1077,1351,4.0,11,27,11.6,FAIL,5,No,No,Sprint-3,656.7,GPL
D0349,Sam,AI,,USA,Nova,pyhton,-5,500,3957,176,511,429,314,11/01/2024,00:00,64,44,1946,12.9,18,11,5.4,Success,3,Yes,No,Sprint-1,1347.6,Apache-2.0
D0254, ,Backend,14.9,India,Atlas,Go,999999,774,706,123,410,361,255,2023-09-21,8PM,87,3554,515,0.4,25,0,64.1, ,5,Yes,Yes,Sprint-4,1112.6,
D0589,Sam,AI,5.0,India,Atlas,TypeScript,-5,75,1664,41,859,75,213,2024-11-28,25:61,61,658,26,0.4,2,13,3.0,Success,4,No,No,Sprint-7,3124.5,MIT
D0372,Alex,Backend,0.4,USA,Nova,Go,69,866,3712,110,407,482,111,2025-02-06,00:00,26,3589,1907,13.5,22,3,11.0,Failed,5,No,Yes,Sprint-12,562.6,
D0327,Sam,DevOps,6.5,USA,Nova,python,999999,504,2432,150,974,433,311,03/11/2023,00:00,89,2597,145,14.0,2,17,55.8,Success,4,Yes,No,Sprint-8,3083.6,
D0193,Alex,Frontend,2.2,India,Forge,pyhton,999999,197,393,165,163,19,126,19/09/2023,8PM,89,2013,2821,9.5,8,29,25.0,Success,7,No,No,Sprint-1,4521.0,GPL
D0294,Sam,Frontend,,USA,Forge,Rust,999999,804,181,6,796,460,499,2025-04-03,8PM,83,1861,847,11.9,22,28,19.6,Success,2,No,Yes,Sprint-1,4908.4,
D0654,Chris,Backend,5.7,India,Nova,Python,999999,493,1140,105,811,413,457,13/01/2024,8PM,71,3064,2624,13.0,30,23,63.0,Success,9,Yes,Yes,Sprint-2,3918.1,Apache-2.0
D0462,Alex,DevOps,,USA,Nova,Rust,2484,188,694,28,558,461,446,28/04/2023,25:61,25,2362,2654,8.4,20,1,27.7,FAIL,0,No,No,Sprint-7,201.9,MIT
D0088,Chris,Backend,6.7,India,Nova, PYTHON,999999,111,847,1,233,417,210,2024-01-01,25:61,77,675,412,9.7,4,23,70.3,Success,10,Yes,No,Sprint-2,285.1,Apache-2.0
D0123, ,DevOps,1.1,India,Atlas,TypeScript,-5,719,4869,101,565,293,118,2024-07-12,25:61,31,1975,2761,1.8,16,3,49.8,Failed,1,No,No,Sprint-8,289.9,GPL
D0531,Chris,Frontend,2.1,USA,Forge,Go,999999,117,128,164,903,359,467,2023-06-20,8PM,53,4673,1470,6.0,22,24,47.1, ,6,Yes,Yes,Sprint-6,1882.2,GPL
D0140,Sam,DevOps,,Germany,Atlas,,1146,154,1370,163,564,149,80,2023-10-26,00:00,15,4085,2254,12.2,15,6,50.5,FAIL,10,No,Yes,Sprint-7,1352.1,Apache-2.0
D0578,Alex,Backend,,India,Nova,Go,-5,148,2593,129,433,215,166,06/10/2023,25:61,36,2821,986,6.7,6,14,33.2,Failed,2,No,No,Sprint-11,2046.0,Apache-2.0
D0407,Taylor,Frontend,13.4,India,Forge,Go,3032,536,727,177,20,181,111,2023-12-21,00:00,86,3151,965,13.4,5,11,41.2,FAIL,5,No,Yes,Sprint-12,4235.3,GPL
D0348,Taylor,DevOps,4.1,USA,Nova, PYTHON,999999,64,5255,14,783,233,476,28/04/2023,00:00,100,1307,954,11.8,7,22,9.8, ,6,No,Yes,Sprint-6,4720.8,
D0300,Chris,DevOps,13.3,USA,Nova,Go,1908,638,2668,137,961,118,215,2025-05-11,8PM,79,1172,934,4.4,25,20,25.1,Success,4,Yes,No,Sprint-1,258.9,GPL
D0053, ,Frontend,11.4,USA,Forge,TypeScript,999999,146,673,67,162,411,280,2024-01-16,25:61,28,414,887,2.1,4,11,46.4, ,10,Yes,Yes,Sprint-6,243.6,MIT
D0235,Sam,AI,7.3,Germany,Atlas,Rust,-5,96,3716,169,585,159,90,15/11/2023,00:00,34,1561,1428,2.9,15,26,54.1,Success,10,No,No,Sprint-12,571.5,MIT
D0622,Chris,Frontend,,Germany,Nova,Java,-5,433,1525,156,573,51,94,29/11/2023,25:61,45,1831,2162,2.9,14,15,50.4,FAIL,1,No,Yes,Sprint-1,1071.7,MIT
D0529,Sam,Frontend,,USA,Forge,TypeScript,999999,386,1159,124,15,14,190,2024-11-26,25:61,76,1734,834,9.5,10,21,68.5,FAIL,0,Yes,No,Sprint-12,1998.6,MIT
D0437, ,Frontend,,India,Atlas,Go,-5,326,4536,32,670,11,255,2023-05-29,25:61,53,2568,2125,5.5,5,13,2.6, ,4,Yes,Yes,Sprint-8,2559.4,Apache-2.0
D0647, ,Backend,,Germany,Atlas, PYTHON,1902,93,4322,42,495,332,139,2024-06-05,00:00,33,2737,724,11.4,26,0,68.1,FAIL,8,Yes,No,Sprint-9,1348.0,
D0104,Sam,Backend,,India,Nova,TypeScript,999999,940,1005,71,16,250,97,21/09/2023,8PM,97,1621,60,10.2,0,13,29.0,Success,0,Yes,No,Sprint-8,3933.8,GPL
D0446,Sam,Frontend,12.4,India,Nova, PYTHON,-5,659,1492,79,371,245,88,2023-10-07,25:61,23,3134,1655,10.6,18,5,32.7,Success,9,Yes,No,Sprint-7,3664.4,MIT
D0166,Alex,Frontend,,Germany,Nova,Java,999999,888,1071,101,550,268,2,2024-07-05,8PM,45,4511,1154,8.2,26,24,71.2,FAIL,1,Yes,No,Sprint-10,1554.6,MIT
D0199,Alex,DevOps,10.7,Germany,Nova,Go,1069,223,5472,66,315,269,134,22/04/2024,00:00,98,3153,1369,12.0,23,3,29.5, ,10,Yes,No,Sprint-12,1934.0,GPL
D0496,Sam,Backend,0.1,USA,Atlas, PYTHON,-5,371,4815,124,18,375,82,2024-11-07,8PM,5,4228,2316,2.7,7,15,35.8,Failed,3,Yes,Yes,Sprint-1,560.8,MIT
D0035, ,Frontend,0.9,Germany,Nova,pyhton,999999,515,1794,76,278,467,280,2024-02-06,8PM,3,1305,2357,3.5,12,9,21.6,FAIL,5,No,Yes,Sprint-6,216.2,GPL
D0212,Sam,Backend,5.9,India,Forge,,999999,329,3015,174,623,335,374,27/05/2023,25:61,39,4963,877,4.6,16,27,31.6, ,2,No,Yes,Sprint-11,1599.7,GPL
D0483,Sam,Frontend,5.5,Germany,Nova,Rust,999999,66,3023,73,598,243,394,2023-09-11,8PM,66,3043,149,7.7,6,23,6.6,Failed,7,No,Yes,Sprint-5,3357.6,GPL
D0361,Chris,DevOps,,Germany,Nova,Python,999999,624,3828,85,277,432,320,05/10/2023,00:00,89,1347,1996,9.1,26,8,65.6,Success,8,No,No,Sprint-1,1822.3,MIT
D0062,Taylor,DevOps,8.3,USA,Forge,python,1304,6,1471,34,211,123,85,2024-03-12,25:61,86,3768,519,8.5,7,8,13.2, ,0,No,Yes,Sprint-5,2635.3,MIT
D0544,Taylor,Platform,,India,Atlas,Go,3757,234,3164,7,660,325,466,2023-09-11,8PM,97,1602,2086,3.8,15,4,48.7,Success,3,Yes,No,Sprint-10,1369.3,GPL
D0381, ,AI,8.9,USA,Nova,,4083,829,4655,146,885,7,476,22/12/2024,8PM,18,4364,241,5.1,25,11,25.2,FAIL,8,No,No,Sprint-6,3385.0,Apache-2.0
D0376,Chris,Platform,4.3,USA,Atlas,Rust,-5,752,5994,78,796,93,246,03/03/2023,25:61,49,3204,2415,7.9,9,15,62.5,Failed,2,Yes,Yes,Sprint-5,1501.1,
D0498, ,AI,8.3,India,Atlas,TypeScript,4721,633,535,96,500,239,308,2024-11-14,8PM,47,2001,1539,5.0,16,19,0.2,Failed,6,No,No,Sprint-3,3480.9,GPL
D0111,Taylor,Frontend,,India,Atlas, PYTHON,-5,170,4602,85,564,343,283,2023-05-25,8PM,87,3061,1227,7.8,12,0,48.1,Failed,5,No,No,Sprint-2,2443.3,Apache-2.0
D0564, ,AI,,Germany,Atlas, PYTHON,2152,452,5746,123,466,210,96,2023-11-14,00:00,57,2770,637,2.4,22,9,1.5,FAIL,6,No,Yes,Sprint-11,2004.4,Apache-2.0
D0106,Chris,Backend,,Germany,Nova,Python,999999,298,410,112,720,257,292,15/07/2023,00:00,11,4752,2188,11.5,14,5,31.9,Failed,1,Yes,No,Sprint-2,1760.9,
D0583,Chris,Backend,12.6,Germany,Forge,Java,4407,461,3629,171,674,376,194,28/04/2025,8PM,52,1622,2314,10.5,3,8,48.1,Success,5,No,Yes,Sprint-12,3935.9,MIT
D0255,Taylor,DevOps,,Germany,Forge,,1098,624,737,191,342,101,255,26/12/2023,8PM,47,373,2734,0.0,12,16,14.4,Failed,4,Yes,Yes,Sprint-3,3229.3,
D0277,Chris,Backend,,Germany,Atlas,Rust,999999,90,2418,182,994,433,265,2024-07-06,8PM,84,4779,722,2.7,0,26,3.3, ,6,Yes,No,Sprint-1,4289.9,Apache-2.0
D0617,Alex,Frontend,8.0,USA,Forge,Go,3701,48,1246,164,178,324,254,2023-01-03,8PM,12,2,2527,2.2,16,12,10.0,FAIL,10,Yes,Yes,Sprint-6,1218.2,
D0195,Chris,DevOps,,Germany,Nova,pyhton,4609,980,1746,130,882,460,396,25/03/2025,00:00,14,319,250,9.4,20,29,34.6,Failed,3,Yes,Yes,Sprint-10,2497.2,
D0192,Alex,DevOps,13.0,USA,Forge,Java,999999,747,389,159,516,91,355,2023-07-31,25:61,62,1725,128,1.2,0,25,56.6, ,4,Yes,Yes,Sprint-4,3426.4,MIT
D0424,Chris,DevOps,0.7,Germany,Atlas,Go,999999,389,3192,147,649,476,316,12/12/2024,8PM,47,1946,2917,7.3,1,15,70.3, ,8,No,No,Sprint-1,765.1,Apache-2.0
D0004,Alex,Platform,,Germany,Nova,Go,-5,654,4172,114,691,329,358,13/03/2024,25:61,91,1345,1635,10.7,1,18,55.4,Failed,9,Yes,Yes,Sprint-8,1338.1,GPL
D0645,Sam,AI,7.7,USA,Nova, PYTHON,4429,719,2164,74,427,246,154,12/02/2023,00:00,66,482,25,8.5,22,13,52.6,Success,7,Yes,Yes,Sprint-1,4606.7,GPL
D0274,Taylor,Backend,6.1,USA,Forge,python,4055,642,102,48,2,110,147,2023-07-23,25:61,81,4514,2709,4.9,27,5,39.4,Failed,6,No,Yes,Sprint-7,1951.0,Apache-2.0
D0004,Sam,Frontend,,USA,Nova,Java,-5,938,4474,94,3,147,443,2024-03-09,00:00,8,441,1330,11.0,13,29,17.7,FAIL,3,No,Yes,Sprint-8,1712.8,Apache-2.0
D0330, ,Platform,,Germany,Nova,pyhton,-5,606,5787,191,887,24,320,2023-07-24,00:00,10,3627,1892,3.9,15,26,57.4, ,10,Yes,Yes,Sprint-8,3405.2,
D0515,Sam,Frontend,9.2,India,Atlas,Go,-5,92,2617,103,495,114,264,10/06/2023,00:00,79,612,514,8.4,17,8,37.3, ,7,No,No,Sprint-11,4258.2,GPL
D0569,Sam,AI,5.6,USA,Forge,Go,999999,564,809,113,351,82,272,11/06/2023,00:00,88,4817,2199,7.7,5,24,49.2,Success,6,No,Yes,Sprint-11,2700.9,GPL
D0189,Sam,AI,,USA,Atlas,pyhton,-5,256,2864,24,526,62,21,2025-04-26,00:00,16,314,610,3.6,27,21,42.5,Success,7,Yes,No,Sprint-5,757.4,GPL
D0368,Taylor,Frontend,12.7,USA,Forge,TypeScript,2170,471,4374,35,862,391,331,07/05/2025,00:00,73,1195,431,10.5,22,27,43.1,Success,9,No,No,Sprint-5,746.1,Apache-2.0
D0539,Sam,Platform,,USA,Atlas,,2804,217,4637,163,418,36,68,2025-04-18,8PM,59,1978,2878,6.2,7,19,30.6, ,5,Yes,No,Sprint-10,3688.9,GPL
D0416, ,DevOps,,India,Nova,Java,4171,630,3769,142,35,472,25,2023-04-30,00:00,18,2464,1877,9.1,26,15,62.3,Success,5,Yes,No,Sprint-3,4533.9,MIT
D0542, ,Frontend,,Germany,Nova,pyhton,999999,611,5959,178,152,354,259,2024-08-14,25:61,66,314,1855,3.1,10,18,21.0,Success,3,No,Yes,Sprint-12,2817.1,GPL
D0272,Alex,Frontend,,Germany,Forge,Rust,3576,594,694,65,531,211,256,26/03/2025,00:00,75,3319,2450,8.5,12,15,19.2,Failed,1,No,No,Sprint-2,2665.2,
D0604, ,Frontend,,Germany,Forge, PYTHON,634,374,396,2,961,125,194,03/02/2025,8PM,28,4961,1972,12.9,5,26,5.7,Success,9,Yes,Yes,Sprint-2,187.0,
D0049, ,Frontend,,USA,Atlas,Python,-5,371,10,79,898,418,208,10/02/2024,8PM,51,1811,1008,11.1,3,8,38.6,Success,3,Yes,Yes,Sprint-6,1013.4,GPL
D0601,Alex,Frontend,2.5,Germany,Forge,Go,-5,777,507,26,365,453,222,26/04/2024,00:00,60,4751,2916,11.7,16,2,11.0, ,4,No,No,Sprint-10,985.3,
D0249,Chris,DevOps,,India,Forge, PYTHON,4314,349,4305,107,34,60,474,23/04/2025,00:00,63,1559,680,0.3,0,20,50.8,Success,3,Yes,No,Sprint-3,2441.2,GPL
D0555,Chris,DevOps,0.5,USA,Atlas, PYTHON,999999,643,581,176,865,271,189,2024-01-20,00:00,11,487,2022,10.2,0,26,32.1,Failed,2,No,Yes,Sprint-4,1555.6,GPL
D0569,Taylor,Platform,9.9,Germany,Nova,Rust,2934,764,1905,174,124,19,90,2024-02-27,00:00,93,4457,27,12.2,29,7,43.1, ,0,Yes,Yes,Sprint-10,737.3,Apache-2.0
D0531,Sam,DevOps,4.7,USA,Atlas,Java,-5,811,15,75,15,103,13,2023-08-21,8PM,6,3900,2571,12.1,14,26,62.1,FAIL,5,No,Yes,Sprint-1,995.4,
D0280,Taylor,Backend,,Germany,Forge,Java,-5,437,5701,88,109,26,146,2024-09-03,25:61,43,3345,242,2.0,21,29,30.8, ,2,No,Yes,Sprint-12,3361.0,Apache-2.0
D0013,Sam,Platform,2.6,Germany,Forge,python,-5,790,2362,45,113,184,410,13/12/2023,00:00,31,2667,756,11.7,6,0,26.5,Success,3,Yes,Yes,Sprint-4,3574.3,GPL
D0595,Sam,Frontend,,USA,Nova,,2824,400,1224,181,3,346,7,2023-05-15,00:00,80,3237,2897,5.4,22,12,68.7,Success,2,No,No,Sprint-9,148.9,Apache-2.0
D0108, ,Backend,3.7,USA,Atlas,Java,-5,941,2084,19,871,374,371,2023-12-19,25:61,88,1565,1731,3.7,4,28,64.6,Success,7,Yes,Yes,Sprint-9,4184.2,Apache-2.0
D0213,Sam,Frontend,,Germany,Nova,Python,999999,379,1251,42,628,313,342,18/02/2023,8PM,52,3025,507,9.1,21,30,56.3,FAIL,8,No,Yes,Sprint-11,4466.5,
D0301,Chris,Frontend,7.0,India,Atlas,pyhton,999999,364,5025,1,30,394,298,2024-07-02,25:61,46,3821,2387,5.1,20,6,19.3,Success,0,Yes,Yes,Sprint-5,1234.4,MIT
D0272, ,Backend,3.0,USA,Forge,Go,4674,662,3719,132,964,31,255,2024-05-23,00:00,32,1874,2084,2.9,10,9,5.8,Success,0,Yes,Yes,Sprint-10,1583.8,
D0602, ,AI,4.8,Germany,Forge,TypeScript,-5,828,5796,150,168,446,159,06/08/2023,8PM,19,445,98,13.4,0,18,25.6, ,6,Yes,Yes,Sprint-12,694.0,GPL
D0371,Chris,DevOps,,USA,Nova,Go,999999,551,4699,24,88,472,477,05/01/2024,00:00,100,211,249,5.8,10,2,18.5, ,1,No,Yes,Sprint-7,4148.1,
D0308,Alex,AI,,Germany,Forge,pyhton,-5,730,1179,131,292,382,45,2023-01-16,8PM,87,452,2241,2.5,15,20,56.7,Failed,0,No,Yes,Sprint-4,776.6,GPL
D0086,Chris,Backend,4.4,India,Nova, PYTHON,999999,367,1175,170,276,83,178,02/05/2024,25:61,72,2137,2258,4.2,1,3,36.7,Success,6,No,Yes,Sprint-1,4364.4,Apache-2.0
D0645,Alex,Frontend,,USA,Forge,Go,1156,829,2656,142,732,192,57,13/07/2023,25:61,62,1969,2041,2.8,29,28,53.8, ,2,No,No,Sprint-11,3297.6,
D0197,Alex,Frontend,,India,Forge,Python,-5,352,4004,103,569,305,455,29/11/2024,8PM,29,2971,689,11.4,24,27,8.4, ,8,Yes,Yes,Sprint-12,2390.4,MIT
D0198,Chris,DevOps,7.7,USA,Nova,,-5,678,2952,49,33,22,48,23/11/2023,00:00,50,4739,1323,0.4,17,30,51.7,FAIL,7,No,Yes,Sprint-3,384.7,MIT
D0186,Chris,DevOps,,USA,Forge,python,-5,288,316,74,706,153,148,2023-03-23,00:00,14,4970,422,11.4,15,20,0.1,FAIL,0,Yes,Yes,Sprint-6,2219.5,MIT
D0239,Taylor,Platform,,India,Nova,Python,-5,852,3390,24,94,146,435,01/01/2025,8PM,69,2797,1517,10.0,8,7,2.1,Success,4,No,Yes,Sprint-6,1170.3,
D0023,Sam,DevOps,,USA,Atlas,TypeScript,2765,599,1234,32,454,259,492,2023-11-23,8PM,59,1601,635,2.2,1,13,53.1,Failed,6,Yes,Yes,Sprint-2,4589.7,
D0249,Sam,Platform,,USA,Forge,python,3173,847,3740,92,837,170,461,2023-08-05,25:61,96,2976,792,8.4,16,22,45.3,FAIL,5,Yes,No,Sprint-7,4885.3,GPL
D0196,Sam,Frontend,,India,Forge,Python,2959,280,4193,172,800,228,77,2023-10-09,00:00,68,109,2956,7.8,8,21,66.2, ,7,Yes,Yes,Sprint-10,2704.0,Apache-2.0
D0439,Taylor,Platform,,India,Nova,Java,-5,182,5423,121,109,254,465,17/11/2024,8PM,14,1051,1014,11.1,3,13,27.0, ,3,Yes,Yes,Sprint-9,1474.7,MIT
D0200,Chris,AI,,USA,Atlas,TypeScript,999999,721,5850,27,593,117,459,2024-08-27,8PM,62,845,1805,4.5,28,30,48.4,Failed,7,Yes,Yes,Sprint-5,4533.2,Apache-2.0
D0004,Sam,DevOps,,USA,Nova,Python,4160,204,2197,141,920,306,430,2025-06-14,25:61,75,2568,2690,8.2,16,17,59.1,Success,2,Yes,Yes,Sprint-11,3769.3,MIT
D0329, ,Backend,,India,Nova, PYTHON,2079,688,5087,125,114,69,35,2023-06-28,00:00,60,1920,1907,10.7,27,3,27.9,Failed,7,No,Yes,Sprint-10,1726.8,MIT
D0357,Alex,Frontend,,India,Forge,Go,3434,822,2854,60,744,235,368,07/02/2025,25:61,56,1883,2091,7.3,13,16,10.3, ,5,No,No,Sprint-9,2442.9,MIT
D0687,Taylor,AI,3.4,India,Atlas,Java,999999,121,4914,63,270,239,144,2024-02-14,00:00,39,3525,509,1.1,27,10,34.7, ,6,Yes,Yes,Sprint-1,414.3,GPL
D0500,Taylor,Backend,8.0,India,Forge,Python,2731,766,984,110,747,234,498,19/04/2025,00:00,59,18,904,8.1,11,1,66.4,Success,1,No,Yes,Sprint-4,1163.7,Apache-2.0
D0633,Taylor,AI,10.8,India,Forge,pyhton,999999,362,3526,102,811,289,6,2025-01-17,00:00,44,1889,1317,10.1,5,24,31.7,Failed,5,No,Yes,Sprint-3,1560.0,Apache-2.0
D0044,Sam,DevOps,0.1,USA,Atlas,Rust,999999,50,2772,127,597,333,279,2025-02-25,25:61,93,1050,778,13.4,22,10,43.2,FAIL,7,Yes,Yes,Sprint-1,4764.8,GPL
D0366,Taylor,Backend,2.7,India,Forge,TypeScript,999999,163,637,157,670,258,316,2025-03-28,8PM,52,1955,33,2.0,14,17,15.2, ,9,Yes,Yes,Sprint-11,492.3,MIT
D0503,Alex,AI,11.6,USA,Forge,python,-5,770,5485,90,595,267,191,28/05/2025,8PM,73,1451,1673,10.7,28,18,6.0,FAIL,9,Yes,Yes,Sprint-6,2714.3,Apache-2.0
D0222,Sam,Frontend,7.9,Germany,Atlas,Java,-5,257,647,22,422,378,352,2024-06-28,00:00,52,2091,68,2.0,13,24,63.6,Success,0,No,Yes,Sprint-4,4434.6,MIT
D0102,Alex,AI,14.0,Germany,Nova,Java,-5,796,5706,66,88,367,470,2023-09-01,00:00,27,89,2457,9.1,26,30,28.4, ,7,Yes,No,Sprint-8,1006.0,GPL
D0196,Sam,AI,5.0,USA,Nova,Java,999999,327,3282,16,596,447,362,2023-10-12,25:61,36,375,969,3.5,8,11,65.3,Failed,9,Yes,Yes,Sprint-6,4313.6,Apache-2.0
D0572,Alex,Frontend,,Germany,Forge,python,999999,201,4692,190,519,225,409,2024-03-05,25:61,44,3548,1204,8.5,26,7,66.8,Failed,6,Yes,No,Sprint-3,4466.0,
D0404,Taylor,Platform,,India,Atlas,python,3263,113,1664,135,936,79,305,2025-02-12,25:61,34,3313,635,7.2,18,26,67.3,Failed,7,No,No,Sprint-7,2893.2,GPL
D0075,Sam,DevOps,,USA,Nova,Go,-5,456,1268,161,173,312,165,2023-11-21,8PM,56,4743,2300,7.4,13,10,32.6,Success,4,No,Yes,Sprint-4,2822.0,GPL
D0546,Alex,DevOps,10.5,India,Nova,python,-5,212,2807,89,490,454,487,2025-02-01,00:00,15,2130,2516,0.7,26,12,18.9,FAIL,2,Yes,No,Sprint-5,1334.1,Apache-2.0
D0418, ,Backend,,USA,Forge,Go,797,131,3924,133,947,479,120,2023-11-14,00:00,46,4805,1386,12.4,21,0,36.1,Failed,9,No,No,Sprint-8,2593.6,MIT
D0301,Taylor,Backend,,USA,Atlas,Java,704,613,4933,87,491,467,90,2025-05-07,25:61,97,298,2987,3.0,23,17,21.2,FAIL,0,No,No,Sprint-7,3250.5,GPL
D0663,Chris,Backend,2.9,India,Forge, PYTHON,999999,213,678,29,516,254,466,2023-01-01,8PM,33,4460,2538,1.0,13,6,70.7,FAIL,0,No,Yes,Sprint-6,2897.5,
D0253, ,DevOps,6.2,USA,Forge,Java,-5,29,680,152,493,17,425,22/01/2025,8PM,98,3356,1126,2.3,25,15,9.6, ,9,No,No,Sprint-11,387.0,GPL
D0038,Sam,Frontend,2.6,Germany,Forge,Java,1328,572,1020,75,703,16,161,16/03/2024,00:00,82,2704,2453,0.7,11,26,30.7,FAIL,8,Yes,No,Sprint-2,2612.2,Apache-2.0
D0176,Taylor,Platform,8.3,USA,Forge,Rust,120,529,2918,133,28,109,51,12/11/2024,00:00,37,1173,1965,1.7,5,7,62.2,Failed,2,No,Yes,Sprint-2,1832.9,
D0672,Chris,Frontend,,Germany,Nova, PYTHON,-5,334,404,134,296,389,379,2024-05-11,25:61,67,117,128,5.8,6,17,30.4,Success,9,Yes,No,Sprint-12,4085.6,Apache-2.0
D0078, ,Backend,,India,Nova,Rust,-5,527,218,200,114,253,250,19/06/2023,00:00,36,4184,1745,6.8,17,19,48.7,FAIL,9,Yes,Yes,Sprint-11,2415.2,MIT
D0124,Sam,Frontend,14.2,India,Nova,pyhton,-5,882,5104,60,999,87,331,02/06/2023,8PM,23,3027,751,6.9,10,27,5.9,FAIL,0,No,No,Sprint-5,2394.1,Apache-2.0
D0215,Chris,DevOps,,USA,Forge,pyhton,999999,520,5623,84,71,436,205,2023-11-06,00:00,19,602,1055,11.0,30,16,39.0,FAIL,6,No,Yes,Sprint-6,4954.6,Apache-2.0
D0067,Sam,AI,,India,Forge,Python,999999,407,5515,19,495,66,160,2025-01-05,00:00,21,3457,2434,0.1,29,2,39.2,Failed,6,Yes,No,Sprint-12,2327.9,
D0022,Chris,Frontend,,India,Atlas,,999999,362,1382,31,81,190,449,2024-12-24,8PM,64,79,2574,0.9,3,23,69.6, ,5,Yes,No,Sprint-10,1559.8,
D0539, ,Frontend,10.1,India,Nova,TypeScript,999999,922,5152,72,675,453,0,26/12/2024,8PM,97,64,2286,10.3,23,28,14.0,Success,7,Yes,No,Sprint-1,133.9,GPL
D0596,Chris,Backend,5.4,India,Atlas,Python,4514,333,1733,20,268,379,421,07/04/2023,25:61,39,1965,2966,9.0,28,27,43.4,FAIL,4,No,No,Sprint-1,452.8,GPL
D0374,Taylor,DevOps,0.0,India,Forge,,-5,272,1050,142,256,163,101,14/05/2024,8PM,32,2767,2571,12.4,8,24,2.2,FAIL,2,No,Yes,Sprint-5,544.6,GPL
D0586, ,Frontend,9.9,USA,Nova,Java,-5,500,5925,51,866,42,379,29/02/2024,8PM,13,1184,2674,9.4,9,0,56.9,FAIL,6,No,No,Sprint-6,2933.9,GPL
D0136,Taylor,Platform,4.8,USA,Atlas,,999999,269,1569,123,791,39,306,2024-06-25,25:61,62,2646,2604,10.7,15,24,66.9,Success,8,Yes,Yes,Sprint-6,1992.8,GPL
D0658,Taylor,DevOps,,India,Nova,Python,-5,454,1751,103,232,304,342,07/10/2023,00:00,32,3668,1080,3.6,7,10,0.9,FAIL,5,Yes,No,Sprint-8,337.2,MIT
D0569,Alex,DevOps,,USA,Forge,Rust,1132,579,3976,182,945,260,189,22/12/2024,25:61,31,2584,957,5.8,13,16,31.6,FAIL,10,No,Yes,Sprint-6,3023.2,Apache-2.0
D0177,Taylor,DevOps,4.8,Germany,Forge,Java,2952,661,1605,69,590,19,372,21/07/2024,8PM,46,3767,2482,3.1,21,14,60.8,FAIL,3,Yes,No,Sprint-12,4583.9,GPL
D0127,Sam,DevOps,3.5,USA,Nova,Go,999999,547,349,160,864,115,456,2025-02-10,8PM,87,3749,115,9.6,19,8,48.0, ,3,No,No,Sprint-12,3714.1,MIT
D0505,Alex,DevOps,,India,Atlas, PYTHON,-5,519,665,45,248,267,351,2025-01-07,25:61,3,223,2315,11.5,28,23,63.2, ,2,No,No,Sprint-3,1302.6,Apache-2.0
D0005,Sam,Backend,4.2,Germany,Forge,Rust,3010,309,2326,24,104,467,142,22/08/2024,8PM,12,4366,10,6.5,24,0,64.9,FAIL,2,No,No,Sprint-1,2216.1,GPL
D0616,Taylor,DevOps,14.6,USA,Forge,pyhton,-5,422,65,58,594,71,386,25/09/2023,00:00,32,-40,2714,7.0,9,10,36.7, ,3,Yes,Yes,Sprint-1,4561.5,Apache-2.0
D0609,Chris,Platform,8.6,India,Atlas, PYTHON,999999,755,2329,129,145,466,454,2023-10-13,8PM,81,182,2292,1.3,19,5,38.9,Success,0,Yes,Yes,Sprint-3,1989.3,GPL
D0203,Chris,Frontend,11.9,USA,Forge,Rust,-5,334,1797,142,807,387,98,27/10/2023,00:00,48,1274,643,13.6,21,22,12.0,Success,10,Yes,Yes,Sprint-12,1175.7,GPL
D0008,Alex,Frontend,,Germany,Atlas,Go,192,889,2385,163,978,332,450,18/06/2025,25:61,42,370,591,0.4,24,0,71.9,Success,9,Yes,Yes,Sprint-5,3741.5,MIT
D0314,Alex,Backend,,USA,Atlas,Python,3741,209,3153,137,317,442,152,14/09/2023,8PM,46,747,2317,7.6,3,8,66.1,Failed,9,No,No,Sprint-8,3140.8,Apache-2.0
D0603,Sam,Backend,,India,Nova,TypeScript,-5,16,4239,58,539,232,123,2023-03-16,25:61,36,3299,2821,4.3,28,4,22.5,Failed,7,Yes,No,Sprint-2,2256.1,GPL
D0023,Alex,Backend,8.9,Germany,Atlas,python,999999,918,3447,9,142,402,38,12/12/2023,00:00,16,3465,1391,3.2,25,11,37.3, ,6,No,Yes,Sprint-1,1731.4,MIT
D0489,Sam,Backend,,USA,Forge,pyhton,999999,73,5196,115,553,465,396,22/10/2023,25:61,27,1097,1145,4.5,6,0,33.0,FAIL,2,Yes,Yes,Sprint-6,1919.3,GPL
D0492,Chris,AI,,Germany,Atlas,TypeScript,4061,221,3962,40,19,182,163,2024-10-25,00:00,32,2380,1636,7.5,8,18,24.0,FAIL,2,No,No,Sprint-3,2679.3,GPL
D0307,Alex,Platform,,USA,Atlas,Java,-5,382,599,73,65,182,363,2024-05-11,25:61,17,192,2251,4.2,11,17,67.6,Failed,1,Yes,No,Sprint-5,1450.9,Apache-2.0
D0584,Sam,AI,7.3,Germany,Atlas,TypeScript,-5,772,5298,135,479,389,328,2023-11-07,8PM,22,1125,1981,10.7,14,26,6.1,FAIL,10,Yes,Yes,Sprint-11,1169.9,
D0660, ,Frontend,12.0,Germany,Nova,Java,999999,422,1162,133,157,347,65,2023-11-03,00:00,95,1705,2509,6.6,13,6,38.7,Failed,4,Yes,Yes,Sprint-11,982.5,MIT
D0449,Chris,Backend,,USA,Forge,Python,4421,334,5257,39,756,341,499,29/01/2024,00:00,14,3187,476,4.3,12,20,30.7,FAIL,4,Yes,No,Sprint-1,3801.0,GPL
D0587,Chris,AI,3.6,USA,Atlas, PYTHON,1099,622,754,125,684,414,340,2023-11-18,00:00,39,2531,1045,6.7,8,7,20.3,Failed,4,No,Yes,Sprint-1,1287.2,GPL
D0018,Taylor,AI,14.1,India,Forge,Python,444,317,1246,128,185,373,228,20/01/2024,25:61,42,2097,2530,2.7,0,12,54.0, ,2,Yes,Yes,Sprint-2,1588.9,GPL
D0398,Sam,Frontend,4.7,USA,Forge,python,-5,564,4790,59,925,123,68,02/08/2023,25:61,27,4685,2969,4.2,8,25,57.6,Failed,1,Yes,No,Sprint-6,3603.3,
D0700,Chris,Platform,10.1,USA,Atlas,Python,-5,968,1147,166,38,0,290,2023-08-11,00:00,80,4513,1790,13.8,28,9,47.2,FAIL,0,Yes,No,Sprint-2,4194.2,MIT
D0124,Alex,Backend,,Germany,Forge, PYTHON,999999,453,2040,106,558,486,421,2025-03-21,00:00,23,1975,1443,6.2,11,20,3.7, ,3,Yes,Yes,Sprint-11,200.9,
D0192,Chris,DevOps,1.4,USA,Nova,,4413,104,4511,25,399,113,170,29/08/2023,8PM,75,3120,583,2.1,16,14,63.8,Failed,5,No,Yes,Sprint-3,977.9,Apache-2.0
D0433,Alex,AI,,India,Forge,Go,746,314,1747,14,14,6,394,03/11/2024,25:61,60,4806,409,11.4,14,6,47.2,Failed,2,Yes,Yes,Sprint-4,2881.8,
D0418,Taylor,AI,5.7,Germany,Forge,pyhton,4914,489,3054,106,642,266,420,12/07/2024,25:61,46,478,2633,0.4,6,10,25.1,FAIL,1,Yes,No,Sprint-10,4807.5,GPL
D0426,Chris,AI,,USA,Forge,python,-5,62,4358,12,240,67,399,02/01/2025,8PM,37,-26,1260,6.6,11,19,11.8,Failed,3,No,Yes,Sprint-8,3420.8,GPL
D0608,Alex,Frontend,,USA,Atlas,Go,79,487,2731,22,628,400,137,07/03/2023,00:00,64,4169,2001,11.4,10,8,63.2,Failed,3,Yes,Yes,Sprint-4,159.5,
D0452,Alex,Platform,2.2,India,Atlas,python,999999,739,4172,38,130,296,362,02/11/2023,25:61,65,324,1051,2.2,6,26,42.4,Failed,4,No,No,Sprint-10,786.2,GPL
D0609,Alex,Backend,,USA,Forge,Go,999999,76,2017,4,465,76,448,2024-08-11,00:00,29,4130,2670,11.0,6,29,56.6, ,1,Yes,Yes,Sprint-2,315.3,MIT
D0651, ,AI,9.4,USA,Atlas,Go,999999,636,534,171,71,318,50,2023-03-01,25:61,67,3536,18,2.1,28,2,11.2,Failed,1,No,Yes,Sprint-9,4254.5,GPL
D0075,Taylor,AI,,Germany,Atlas,Java,1053,46,1085,149,952,38,291,03/02/2023,25:61,29,4191,2856,0.4,25,26,51.6, ,10,Yes,No,Sprint-8,2242.5,GPL
D0583,Taylor,AI,13.4,Germany,Forge, PYTHON,999999,917,1609,112,705,167,302,05/02/2024,8PM,22,3571,836,8.2,23,23,23.2, ,0,No,No,Sprint-5,2689.2,MIT
D0680,Chris,DevOps,1.3,Germany,Forge,Go,1814,613,1825,135,607,446,232,2023-06-03,8PM,76,1878,1180,1.8,26,26,7.3,FAIL,1,Yes,No,Sprint-3,3544.6,GPL
D0086,Alex,DevOps,10.0,USA,Nova,Java,-5,401,4824,187,677,482,16,2023-06-25,8PM,76,3882,1733,2.9,19,16,54.5, ,2,No,No,Sprint-9,4365.3,Apache-2.0
D0122,Chris,Platform,,Germany,Nova,Go,999999,125,2479,57,100,43,35,2025-04-02,25:61,53,1610,2989,3.4,0,30,18.0,FAIL,4,No,Yes,Sprint-2,1595.9,
D0075,Sam,DevOps,11.4,USA,Nova,Python,-5,184,2640,36,849,174,53,17/05/2023,00:00,19,4867,2060,10.9,9,0,68.7,Failed,2,Yes,No,Sprint-4,2511.7,GPL
D0563, ,Frontend,,USA,Nova, PYTHON,999999,184,1455,80,684,48,88,2023-08-13,00:00,59,2806,418,12.7,8,5,5.2,Failed,7,Yes,Yes,Sprint-9,4253.4,
D0583,Alex,Platform,8.6,Germany,Atlas,Go,999999,758,2255,90,888,473,372,07/06/2025,8PM,74,1672,453,9.7,30,4,24.9,FAIL,1,Yes,No,Sprint-12,3108.8,MIT
D0603, ,Frontend,,India,Nova,python,999999,81,3371,100,412,164,168,2024-07-04,8PM,47,-50,2926,0.1,5,17,51.2,Failed,4,No,No,Sprint-5,1759.5,GPL
D0270, ,Frontend,9.9,USA,Nova, PYTHON,999999,850,5822,30,9,264,140,22/12/2023,25:61,75,296,952,13.8,29,0,70.6,Success,9,No,No,Sprint-3,2550.8,MIT
D0458,Sam,Frontend,10.8,India,Nova,Rust,923,704,4945,144,274,140,240,2023-02-18,8PM,1,201,451,0.1,27,21,23.8,FAIL,0,No,Yes,Sprint-10,1235.3,Apache-2.0
D0326,Chris,Backend,2.4,Germany,Nova,,-5,906,4196,171,370,19,229,13/10/2024,00:00,77,2736,1428,7.6,26,24,24.8,FAIL,10,No,Yes,Sprint-2,4046.4,GPL
D0428,Chris,AI,1.4,USA,Atlas,Python,-5,876,23,53,845,212,248,08/10/2023,00:00,92,2782,1328,6.7,4,13,38.0,Success,5,No,Yes,Sprint-11,333.1,MIT
D0121,Alex,DevOps,,USA,Atlas,Java,999999,935,1016,128,99,16,285,2023-07-08,25:61,7,1463,1289,5.0,0,7,26.2, ,6,Yes,Yes,Sprint-2,1349.9,GPL
D0601,Taylor,Frontend,3.5,India,Atlas,TypeScript,999999,82,5049,116,40,466,128,2024-10-01,25:61,73,3596,1471,3.8,9,3,42.9,Failed,5,No,Yes,Sprint-6,1617.6,
D0598,Sam,DevOps,14.3,USA,Atlas,Python,735,76,4400,198,539,495,475,04/05/2025,00:00,31,4259,256,3.6,11,29,8.5,Failed,3,No,No,Sprint-10,3024.7,Apache-2.0
D0671,Sam,Backend,,USA,Atlas,Java,999999,121,2119,34,541,301,499,26/01/2023,00:00,32,1687,276,11.7,28,3,60.7,Success,10,No,No,Sprint-9,4776.2,MIT
D0276,Alex,Platform,1.3,Germany,Atlas,python,1681,454,4338,115,671,154,121,18/12/2023,00:00,46,106,1484,3.4,28,9,21.6,Success,9,Yes,Yes,Sprint-7,2068.5,
D0162, ,Frontend,,Germany,Nova,Go,-5,947,4172,151,716,168,107,27/10/2024,00:00,3,201,1866,9.1,0,6,14.2,FAIL,8,Yes,Yes,Sprint-4,2537.0,MIT
D0113,Sam,Frontend,8.3,Germany,Forge,Go,2516,581,508,163,764,171,218,01/02/2023,00:00,26,950,2659,5.5,16,15,55.9,Failed,1,No,No,Sprint-12,2209.5,Apache-2.0
D0388,Chris,Platform,,India,Atlas,Go,3782,498,1162,151,72,349,483,23/07/2024,8PM,76,1272,1621,2.8,25,8,47.4, ,8,Yes,Yes,Sprint-6,1505.3,Apache-2.0
D0694,Alex,Frontend,,India,Forge,pyhton,-5,633,2498,120,758,101,409,2025-05-13,8PM,70,2245,301,0.5,22,0,48.4,Failed,9,No,No,Sprint-1,320.6,Apache-2.0
D0279,Taylor,Backend,,Germany,Forge,python,999999,326,4737,97,541,154,163,2024-06-24,8PM,53,2911,2501,2.8,4,8,71.6,Success,2,Yes,No,Sprint-2,2797.0,
D0024,Sam,Backend,,USA,Nova,pyhton,654,728,3718,18,434,492,255,2025-01-20,00:00,69,2632,1996,8.2,1,14,65.7,Failed,10,Yes,No,Sprint-8,2157.3,Apache-2.0
D0045,Alex,Platform,,India,Nova,Java,999999,544,2101,142,988,199,408,06/06/2025,00:00,54,2179,2079,13.6,20,29,58.9,Success,2,Yes,Yes,Sprint-3,360.9,MIT
D0303,Chris,Platform,10.0,India,Forge,pyhton,999999,522,4050,118,998,275,141,2023-01-02,00:00,83,758,2140,10.2,30,3,69.1, ,3,No,No,Sprint-10,1979.0,Apache-2.0
D0366,Sam,Platform,,Germany,Atlas,Rust,2718,216,3179,61,616,90,346,19/02/2025,25:61,31,3334,1321,11.9,12,16,42.2,FAIL,5,Yes,No,Sprint-7,2341.8,GPL
D0015,Chris,DevOps,10.2,USA,Forge, PYTHON,999999,961,2949,55,296,88,437,2023-02-22,8PM,34,2323,2538,4.6,10,26,7.2,Success,6,No,No,Sprint-11,2587.8,
D0203, ,Backend,2.8,USA,Forge,Python,2764,155,2455,112,812,195,351,2023-07-23,8PM,72,3700,2844,11.1,12,6,40.4,Success,1,Yes,Yes,Sprint-1,4676.6,GPL
D0511, ,Platform,,India,Atlas, PYTHON,1286,180,984,129,789,15,153,21/11/2024,8PM,18,4768,1791,4.0,12,8,15.6,Failed,1,No,No,Sprint-10,4697.4,Apache-2.0
D0009, ,Backend,,India,Nova,Python,999999,248,654,21,426,276,139,05/12/2024,25:61,53,2230,298,12.8,17,27,49.7,FAIL,10,Yes,No,Sprint-10,4236.1,GPL
D0243,Sam,Frontend,4.7,India,Atlas, PYTHON,2739,335,2713,155,929,360,184,2023-10-29,00:00,45,1982,757,0.7,1,15,7.2,Failed,10,No,Yes,Sprint-3,1472.9,
D0567, ,Frontend,2.0,USA,Nova,,2210,125,1605,71,632,194,81,2023-04-02,00:00,33,173,2147,9.4,26,18,21.4,FAIL,6,Yes,Yes,Sprint-8,4542.1,GPL
D0084,Alex,Frontend,,India,Forge,python,3664,153,3157,132,141,377,271,26/05/2023,00:00,67,3886,2542,13.4,16,1,50.9,FAIL,10,No,No,Sprint-11,3424.9,GPL
D0539, ,AI,,Germany,Atlas,python,-5,202,3784,5,427,264,476,2024-11-09,25:61,94,3626,1025,1.6,29,16,60.0,Failed,7,Yes,No,Sprint-3,4213.1,MIT
D0572,Alex,AI,,India,Forge,python,-5,818,2231,131,450,425,478,05/04/2024,8PM,24,2446,927,13.7,25,24,35.7,FAIL,0,Yes,No,Sprint-8,4549.8,
D0176,Alex,AI,7.2,Germany,Forge,Rust,4347,462,1904,79,938,16,66,2024-10-17,25:61,91,2459,1040,8.1,6,5,37.8, ,10,No,No,Sprint-10,4796.0,Apache-2.0
D0140, ,Backend,,USA,Forge,Go,653,615,1733,112,911,25,192,23/04/2023,8PM,80,89,753,7.0,25,7,59.0,Success,9,Yes,No,Sprint-3,4628.0,GPL
D0406, ,AI,,India,Nova, PYTHON,999999,263,837,58,869,277,127,15/01/2024,25:61,44,1368,1608,2.0,7,11,60.1,FAIL,9,Yes,No,Sprint-5,3753.9,MIT
D0557,Taylor,DevOps,1.3,USA,Atlas,Go,1990,905,3600,174,62,307,258,07/12/2024,25:61,88,4495,814,13.3,20,28,16.5, ,2,No,No,Sprint-5,4469.6,GPL
D0689,Alex,Platform,,Germany,Atlas,,-5,531,3541,43,868,410,476,18/12/2023,25:61,22,1671,998,11.1,27,30,40.2,Failed,6,Yes,No,Sprint-9,662.3,MIT
D0159,Taylor,Platform,,India,Forge,Rust,-5,853,2071,137,897,335,249,2024-04-06,25:61,21,610,1372,2.7,16,20,33.0,FAIL,10,Yes,No,Sprint-2,2413.0,GPL
D0488,Taylor,Platform,,Germany,Nova,Go,2111,673,1690,179,984,277,376,04/03/2025,00:00,49,3919,2814,0.4,10,11,43.2,Success,3,No,Yes,Sprint-4,3940.1,
D0221,Taylor,AI,10.1,Germany,Forge,Rust,-5,717,2902,40,62,377,108,2023-08-23,8PM,13,2553,2744,8.6,25,7,41.9, ,9,Yes,No,Sprint-12,1035.7,
D0286,Taylor,Platform,4.9,Germany,Forge,pyhton,-5,329,1782,196,73,133,401,2023-02-02,00:00,21,3177,218,0.7,23,21,43.7,Success,3,No,No,Sprint-2,2844.1,
D0186,Taylor,Frontend,,India,Nova,Java,-5,924,5868,194,582,70,108,10/08/2023,25:61,24,3203,892,4.8,22,23,13.9, ,4,No,Yes,Sprint-10,691.4,Apache-2.0
D0316,Sam,Backend,,India,Forge,,999999,39,4709,23,784,163,54,2023-12-08,25:61,27,3692,117,5.7,13,15,70.4,FAIL,0,Yes,Yes,Sprint-2,1115.5,Apache-2.0
D0418,Taylor,Platform,,India,Nova,Python,-5,514,945,181,583,49,344,2025-04-30,00:00,88,4509,1606,8.1,13,8,17.6,Success,4,Yes,No,Sprint-4,882.8,
D0653,Chris,AI,0.2,USA,Atlas,Python,999999,565,1158,79,640,444,404,2023-04-03,25:61,46,4923,2334,8.2,0,26,38.3, ,10,No,No,Sprint-8,2485.1,GPL
D0049,Taylor,Platform,,USA,Forge,,1527,895,3890,146,57,193,158,2023-04-13,25:61,90,3362,852,11.6,9,29,43.2,FAIL,8,No,No,Sprint-9,4646.8,GPL
D0525,Sam,Frontend,,USA,Forge,Python,999999,210,548,101,88,401,409,12/11/2023,00:00,27,4112,1585,10.9,17,10,1.0,FAIL,5,Yes,No,Sprint-12,3371.1,GPL
D0098,Alex,Backend,4.0,India,Atlas,TypeScript,3756,360,5744,41,25,179,196,2025-02-02,25:61,30,3957,2022,11.9,15,25,16.2,Success,10,Yes,No,Sprint-10,3844.9,
D0493,Chris,AI,,India,Nova,python,4699,760,1884,60,237,178,266,14/01/2024,8PM,9,3479,111,3.9,4,8,65.9,FAIL,10,No,Yes,Sprint-1,4524.1,Apache-2.0
D0225,Sam,AI,2.8,Germany,Forge,Java,-5,559,3696,124,51,85,194,2025-02-23,8PM,45,3567,764,8.2,0,26,43.6,FAIL,0,Yes,Yes,Sprint-9,2881.0,Apache-2.0
D0089,Taylor,AI,,India,Nova,Rust,-5,248,2935,182,309,26,420,04/11/2023,00:00,38,735,672,1.7,18,27,68.5,FAIL,6,No,No,Sprint-9,77.0,
D0657,Chris,DevOps,,Germany,Atlas,Java,999999,636,4926,9,999,330,286,2024-05-22,25:61,46,2480,787,3.0,3,29,29.1,FAIL,3,Yes,No,Sprint-1,1694.3,MIT
D0618,Sam,Platform,1.5,USA,Nova,Go,4534,177,1728,59,414,219,246,22/05/2024,00:00,76,3043,149,12.1,12,29,49.3,Failed,4,Yes,Yes,Sprint-1,1314.8,
D0614,Taylor,Backend,11.8,Germany,Forge,Go,4518,293,3250,96,392,210,381,14/09/2024,8PM,2,3919,333,5.2,19,20,27.2, ,3,No,No,Sprint-12,4900.6,Apache-2.0
D0315,Taylor,Backend,1.1,India,Forge,Java,999999,895,904,39,617,29,54,10/04/2024,8PM,51,1815,893,8.7,11,27,1.0,FAIL,2,Yes,Yes,Sprint-2,2441.0,MIT
D0263,Taylor,AI,12.6,USA,Atlas,,-5,897,4962,34,771,66,223,2023-09-27,8PM,2,292,2579,4.8,20,8,50.8,Success,1,Yes,No,Sprint-11,427.5,Apache-2.0
D0195,Alex,Backend,14.8,Germany,Atlas,Python,3346,401,4358,136,428,385,97,25/01/2024,8PM,93,3968,428,3.6,11,22,37.0,Success,10,No,No,Sprint-10,4395.4,MIT
D0454, ,AI,4.6,Germany,Forge,Rust,-5,865,98,3,154,48,298,2024-12-26,8PM,85,3919,1191,11.2,19,11,35.0,FAIL,3,No,No,Sprint-2,119.4,
D0258,Taylor,Platform,,India,Atlas,Go,999999,318,947,91,381,328,50,27/01/2025,25:61,39,4494,2387,4.6,8,23,40.0,Failed,2,Yes,No,Sprint-8,92.9,MIT
D0575,Alex,DevOps,,Germany,Atlas,TypeScript,999999,695,419,190,249,163,347,2023-01-08,25:61,70,3141,1786,7.1,26,8,41.9,Success,1,Yes,Yes,Sprint-9,1578.7,GPL
D0184,Alex,DevOps,,USA,Atlas,pyhton,-5,923,5444,89,807,292,141,25/07/2024,8PM,92,985,822,1.6,11,23,15.1, ,1,Yes,Yes,Sprint-4,4589.5,GPL
D0184,Taylor,DevOps,,USA,Nova,,999999,187,4304,149,230,67,43,2024-02-01,8PM,56,487,976,9.8,13,2,46.4,FAIL,4,Yes,No,Sprint-10,767.9,
D0672,Alex,Frontend,,India,Nova,Python,999999,295,2762,24,828,159,52,06/05/2025,25:61,54,4272,1748,5.3,10,9,35.6,Success,6,No,No,Sprint-9,665.3,MIT
D0120,Chris,Frontend,,India,Nova,TypeScript,999999,651,3612,150,241,357,434,03/03/2023,25:61,8,3178,1960,4.0,25,24,7.2,Failed,10,No,No,Sprint-1,4016.5,MIT
D0327,Sam,Backend,5.5,India,Nova,Go,999999,90,5240,143,974,30,19,11/09/2024,25:61,59,1387,2626,13.4,6,29,69.7,FAIL,5,Yes,No,Sprint-10,1290.1,Apache-2.0
D0620,Alex,Platform,5.9,USA,Forge,Python,999999,901,3896,11,448,115,85,15/08/2023,8PM,92,2468,1512,0.5,3,19,43.8,Failed,2,Yes,No,Sprint-8,250.3,
D0541,Sam,Frontend,11.8,USA,Atlas,Rust,-5,43,5241,0,8,416,21,2025-04-06,8PM,6,2812,2996,6.1,30,19,23.0, ,3,Yes,No,Sprint-1,3107.6,MIT
D0576,Alex,DevOps,2.6,USA,Forge,,4672,903,3310,107,290,230,409,2023-12-17,25:61,97,1593,1637,8.4,30,28,10.8, ,8,Yes,No,Sprint-11,4136.7,MIT
D0060,Taylor,Frontend,3.4,USA,Nova,Go,471,878,110,184,492,65,410,2023-10-23,25:61,99,4082,2460,10.2,24,15,44.7,FAIL,9,Yes,Yes,Sprint-9,4677.7,
D0072,Chris,AI,,USA,Atlas,python,2545,96,418,26,209,296,255,2023-02-08,00:00,14,2058,541,10.1,0,18,30.4,Success,1,No,Yes,Sprint-3,2524.1,MIT
D0011,Sam,Platform,13.8,Germany,Forge,Python,999999,456,121,136,673,473,246,2025-03-25,00:00,84,4241,2098,12.3,4,3,35.5,Success,9,Yes,Yes,Sprint-11,4140.4,GPL
D0015,Taylor,Backend,,USA,Forge,Rust,-5,240,151,182,972,92,424,2023-07-09,8PM,44,1110,1430,11.6,13,30,5.9,FAIL,2,No,No,Sprint-10,1291.5,MIT
D0168,Taylor,Backend,,Germany,Forge,python,-5,870,48,7,960,99,84,2023-06-14,00:00,45,105,576,6.6,11,3,57.4,FAIL,0,Yes,Yes,Sprint-9,1988.6,MIT
D0147,Chris,DevOps,,India,Nova,Go,-5,82,1313,70,812,339,386,15/02/2023,25:61,82,1593,2427,7.4,25,2,55.9,FAIL,9,Yes,Yes,Sprint-7,4787.9,MIT
D0506,Alex,DevOps,,India,Atlas,python,2422,771,3198,11,290,448,163,2023-05-13,25:61,57,572,1075,0.0,3,26,38.8, ,3,No,No,Sprint-6,855.4,GPL
D0217,Taylor,Backend,,USA,Atlas,Go,-5,587,2791,56,222,414,457,2023-05-19,25:61,77,2363,179,2.8,18,20,68.2,Success,2,Yes,Yes,Sprint-9,3973.9,Apache-2.0
D0322,Sam,Platform,1.7,India,Atlas,TypeScript,4022,558,2160,102,688,55,251,2023-06-09,25:61,70,111,2205,11.4,1,21,63.6,Success,0,Yes,No,Sprint-8,4873.5,
D0397, ,Platform,,India,Nova,,1650,110,421,40,885,174,42,09/05/2024,8PM,89,4239,2003,6.6,29,26,12.0,Success,10,Yes,No,Sprint-1,608.5,GPL
D0039,Alex,AI,,Germany,Atlas,python,1441,496,2502,161,132,464,209,2023-09-25,25:61,97,3948,214,9.7,7,30,64.5,FAIL,7,No,Yes,Sprint-11,879.6,GPL
D0666, ,Platform,,USA,Forge,Java,999999,726,677,129,128,273,10,2023-09-13,00:00,81,347,1431,6.6,20,28,54.7,Failed,7,Yes,No,Sprint-5,4495.5,GPL
D0618,Taylor,Backend,,USA,Nova,TypeScript,2428,419,2125,83,376,186,419,2023-05-22,25:61,74,2086,2959,4.7,25,8,68.9,FAIL,10,No,Yes,Sprint-8,468.9,Apache-2.0
D0333, ,Backend,,USA,Forge,Go,-5,658,4712,114,383,220,225,01/08/2024,25:61,13,315,40,12.3,9,13,54.3,Failed,1,Yes,Yes,Sprint-11,4900.7,Apache-2.0
D0034, ,Platform,,India,Nova,Rust,-5,802,1986,134,627,415,233,2024-07-31,00:00,79,1887,1721,8.9,10,18,6.0,Failed,8,No,Yes,Sprint-7,4050.2,Apache-2.0
D0689,Sam,DevOps,,Germany,Nova,Python,999999,686,4505,16,293,161,232,29/04/2025,25:61,15,2818,1061,3.0,13,0,53.3,Success,4,No,Yes,Sprint-8,1343.1,GPL
D0179,Chris,AI,3.6,Germany,Forge,TypeScript,999999,725,4400,7,358,277,188,2024-01-01,8PM,100,4054,2465,4.1,30,9,66.3,Success,10,Yes,No,Sprint-2,4142.9,GPL
D0504,Chris,Backend,,India,Atlas,pyhton,-5,167,1711,184,356,252,367,2024-11-29,8PM,51,3645,1676,8.9,2,29,39.0, ,6,No,No,Sprint-1,2592.6,GPL
D0394,Taylor,AI,,USA,Atlas,python,999999,529,4755,86,746,34,294,14/04/2023,8PM,100,4618,2385,8.5,21,15,38.6,Failed,10,No,Yes,Sprint-12,3175.3,Apache-2.0
D0677,Alex,AI,,Germany,Atlas,Python,999999,90,5768,47,549,216,134,11/12/2024,00:00,27,4778,2634,13.1,23,14,33.3, ,3,Yes,No,Sprint-2,3836.3,GPL
D0599,Taylor,Frontend,7.9,USA,Forge,python,2087,102,3389,170,671,442,117,21/04/2024,25:61,62,2786,601,13.1,8,8,23.9,Success,6,Yes,No,Sprint-9,2664.6,Apache-2.0
D0108,Alex,Platform,,India,Atlas,Go,999999,417,3252,171,515,375,113,2024-10-29,8PM,14,4529,807,5.6,1,15,53.5, ,10,No,No,Sprint-2,914.9,MIT
D0613,Sam,AI,,India,Forge,TypeScript,999999,143,99,143,834,297,464,2024-09-08,00:00,21,4742,2900,6.3,7,22,4.9,Success,1,Yes,No,Sprint-7,2623.4,
D0673,Alex,DevOps,10.7,USA,Nova,,999999,46,4684,85,833,255,84,25/10/2023,8PM,10,2428,264,5.5,26,13,67.8,Failed,1,No,No,Sprint-4,1459.9,
D0341, ,AI,0.8,Germany,Atlas,python,-5,20,816,106,356,126,85,20/10/2024,25:61,34,2494,1783,9.0,7,1,40.3,Success,10,Yes,No,Sprint-2,2483.8,Apache-2.0
D0638, ,DevOps,,India,Forge, PYTHON,-5,163,4184,149,240,245,245,2023-07-28,25:61,86,4537,1273,7.7,10,8,11.6,FAIL,10,Yes,Yes,Sprint-2,3065.5,MIT
D0096, ,AI,12.0,Germany,Nova,TypeScript,852,420,295,3,413,186,352,2023-12-18,8PM,93,2212,1792,7.2,26,20,72.0, ,10,No,No,Sprint-2,4432.7,
D0053,Chris,Platform,10.0,Germany,Forge,python,999999,131,1078,173,63,261,495,25/08/2023,25:61,37,3991,51,0.3,25,15,25.5, ,5,Yes,Yes,Sprint-12,1543.9,Apache-2.0
D0206, ,Backend,,India,Atlas,Go,999999,795,1710,9,412,24,206,2024-06-17,00:00,67,3275,2477,13.8,20,11,43.6, ,5,No,No,Sprint-3,772.5,GPL
D0083,Taylor,AI,,USA,Forge,Java,-5,111,4193,182,539,403,142,30/05/2023,25:61,85,1011,213,1.1,12,19,18.7,Failed,0,No,Yes,Sprint-5,2505.7,
D0387, ,Platform,8.8,USA,Nova,Java,2767,265,5431,19,474,380,281,29/09/2023,25:61,57,3668,285,5.9,20,8,18.9, ,4,Yes,Yes,Sprint-4,1207.6,Apache-2.0
D0114,Taylor,DevOps,13.9,India,Forge,Go,-5,588,1682,122,842,484,450,15/01/2025,8PM,96,1350,1918,4.6,23,23,53.3,Success,3,Yes,No,Sprint-10,2581.4,
D0584,Sam,AI,,India,Forge, PYTHON,-5,689,3055,83,916,330,381,31/01/2024,25:61,82,2485,687,10.2,13,26,63.5,FAIL,1,No,No,Sprint-7,478.1,
D0684,Sam,Backend,,Germany,Forge,Java,999999,158,2465,38,877,123,439,14/11/2024,8PM,1,1884,2576,9.4,18,24,10.9,Failed,4,Yes,Yes,Sprint-3,2140.8,
D0556,Alex,Frontend,,USA,Nova,TypeScript,999999,892,2523,23,897,214,164,2023-04-24,8PM,54,543,1346,1.9,23,18,13.4,Failed,8,No,Yes,Sprint-12,278.2,Apache-2.0
D0455, ,Frontend,11.4,USA,Forge,Rust,999999,298,3075,24,167,10,159,22/08/2024,8PM,48,4394,954,4.0,11,18,61.4,Success,5,No,No,Sprint-4,697.1,MIT
D0681,Sam,Platform,10.6,India,Forge,Go,1324,203,2429,112,385,7,275,15/01/2024,25:61,9,1487,230,8.5,19,24,29.5,Failed,7,Yes,No,Sprint-10,4468.1,GPL
D0533, ,AI,8.3,India,Atlas,Rust,2893,568,4324,130,969,11,145,2024-03-03,8PM,97,2396,1575,3.2,12,9,41.0, ,3,No,Yes,Sprint-9,1749.4,
D0569, ,Frontend,,Germany,Forge,python,2074,224,863,90,215,346,6,13/02/2023,00:00,26,905,570,3.4,27,23,40.3,Failed,3,Yes,Yes,Sprint-4,2934.5,Apache-2.0
D0501,Sam,Frontend,,USA,Atlas,pyhton,1944,498,5472,8,50,93,75,11/10/2024,8PM,39,2613,1780,3.2,2,21,14.9,Failed,4,No,Yes,Sprint-1,3223.5,Apache-2.0
D0399,Alex,Backend,4.0,Germany,Nova,Go,4720,385,4224,124,739,489,17,05/05/2024,00:00,78,2283,316,1.1,12,9,20.1,FAIL,0,Yes,No,Sprint-10,1106.6,
D0522,Taylor,Backend,,Germany,Forge,python,999999,61,219,197,795,122,303,2024-07-27,8PM,50,1711,2295,5.7,17,22,17.3, ,2,Yes,Yes,Sprint-3,4672.0,
D0437,Alex,AI,,USA,Forge,Python,3442,528,1475,129,972,425,90,06/02/2024,8PM,68,1673,1065,9.7,25,20,32.8,Failed,3,No,No,Sprint-3,2750.3,Apache-2.0
D0321,Taylor,DevOps,,India,Forge,pyhton,1378,951,4887,29,680,251,259,04/05/2023,8PM,4,3882,46,3.4,19,17,29.0, ,4,Yes,Yes,Sprint-5,907.1,GPL
D0555,Taylor,DevOps,,USA,Nova,Java,999999,906,3460,90,617,485,110,08/01/2025,25:61,100,2653,1093,5.4,0,18,48.3,FAIL,2,Yes,Yes,Sprint-4,975.3,Apache-2.0
D0001, ,Platform,11.8,Germany,Nova,python,999999,648,5772,100,366,7,489,13/09/2023,00:00,77,2785,2184,3.0,25,2,14.6, ,4,Yes,No,Sprint-3,3226.6,
D0160,Alex,DevOps,0.7,India,Forge,,-5,927,1953,183,660,260,293,17/11/2024,8PM,76,2515,578,13.1,15,11,36.2,Success,2,Yes,Yes,Sprint-1,1649.8,MIT
D0237,Taylor,DevOps,,India,Forge,Java,1968,881,3419,192,149,385,396,2024-09-15,8PM,96,2774,1779,10.4,4,22,41.9, ,2,Yes,No,Sprint-3,3566.9,GPL
D0381,Chris,Backend,,India,Nova,Java,999999,156,5137,37,921,25,416,03/07/2023,25:61,69,2541,2079,10.2,25,30,43.2,FAIL,5,Yes,No,Sprint-12,1961.9,GPL
D0412, ,Platform,,Germany,Atlas,Go,-5,303,925,180,215,449,499,2024-06-04,25:61,64,3315,1560,4.1,6,1,4.1,FAIL,3,No,Yes,Sprint-9,1474.7,GPL
D0690,Taylor,AI,,India,Atlas,,999999,830,1012,138,996,313,379,2024-02-17,8PM,84,3018,2501,13.2,2,14,28.5,Failed,10,Yes,Yes,Sprint-12,4730.0,GPL
D0597,Chris,DevOps,,Germany,Forge,Java,999999,263,4987,68,137,286,206,02/06/2023,8PM,67,4251,1941,12.2,1,28,47.0, ,10,No,Yes,Sprint-3,3105.6,Apache-2.0
D0430, ,Backend,12.5,USA,Forge,Go,999999,261,1393,148,725,74,419,2024-12-16,8PM,80,2135,2173,6.5,18,6,66.0,FAIL,5,No,Yes,Sprint-10,275.5,Apache-2.0
D0326,Alex,Backend,6.7,India,Atlas,Go,2808,706,3118,177,642,349,47,06/03/2025,25:61,96,4555,2727,4.4,5,5,36.7,FAIL,8,No,No,Sprint-11,1377.1,MIT
D0458,Sam,AI,12.5,Germany,Atlas,TypeScript,-5,24,5023,130,864,65,80,2025-02-01,25:61,57,4374,2350,9.2,28,1,26.7,FAIL,6,No,Yes,Sprint-12,422.3,
D0029,Alex,DevOps,3.6,Germany,Atlas,python,-5,387,2022,170,118,224,337,31/08/2024,25:61,70,2778,1067,3.5,0,12,33.8, ,10,Yes,Yes,Sprint-12,3075.9,Apache-2.0
D0073,Alex,DevOps,10.2,Germany,Atlas,pyhton,4920,788,587,44,823,158,45,2023-05-02,00:00,53,1674,1602,9.5,17,3,43.0, ,3,Yes,No,Sprint-8,3353.9,GPL
D0184,Alex,AI,,India,Atlas,Java,-5,92,1010,57,195,484,51,2024-11-20,25:61,91,2626,987,6.5,30,27,30.4,Failed,1,Yes,No,Sprint-5,979.0,
D0489,Taylor,Frontend,,Germany,Nova,pyhton,-5,745,3848,160,823,180,40,08/04/2024,8PM,60,3335,2972,6.5,26,18,34.6, ,0,No,Yes,Sprint-6,3307.0,MIT
D0108,Sam,AI,,USA,Atlas,pyhton,999999,499,2774,125,466,210,439,30/06/2023,00:00,16,2028,2573,4.9,30,26,13.7,Success,2,No,Yes,Sprint-6,2533.8,Apache-2.0
D0335, ,DevOps,,USA,Forge, PYTHON,1896,988,3659,47,922,392,193,13/08/2023,8PM,78,1337,1340,9.5,7,26,66.4,Failed,5,No,No,Sprint-4,4410.3,MIT
D0419,Alex,Platform,1.1,USA,Atlas,Go,-5,827,2855,139,892,89,256,17/01/2023,00:00,50,246,2972,4.0,12,21,33.1, ,5,No,No,Sprint-1,580.2,
D0221,Alex,Frontend,2.8,Germany,Forge,pyhton,194,359,3601,39,30,25,324,26/07/2023,25:61,69,3883,101,8.7,0,2,71.4,Success,0,No,Yes,Sprint-7,1142.7,
D0313,Alex,AI,12.8,USA,Nova,Go,406,682,5001,161,987,458,26,06/03/2025,00:00,13,3749,2979,13.0,3,13,47.7, ,2,No,Yes,Sprint-5,552.1,
D0525,Sam,Backend,,Germany,Forge,,999999,881,1145,106,956,282,269,2024-09-15,00:00,97,3467,1939,4.4,29,1,4.2,Failed,6,Yes,Yes,Sprint-1,4166.2,MIT
D0312,Taylor,DevOps,,India,Nova, PYTHON,3337,704,1871,99,992,359,462,26/10/2023,25:61,85,3569,2067,1.1,10,23,11.8, ,3,No,Yes,Sprint-2,2817.6,Apache-2.0
D0134,Alex,Platform,,India,Atlas,Java,1617,318,4125,26,634,120,311,2023-04-17,25:61,8,2253,2685,2.8,4,14,67.2,Failed,5,Yes,Yes,Sprint-7,2290.0,
D0562,Sam,Frontend,9.3,India,Atlas,python,-5,649,929,48,945,426,183,06/06/2025,00:00,8,808,2405,9.1,10,24,61.8,FAIL,8,No,No,Sprint-3,3251.0,GPL
D0469, ,DevOps,,USA,Atlas, PYTHON,999999,659,5302,115,298,348,177,2023-12-19,00:00,99,1202,286,12.5,19,4,4.2,Failed,9,Yes,No,Sprint-12,4455.2,GPL
D0678,Sam,DevOps,10.0,India,Atlas,python,999999,122,1788,169,655,156,482,03/12/2024,8PM,71,881,7,3.3,19,11,9.1,Success,2,No,Yes,Sprint-8,3824.3,GPL
D0600,Sam,Frontend,,Germany,Forge,TypeScript,3712,876,290,98,232,265,191,21/07/2023,8PM,29,4983,478,12.3,18,12,2.6, ,5,Yes,Yes,Sprint-6,661.1,GPL
D0601,Sam,Platform,14.9,India,Forge,TypeScript,3723,623,3646,118,758,353,291,26/09/2024,25:61,99,884,2937,0.9,4,21,50.0,Success,6,No,Yes,Sprint-2,1466.8,GPL
D0594,Alex,AI,14.5,India,Forge,Python,-5,985,3291,176,430,106,115,24/05/2024,00:00,30,3255,627,12.1,15,22,16.1,Success,4,Yes,Yes,Sprint-3,3585.3,GPL
D0570,Chris,Platform,,India,Forge,Python,-5,724,4410,24,131,71,128,06/09/2023,8PM,33,1394,1092,1.9,12,3,17.7,Failed,9,No,Yes,Sprint-4,3117.2,Apache-2.0
D0362,Chris,Platform,1.5,Germany,Nova,Go,3995,634,3246,160,728,353,344,2025-03-31,8PM,4,806,1477,0.3,13,6,55.0,FAIL,9,No,No,Sprint-2,4521.7,GPL
D0588, ,Backend,14.9,India,Forge,,-5,73,3812,191,56,5,112,30/11/2023,00:00,43,2830,1444,2.4,3,27,31.2,Success,6,No,No,Sprint-11,741.6,GPL
D0210,Chris,Frontend,,USA,Forge,Rust,4651,551,5062,146,144,306,30,2023-06-29,8PM,92,3359,629,11.4,28,19,8.7,Failed,4,No,Yes,Sprint-1,2156.6,Apache-2.0
D0029,Sam,AI,,India,Nova, PYTHON,999999,996,5576,136,854,456,467,02/12/2023,8PM,34,3541,119,10.5,13,10,38.1,Failed,10,Yes,No,Sprint-11,4747.8,
D0629,Alex,Platform,5.7,Germany,Nova,Go,-5,11,3008,30,753,460,32,21/04/2023,8PM,88,1602,1573,4.9,16,20,11.7,FAIL,6,No,No,Sprint-10,1452.4,MIT
D0074,Chris,Platform,5.7,Germany,Atlas,,-5,421,5246,149,115,255,413,2024-07-15,25:61,75,305,1505,11.1,23,0,71.8,Success,7,No,No,Sprint-6,2571.4,MIT
D0336,Sam,Backend,8.5,Germany,Nova,Go,999999,18,1123,163,829,420,498,2024-05-30,8PM,100,1159,178,10.1,26,15,35.8,Success,10,No,Yes,Sprint-2,2649.1,GPL
D0499,Chris,DevOps,,USA,Nova, PYTHON,999999,101,950,175,735,165,495,2023-02-18,25:61,30,2309,2524,6.3,9,18,26.9,Failed,8,Yes,No,Sprint-9,2150.3,MIT
D0504,Alex,Frontend,,India,Nova,Rust,-5,678,1978,134,473,308,338,2023-01-18,25:61,99,4296,2584,4.1,1,30,63.2,Success,6,Yes,No,Sprint-5,1894.4,GPL
D0198, ,Frontend,1.4,USA,Forge,pyhton,999999,526,5093,200,662,60,168,09/06/2023,25:61,25,3142,2200,3.0,2,29,6.3,FAIL,5,No,Yes,Sprint-7,2893.0,MIT
D0347,Alex,AI,11.4,USA,Nova, PYTHON,-5,465,3555,76,951,371,226,2024-08-28,8PM,8,383,106,7.7,10,26,41.6,Failed,6,Yes,Yes,Sprint-8,97.3,GPL
D0144,Chris,Backend,,USA,Atlas,python,1018,336,3182,76,515,306,120,02/12/2023,25:61,98,-12,1518,10.1,0,27,47.6,Success,0,Yes,No,Sprint-8,3196.4,Apache-2.0
D0499,Chris,Frontend,,India,Nova,pyhton,-5,944,1757,2,282,124,428,19/02/2024,25:61,4,2107,881,4.5,8,12,16.6, ,9,Yes,Yes,Sprint-1,1869.0,Apache-2.0
D0272,Chris,Frontend,,Germany,Nova,TypeScript,845,810,4532,7,512,410,246,2023-11-16,25:61,5,641,1270,13.2,9,16,11.2,FAIL,7,Yes,No,Sprint-4,2974.5,Apache-2.0
D0497,Alex,AI,12.1,India,Atlas,Python,-5,428,961,92,175,346,144,2025-03-10,8PM,84,2742,1425,0.6,19,28,67.9, ,1,Yes,Yes,Sprint-9,4895.5,MIT
D0382,Alex,AI,8.2,Germany,Atlas,pyhton,999999,37,1208,50,273,386,269,11/03/2025,8PM,67,651,652,6.8,19,17,54.5,FAIL,8,Yes,Yes,Sprint-10,4735.7,
D0335,Taylor,Platform,,India,Forge,Go,-5,205,4243,149,370,383,28,21/03/2025,25:61,56,658,229,13.7,9,6,67.3,Failed,9,No,Yes,Sprint-3,2857.9,Apache-2.0
D0157,Taylor,Backend,2.2,Germany,Atlas,TypeScript,2435,613,694,166,105,236,355,2023-03-06,00:00,6,169,2523,3.2,27,3,61.7,Success,8,Yes,Yes,Sprint-12,343.6,GPL
D0210,Sam,AI,11.0,Germany,Atlas,Python,1661,751,857,43,41,300,44,18/11/2024,8PM,16,3708,1261,11.9,14,18,29.4,Failed,10,No,No,Sprint-5,2701.0,
D0641,Chris,Frontend,,India,Nova,TypeScript,-5,974,2423,134,402,265,99,16/05/2023,8PM,25,1641,613,3.1,21,4,50.3, ,7,No,Yes,Sprint-1,1918.3,
D0138,Chris,Backend,10.3,Germany,Atlas,,-5,971,1319,140,342,458,448,2024-10-19,8PM,4,3713,200,7.6,5,21,1.4, ,4,Yes,Yes,Sprint-3,4805.3,MIT
D0516,Alex,DevOps,10.5,Germany,Nova,Java,-5,958,4822,156,604,295,70,2025-04-16,8PM,60,-37,2928,12.8,25,25,38.5, ,10,Yes,Yes,Sprint-12,4689.2,MIT
D0293,Alex,DevOps,1.6,India,Forge,TypeScript,-5,652,1914,174,77,195,333,2024-06-08,25:61,28,1992,2875,11.7,0,22,3.5,FAIL,9,Yes,Yes,Sprint-3,1793.8,Apache-2.0
D0135,Chris,Backend,3.2,Germany,Nova,Go,-5,315,5399,177,602,222,197,2024-02-10,25:61,32,4200,1463,10.1,13,26,29.0, ,7,Yes,No,Sprint-1,3705.8,MIT
D0051,Taylor,Platform,,India,Atlas,pyhton,999999,650,5684,7,262,363,332,2023-10-23,25:61,85,4034,2374,7.1,26,21,33.7, ,3,Yes,No,Sprint-9,944.3,GPL
D0009,Alex,Backend,,India,Atlas,Java,-5,869,2736,99,439,383,281,25/11/2024,00:00,54,3260,1438,10.7,18,15,21.8,Success,6,Yes,Yes,Sprint-4,319.4,Apache-2.0
D0288,Alex,Platform,,Germany,Nova,,-5,408,2308,121,569,37,284,28/02/2023,00:00,91,842,1970,6.0,16,2,29.0,FAIL,10,Yes,Yes,Sprint-10,2557.2,
D0028,Taylor,Platform,3.5,USA,Forge,Go,1743,827,330,188,861,438,312,01/09/2023,25:61,51,1285,664,6.5,17,26,42.2,FAIL,0,Yes,No,Sprint-2,4218.5,MIT
D0574,Sam,Platform,,USA,Nova, PYTHON,785,778,5929,6,940,241,429,2024-03-10,8PM,35,3668,325,1.3,21,30,29.3,FAIL,9,Yes,Yes,Sprint-6,453.8,
D0011,Taylor,AI,3.5,Germany,Atlas,Go,999999,382,50,145,647,445,368,2023-09-13,25:61,21,440,129,13.7,13,14,15.2,FAIL,2,Yes,Yes,Sprint-8,4704.9,
D0381, ,AI,,India,Atlas,pyhton,999999,946,721,32,289,3,257,18/04/2023,25:61,87,4906,797,10.0,13,8,9.9,FAIL,0,No,Yes,Sprint-12,3059.9,
D0393,Alex,DevOps,10.4,India,Nova,,999999,297,4104,164,406,424,119,21/02/2023,25:61,34,1999,616,1.9,2,1,2.4,Success,10,No,Yes,Sprint-9,3599.2,Apache-2.0
D0110, ,Frontend,,USA,Nova,python,999999,927,187,101,500,296,15,16/03/2024,25:61,37,3228,2125,11.8,13,8,56.1, ,0,No,No,Sprint-3,1321.9,GPL
D0635,Chris,DevOps,11.5,USA,Nova,pyhton,4089,542,777,126,574,397,267,2024-11-24,8PM,76,1663,1137,11.2,18,25,70.7,Failed,2,Yes,Yes,Sprint-1,934.4,GPL
D0336,Alex,AI,14.8,Germany,Forge,Java,-5,459,961,51,993,52,360,2023-03-10,8PM,57,3738,1552,12.0,23,15,35.4,Failed,2,No,No,Sprint-2,2044.1,GPL
D0142,Alex,DevOps,,USA,Forge,,999999,111,890,138,238,241,438,2024-04-22,8PM,93,3447,473,1.3,28,10,71.3,Success,9,Yes,Yes,Sprint-12,1332.6,GPL
D0408,Sam,Platform,2.6,India,Nova, PYTHON,999999,788,915,26,646,210,194,28/01/2024,00:00,18,4289,2901,4.8,5,21,24.3, ,10,Yes,No,Sprint-2,958.2,MIT
D0084,Sam,AI,13.1,India,Atlas,Java,-5,764,172,66,297,284,394,2025-04-07,8PM,46,4969,518,7.6,15,30,13.7, ,4,No,Yes,Sprint-11,3239.7,
D0447,Chris,Frontend,4.9,Germany,Atlas,TypeScript,999999,281,3892,34,62,98,190,2024-05-08,8PM,93,221,2803,9.4,19,5,52.8,FAIL,4,No,Yes,Sprint-1,1955.4,GPL
D0243,Alex,Frontend,,USA,Nova,Python,1561,128,1317,21,700,256,38,2024-10-12,00:00,30,2733,82,9.0,20,20,39.1, ,8,Yes,Yes,Sprint-4,3973.5,GPL
D0017,Alex,AI,3.9,USA,Nova,TypeScript,-5,906,4664,146,744,299,228,2023-06-07,00:00,98,1818,2243,10.1,16,26,48.9, ,6,No,No,Sprint-11,3964.3,MIT
D0254,Chris,DevOps,8.7,USA,Nova,,-5,167,4366,173,829,92,361,2024-12-23,8PM,70,312,1701,10.6,5,7,25.6,Success,8,No,Yes,Sprint-12,2913.5,
D0047,Alex,Platform,,Germany,Forge,pyhton,-5,692,3934,136,721,95,469,2025-03-11,8PM,36,2709,48,2.2,24,14,58.2,Success,4,Yes,No,Sprint-1,3745.5,
D0337, ,Frontend,5.0,Germany,Atlas,TypeScript,999999,33,525,29,570,32,285,2023-11-27,8PM,42,3361,2000,9.1,19,20,39.5,FAIL,6,No,Yes,Sprint-1,2227.4,
D0538, ,Platform,,India,Atlas,Go,999999,896,5601,163,829,37,345,29/08/2023,00:00,54,3713,1611,10.9,6,1,4.7,Success,4,Yes,Yes,Sprint-11,3759.2,MIT
D0572, ,Backend,15.0,India,Forge,pyhton,1371,572,4748,200,641,481,364,2023-06-23,25:61,85,3574,1402,2.9,6,24,22.2, ,3,Yes,No,Sprint-1,2164.6,
D0674,Taylor,DevOps,,Germany,Atlas,TypeScript,1916,208,4472,114,582,495,272,18/03/2023,8PM,47,4410,270,3.9,23,23,23.9,FAIL,5,Yes,No,Sprint-3,3798.4,Apache-2.0
D0376, ,Backend,,India,Atlas,python,-5,868,5809,123,334,285,392,2023-10-13,00:00,72,1601,770,2.7,15,8,27.5, ,3,No,No,Sprint-7,1127.2,
D0011,Chris,Platform,7.9,Germany,Forge,python,2594,298,3216,107,914,14,249,2024-09-17,00:00,94,4479,86,13.4,13,15,48.9,Success,6,No,No,Sprint-11,3889.0,MIT
D0441,Sam,AI,,Germany,Nova,Python,500,608,3710,52,342,151,491,04/09/2023,8PM,2,743,1090,9.9,17,26,69.0,FAIL,6,Yes,Yes,Sprint-5,23.8,GPL
D0284, ,AI,,India,Nova,Java,999999,701,175,20,660,210,267,03/08/2023,25:61,34,1560,2333,4.1,2,2,52.4, ,10,No,Yes,Sprint-4,1373.8,MIT
D0490,Taylor,DevOps,,USA,Nova,Java,515,301,2148,62,56,265,59,02/03/2023,8PM,90,3643,461,9.5,23,27,50.4, ,8,No,No,Sprint-10,2061.1,
D0355,Taylor,Frontend,,USA,Atlas,Rust,-5,785,4021,12,204,337,494,2025-05-15,8PM,45,376,490,4.8,19,27,67.8,Success,6,No,Yes,Sprint-2,1598.3,MIT
D0457,Taylor,AI,,India,Forge, PYTHON,429,454,2838,122,879,478,108,2023-08-11,25:61,62,1190,626,7.7,16,29,53.8,FAIL,10,Yes,No,Sprint-7,1818.8,MIT
D0609,Sam,Backend,,India,Atlas,TypeScript,999999,61,2325,45,72,391,444,21/06/2024,8PM,6,3020,1041,7.3,15,28,11.6,Failed,1,Yes,Yes,Sprint-8,4891.6,GPL
D0216,Chris,Platform,,USA,Atlas,Python,999999,131,4796,191,798,301,123,2023-05-03,8PM,46,3012,719,1.9,21,15,8.9, ,7,Yes,Yes,Sprint-5,3963.4,Apache-2.0
D0100,Taylor,Platform,1.6,USA,Atlas,python,-5,685,2240,10,265,181,24,2024-11-06,8PM,91,1263,345,0.3,28,9,42.8,Failed,2,No,Yes,Sprint-2,4142.6,
D0469,Taylor,Backend,,India,Nova,python,-5,806,3838,140,920,282,163,30/12/2023,25:61,61,3785,2837,8.3,29,7,41.3,Failed,10,Yes,No,Sprint-10,1485.7,Apache-2.0
D0143, ,Backend,,India,Nova,Go,-5,583,4212,61,106,467,54,2023-02-25,8PM,98,2933,165,8.9,27,3,65.4,Success,1,No,No,Sprint-1,4660.6,
D0148,Chris,Frontend,,Germany,Atlas, PYTHON,-5,461,4631,153,22,180,233,2024-10-22,25:61,6,4989,2296,12.8,2,21,4.4,Failed,1,No,No,Sprint-10,2102.7,
D0264,Sam,Platform,13.8,Germany,Nova,python,-5,325,1939,124,164,115,364,2024-08-07,8PM,40,4910,2769,14.0,19,10,6.6,Success,1,Yes,Yes,Sprint-8,487.4,MIT
D0623,Chris,Frontend,9.7,USA,Atlas,,-5,277,5530,30,534,84,393,12/04/2024,00:00,7,3373,413,7.7,19,29,50.8,Failed,5,No,Yes,Sprint-1,1038.3,
D0277,Taylor,Platform,,India,Atlas,Python,999999,500,1938,144,415,335,163,2023-07-31,8PM,96,4661,921,1.5,0,12,3.3,Success,6,No,Yes,Sprint-7,2218.7,Apache-2.0
D0696,Sam,Backend,,USA,Nova,,-5,32,4837,3,631,40,376,12/04/2023,8PM,72,2672,2340,5.6,10,28,5.0, ,3,Yes,Yes,Sprint-3,4187.3,
D0389, ,Backend,1.1,Germany,Forge,Go,2824,350,1893,32,258,354,147,2023-05-08,00:00,87,2741,1249,4.5,18,2,37.5, ,6,No,No,Sprint-2,2799.3,GPL
D0552,Alex,Frontend,,India,Atlas,Java,1120,231,2130,93,989,303,489,2023-09-14,8PM,65,3629,1068,3.3,9,22,7.6, ,1,No,No,Sprint-7,2004.4,GPL
D0645, ,Platform,3.7,India,Nova,Rust,999999,867,5457,39,150,348,451,2023-04-05,8PM,56,4393,2030,11.5,3,19,44.7,Success,10,Yes,No,Sprint-9,4639.8,
D0520,Sam,Platform,5.6,India,Nova,Python,-5,427,1684,9,294,350,164,2023-02-22,00:00,10,4694,1511,9.3,6,1,9.9, ,2,No,Yes,Sprint-8,3447.2,
D0543,Taylor,Platform,10.1,USA,Forge,Python,4915,882,1859,72,532,253,108,2023-01-24,00:00,63,4644,1796,6.4,6,2,42.0, ,3,No,No,Sprint-3,471.6,MIT
D0111,Alex,Backend,2.6,India,Forge,Rust,-5,28,3412,135,412,109,181,2024-07-26,25:61,100,18,2327,2.8,27,20,62.2, ,9,Yes,Yes,Sprint-5,3747.3,GPL
D0141,Sam,Platform,7.3,USA,Nova,Go,-5,76,5899,118,528,366,121,2024-04-02,8PM,32,3228,758,10.5,27,8,16.4,Success,5,No,Yes,Sprint-6,1672.2,GPL
D0114, ,DevOps,4.5,USA,Nova,,999999,554,4927,76,292,369,30,30/10/2024,25:61,82,1033,1669,11.3,13,20,1.5,FAIL,7,Yes,Yes,Sprint-8,1016.0,MIT
D0121,Sam,DevOps,1.8,USA,Nova,Python,-5,329,2128,156,306,330,35,2024-04-07,00:00,28,71,1268,12.5,29,4,3.3, ,2,Yes,Yes,Sprint-9,2187.7,GPL
D0204,Chris,Frontend,10.4,India,Forge,Rust,-5,371,5876,126,952,118,83,2023-08-28,8PM,77,3813,768,10.8,4,9,63.3,Failed,2,No,No,Sprint-10,3757.5,MIT
D0060,Chris,Backend,14.2,Germany,Forge,Rust,1979,834,88,156,556,230,395,2024-06-05,25:61,70,2707,2173,1.7,8,22,28.9,Success,9,Yes,Yes,Sprint-4,2123.5,GPL
D0655,Chris,Frontend,0.3,India,Forge,Rust,2302,819,1788,48,652,188,346,2025-02-04,00:00,31,3578,2759,8.4,7,21,38.3,FAIL,1,No,No,Sprint-11,4026.6,Apache-2.0
D0095,Alex,Backend,,Germany,Atlas,TypeScript,999999,258,5985,1,886,385,142,2023-06-13,25:61,6,1326,2469,13.4,22,18,42.3,Success,0,Yes,No,Sprint-2,4345.6,
D0358,Taylor,DevOps,1.8,Germany,Nova,Go,4941,482,3614,191,482,383,226,2024-01-12,8PM,68,1551,1120,12.7,3,28,21.3,FAIL,7,Yes,No,Sprint-1,3767.1,GPL
D0212,Sam,DevOps,12.5,India,Nova,pyhton,999999,858,708,109,668,372,225,19/06/2023,25:61,99,1380,733,3.6,19,24,42.0,Success,10,Yes,No,Sprint-2,2857.9,GPL
D0683,Alex,Backend,12.8,India,Forge,,4683,976,3624,1,875,107,64,21/05/2024,00:00,76,4167,2889,12.8,3,22,52.8,Success,0,No,No,Sprint-5,3312.4,Apache-2.0
D0423,Taylor,Frontend,,India,Atlas,Python,2894,975,2668,50,803,3,487,07/03/2023,25:61,89,3280,1923,5.7,5,11,40.2,FAIL,8,Yes,Yes,Sprint-5,4528.4,MIT
D0046,Alex,Platform,,Germany,Nova,TypeScript,2680,523,4227,192,907,489,327,16/05/2025,25:61,13,3522,240,10.6,6,28,14.0,FAIL,2,No,Yes,Sprint-2,195.2,
D0634, ,AI,,India,Forge,Java,4643,596,1774,34,462,394,485,03/05/2024,8PM,43,1334,706,5.9,5,29,41.7,FAIL,9,No,No,Sprint-8,1136.3,GPL
D0425, ,Frontend,,USA,Forge,Go,999999,23,4768,168,480,82,228,2023-03-03,25:61,24,3932,2546,6.7,20,16,6.0,Failed,6,Yes,Yes,Sprint-6,717.0,GPL
D0111,Alex,Frontend,,India,Forge,Rust,-5,251,2046,108,136,254,68,2024-10-07,25:61,44,144,419,9.9,4,14,19.1, ,3,Yes,No,Sprint-2,3238.2,MIT
D0356,Taylor,Backend,6.8,Germany,Forge,Go,999999,73,2453,156,305,482,429,2025-04-07,8PM,22,3651,2760,3.1,2,3,7.7, ,9,No,No,Sprint-6,647.8,Apache-2.0
D0234,Alex,Frontend,,India,Nova,Rust,-5,562,4,58,109,101,445,2025-05-07,25:61,49,376,708,9.1,0,0,35.1,Success,4,No,No,Sprint-8,1356.4,
D0092,Alex,Platform,,USA,Nova,,-5,259,5176,159,554,305,497,31/10/2024,8PM,36,1031,1570,13.7,25,17,47.5,Failed,7,Yes,No,Sprint-1,3147.3,Apache-2.0
D0437,Taylor,AI,5.1,USA,Atlas,Go,999999,306,4452,175,512,418,100,06/12/2024,8PM,71,1192,606,5.1,9,10,62.1, ,1,Yes,Yes,Sprint-12,1656.6,MIT
D0471,Sam,AI,,Germany,Nova,python,999999,154,1310,129,525,132,321,21/02/2025,8PM,66,3390,303,9.3,15,22,41.1,Success,5,Yes,Yes,Sprint-12,4413.3,MIT
D0570,Sam,Backend,,USA,Forge,Java,-5,618,5080,74,620,194,262,2023-01-04,00:00,13,872,1042,10.7,30,12,28.5, ,5,No,No,Sprint-5,3537.7,GPL
D0378,Sam,Platform,,India,Forge,TypeScript,-5,885,4680,45,309,450,192,2023-12-31,00:00,40,583,2719,10.6,8,15,3.3,Failed,3,Yes,Yes,Sprint-9,2271.7,
D0146,Taylor,AI,,Germany,Atlas, PYTHON,-5,775,2172,29,251,76,447,14/08/2023,25:61,49,-42,1256,0.0,0,15,20.2,Success,1,Yes,No,Sprint-7,3041.9,Apache-2.0
D0028,Taylor,Backend,1.0,USA,Forge,pyhton,643,915,5234,33,448,273,252,2024-06-21,00:00,74,2849,1047,4.3,7,28,9.6,Success,7,No,No,Sprint-12,1280.2,
D0321,Alex,DevOps,,Germany,Nova,python,999999,786,4552,137,673,313,207,27/01/2024,25:61,47,-28,1920,13.2,4,8,49.3,Success,5,Yes,Yes,Sprint-10,2509.2,MIT
D0603,Taylor,Frontend,,USA,Forge,,999999,977,1032,88,996,329,425,08/04/2024,8PM,33,1643,2935,10.4,26,4,62.8,FAIL,4,Yes,No,Sprint-10,1743.0,Apache-2.0
D0549,Chris,Platform,,India,Forge,TypeScript,-5,498,98,155,182,158,153,05/12/2024,8PM,53,468,2127,9.8,20,5,49.4,Failed,2,No,No,Sprint-4,1378.5,MIT
D0064,Chris,AI,,India,Forge, PYTHON,-5,490,1788,180,248,233,1,24/05/2025,25:61,18,1352,2282,10.8,7,22,8.2,Success,7,Yes,Yes,Sprint-8,3828.3,
D0144,Taylor,Backend,,India,Forge,python,999999,386,147,130,526,241,452,26/06/2024,00:00,56,3602,2739,5.5,13,16,48.6,Failed,1,Yes,No,Sprint-1,16.0,
D0149,Taylor,AI,,India,Forge,,-5,48,4005,155,794,80,217,14/09/2023,00:00,52,3036,994,11.6,4,27,29.9,Success,0,Yes,No,Sprint-1,3885.5,MIT
D0617,Taylor,DevOps,,USA,Nova,python,999999,815,524,8,231,34,105,15/05/2024,8PM,84,142,2652,4.0,9,26,19.3,FAIL,6,No,No,Sprint-12,1849.2,MIT
D0138,Alex,Backend,10.7,Germany,Nova, PYTHON,999999,246,5402,165,168,310,89,2024-09-19,00:00,48,1988,446,7.3,5,19,59.4,Success,10,Yes,Yes,Sprint-7,382.6,MIT
D0628, ,Platform,,India,Atlas, PYTHON,-5,339,5955,91,570,210,394,2024-01-09,00:00,85,2776,23,5.4,8,21,61.1,FAIL,1,No,Yes,Sprint-4,2765.4,
D0340,Sam,Platform,,Germany,Nova,Go,4381,529,1999,10,887,448,271,2024-12-25,25:61,43,3091,1646,11.5,26,17,20.9,Success,10,No,No,Sprint-12,1044.8,GPL
D0167,Sam,Backend,8.1,USA,Forge,TypeScript,-5,471,4784,4,779,151,364,2023-03-13,8PM,29,1741,906,2.1,11,21,3.7,Failed,4,No,Yes,Sprint-5,1138.7,Apache-2.0
D0152,Chris,AI,,USA,Atlas,Python,2635,135,456,156,881,172,11,22/04/2023,25:61,20,1955,2828,10.1,27,1,21.4,Success,2,Yes,No,Sprint-2,1645.0,Apache-2.0
D0114,Taylor,Frontend,4.6,India,Atlas,Rust,-5,462,2549,33,276,407,44,21/08/2024,00:00,14,646,16,3.9,15,25,11.0, ,6,No,Yes,Sprint-1,2456.0,GPL
D0273,Taylor,Platform,,Germany,Atlas,Java,330,150,2648,147,835,408,488,17/04/2024,25:61,51,573,98,1.3,16,26,9.0,FAIL,9,Yes,No,Sprint-8,3060.4,GPL
D0526,Taylor,Platform,,USA,Atlas,Java,1064,636,5697,61,353,456,468,2023-09-01,25:61,97,3660,2771,1.5,11,15,43.0,Success,5,No,No,Sprint-7,3131.1,Apache-2.0
D0091,Alex,DevOps,12.7,USA,Forge,Python,3040,836,936,157,70,386,258,14/06/2025,25:61,30,1510,897,0.9,19,10,63.5,FAIL,9,No,Yes,Sprint-1,1217.6,MIT
D0669,Chris,AI,,India,Atlas, PYTHON,999999,947,4857,132,0,231,128,2025-01-07,00:00,2,2133,1144,6.7,19,15,11.4,FAIL,3,No,No,Sprint-1,3839.2,
D0261,Alex,AI,8.9,Germany,Forge, PYTHON,-5,90,3319,171,169,118,351,09/10/2024,25:61,18,2591,1703,0.8,14,5,61.4,Success,8,Yes,Yes,Sprint-10,2765.9,GPL
D0146,Sam,Frontend,,USA,Atlas,TypeScript,-5,630,4030,119,744,393,282,2023-11-14,8PM,76,1369,2048,13.6,19,14,45.5,FAIL,8,No,Yes,Sprint-6,3622.0,
D0105, ,AI,,India,Forge,Rust,999999,50,5776,132,833,416,394,26/05/2023,00:00,27,4983,2203,2.4,27,18,59.0,Success,4,Yes,No,Sprint-10,4913.7,Apache-2.0
D0554,Sam,Backend,,India,Nova,Go,4227,762,1241,195,628,166,438,2023-06-04,25:61,27,4199,687,5.0,19,18,14.7,FAIL,0,No,Yes,Sprint-2,3097.3,
D0521,Chris,DevOps,0.9,India,Atlas,,3870,7,1026,44,774,23,15,2023-05-24,25:61,26,4433,1650,4.7,23,4,66.2,FAIL,0,Yes,Yes,Sprint-6,3311.2,MIT
D0167,Chris,Frontend,0.5,Germany,Atlas,Go,-5,179,3298,86,437,436,328,2023-05-18,00:00,77,2241,1138,12.0,9,26,53.8,Success,6,No,Yes,Sprint-2,885.2,GPL
D0203,Sam,Backend,,India,Atlas, PYTHON,999999,325,5864,138,398,457,366,2024-03-05,00:00,42,655,692,4.6,22,1,69.6,Failed,5,No,No,Sprint-1,4825.1,Apache-2.0
D0020,Taylor,DevOps,11.6,India,Nova,Java,999999,107,4143,157,776,226,107,15/02/2023,00:00,50,1895,1528,10.8,20,30,43.8,Failed,1,Yes,Yes,Sprint-1,469.5,MIT
D0526,Alex,Platform,3.3,USA,Atlas,python,999999,72,913,125,845,492,280,14/04/2024,8PM,2,3910,1412,3.1,17,1,46.8,Failed,8,Yes,No,Sprint-6,4768.5,GPL
D0418,Chris,Backend,4.4,Germany,Nova,TypeScript,999999,844,5566,65,75,437,324,2024-01-16,25:61,50,2426,692,3.4,18,28,13.0,Success,5,Yes,Yes,Sprint-12,307.7,
D0568,Chris,Backend,,Germany,Atlas,Java,-5,896,270,186,89,49,58,02/08/2023,25:61,23,3430,902,3.6,18,18,30.0, ,7,Yes,No,Sprint-3,3425.8,Apache-2.0
D0638,Alex,AI,8.8,USA,Atlas,python,403,715,463,17,225,50,421,2024-03-30,8PM,93,3665,1828,2.8,22,19,61.0,Success,10,No,No,Sprint-6,2879.8,Apache-2.0
D0666,Sam,AI,,India,Forge,TypeScript,999999,13,3804,75,772,65,75,2024-06-21,8PM,79,4262,1495,4.5,21,15,38.2,FAIL,1,Yes,No,Sprint-4,4914.6,MIT
D0617,Taylor,Platform,,USA,Atlas,Rust,1567,228,618,166,74,266,287,10/05/2024,25:61,31,1467,2545,0.5,7,29,27.4,Success,5,No,No,Sprint-12,4089.7,Apache-2.0
D0303,Chris,Platform,,USA,Forge,,-5,18,5667,180,476,35,334,2024-10-06,00:00,81,4694,1049,7.6,29,14,33.6, ,7,No,Yes,Sprint-9,3922.8,
D0390,Alex,Frontend,11.8,India,Forge,python,999999,589,5015,7,916,435,105,05/05/2023,00:00,18,2061,1695,2.6,3,22,46.5,Failed,4,Yes,No,Sprint-8,2028.3,GPL
D0049, ,DevOps,,India,Forge,Go,999999,41,1278,63,798,208,486,2023-07-09,25:61,18,1940,297,6.6,2,22,45.4,Failed,2,Yes,Yes,Sprint-5,1299.5,
D0527,Chris,DevOps,,India,Forge,Go,-5,920,3038,162,459,239,121,28/04/2025,00:00,48,2072,2207,13.9,26,8,20.1,Success,8,No,No,Sprint-8,3699.3,GPL
D0285,Sam,Backend,,Germany,Nova,Go,3629,948,2959,100,566,401,50,28/04/2025,25:61,75,422,1212,12.5,2,20,0.3,Success,7,No,No,Sprint-3,977.2,
D0440,Chris,Platform,1.8,USA,Atlas,Python,-5,224,1655,108,935,224,488,27/05/2025,25:61,51,3416,2168,13.6,0,8,18.0, ,9,Yes,Yes,Sprint-10,4528.6,MIT
D0693,Sam,Backend,1.4,Germany,Atlas,python,999999,937,16,155,243,21,355,07/02/2025,25:61,12,3583,2057,0.8,29,4,66.0,Success,4,Yes,No,Sprint-9,3573.9,Apache-2.0
D0331,Taylor,AI,0.8,USA,Atlas,,2789,360,542,83,611,418,493,18/05/2023,25:61,22,2921,490,11.5,29,17,2.2, ,0,No,Yes,Sprint-2,2303.8,MIT
D0239,Taylor,Backend,12.9,India,Nova,pyhton,2013,518,4612,12,957,414,360,11/12/2024,25:61,4,4629,935,1.6,10,19,13.8,FAIL,7,No,No,Sprint-7,833.8,GPL
D0587,Chris,Backend,,USA,Atlas,Python,-5,364,1829,86,88,491,468,16/03/2025,25:61,16,1717,2279,8.2,15,0,56.5, ,2,Yes,No,Sprint-10,2002.2,GPL
D0154, ,DevOps,2.8,India,Forge,TypeScript,210,309,1862,0,781,380,299,2023-02-12,8PM,30,3443,1830,6.6,7,12,43.5,FAIL,7,No,Yes,Sprint-12,2468.0,
D0489,Sam,DevOps,14.1,India,Nova,python,999999,519,5633,11,31,381,377,2023-06-14,25:61,72,1553,200,0.5,9,19,42.9,FAIL,7,No,Yes,Sprint-12,3376.7,GPL
D0147,Sam,Backend,2.9,India,Forge,Rust,-5,977,2758,59,625,18,187,2024-07-26,25:61,51,-25,935,0.6,19,17,21.6,Failed,0,No,No,Sprint-11,1936.1,
D0162,Taylor,Backend,0.1,Germany,Atlas,pyhton,999999,73,728,17,245,52,47,18/02/2023,25:61,62,4990,1462,1.4,16,29,39.8,FAIL,9,Yes,Yes,Sprint-7,1096.4,
D0543,Alex,AI,,India,Nova,python,-5,932,614,184,234,318,440,2025-06-14,00:00,5,246,259,5.6,30,30,43.6,FAIL,4,No,Yes,Sprint-7,2924.3,Apache-2.0
D0211,Chris,Platform,8.5,Germany,Forge,Java,574,125,2092,195,428,300,48,2024-10-07,25:61,86,35,2231,11.0,14,8,53.7,Failed,1,No,No,Sprint-10,4747.5,MIT
D0683,Taylor,Backend,6.6,Germany,Forge,python,3422,189,1631,83,702,123,337,10/04/2025,00:00,73,1280,2906,7.2,0,21,12.8,Failed,9,Yes,Yes,Sprint-2,4039.6,MIT
D0548,Chris,Backend,,India,Forge,Python,4080,692,2904,3,816,281,167,28/05/2025,8PM,24,4431,714,11.4,12,29,53.8, ,3,Yes,No,Sprint-10,3847.4,MIT
D0120,Chris,AI,,Germany,Nova,pyhton,999999,631,3838,70,635,224,76,2025-01-09,25:61,50,2583,367,4.8,7,12,12.3,FAIL,7,No,No,Sprint-7,4413.4,MIT
D0526,Alex,AI,,USA,Forge,python,-5,231,1714,13,243,150,87,2023-08-20,00:00,90,3656,1383,5.7,22,19,59.9,FAIL,7,Yes,No,Sprint-9,3645.6,GPL
D0340, ,Frontend,0.8,USA,Atlas,pyhton,-5,122,336,116,519,10,198,27/01/2023,25:61,87,1748,64,12.3,13,5,7.2,Success,3,No,Yes,Sprint-1,1019.2,Apache-2.0
D0066,Chris,Backend,,Germany,Atlas,Python,2900,568,3784,152,729,480,205,2023-06-13,25:61,60,3479,1196,10.4,30,23,3.2,Success,4,Yes,No,Sprint-8,2848.3,
D0392,Chris,AI,8.3,India,Forge,Rust,999999,666,642,38,260,429,399,2025-03-14,00:00,82,74,1420,9.9,22,9,50.4,Failed,3,No,No,Sprint-10,4567.8,GPL
D0691,Taylor,DevOps,9.6,Germany,Forge,TypeScript,-5,448,3028,174,33,43,166,01/06/2024,25:61,30,1159,277,14.0,8,27,16.7, ,6,Yes,Yes,Sprint-6,3935.9,
D0476,Sam,AI,11.6,Germany,Nova,python,999999,963,5765,195,383,285,96,2025-04-25,25:61,30,1080,164,4.7,9,20,36.4,Success,3,No,Yes,Sprint-8,734.2,Apache-2.0
D0582,Chris,Platform,12.5,Germany,Forge,Go,1059,595,5280,87,404,323,244,2024-06-13,8PM,49,1029,1234,8.4,6,11,31.6,FAIL,3,Yes,No,Sprint-8,600.1,MIT
D0256, ,Backend,,Germany,Nova,Java,2325,68,4505,124,382,295,291,2023-05-14,8PM,46,4017,2134,0.1,19,1,62.8,FAIL,6,No,Yes,Sprint-6,2903.1,MIT
D0322,Taylor,AI,5.9,Germany,Forge,python,999999,970,1471,69,628,322,172,2025-05-03,00:00,6,2009,1691,7.4,26,21,61.0,FAIL,10,No,Yes,Sprint-2,4175.0,MIT
D0158,Chris,AI,,India,Forge,TypeScript,999999,151,2741,3,336,258,478,2025-04-29,00:00,34,2027,1026,11.2,12,6,20.9,FAIL,7,No,No,Sprint-11,3924.4,
D0503,Taylor,Backend,,India,Forge,python,999999,626,1006,56,811,473,237,2023-04-24,25:61,50,3924,2280,9.5,6,14,0.2,Success,3,Yes,No,Sprint-3,1397.4,Apache-2.0
D0144,Taylor,AI,,Germany,Forge,Rust,454,463,990,108,779,123,287,15/07/2024,8PM,13,217,2691,10.1,13,13,10.3,Failed,3,No,No,Sprint-7,827.2,MIT
D0226,Sam,Frontend,,Germany,Forge,python,-5,359,2183,139,285,178,96,2023-04-19,25:61,21,1281,227,12.8,0,4,16.3,Failed,9,No,No,Sprint-1,3117.9,Apache-2.0
D0235, ,AI,10.5,USA,Nova,Go,2241,642,1179,158,397,141,294,2025-04-19,00:00,40,794,1161,10.9,27,13,10.6,Failed,7,Yes,Yes,Sprint-5,4160.1,
D0275, ,Backend,1.6,USA,Forge,pyhton,-5,842,1496,165,396,496,496,02/03/2024,25:61,66,1631,2667,2.0,7,10,64.5,FAIL,1,Yes,No,Sprint-7,1885.6,MIT
D0201,Sam,DevOps,5.3,Germany,Nova,python,-5,747,1522,63,412,236,398,25/01/2025,00:00,55,652,1323,3.5,5,20,47.8,FAIL,6,No,No,Sprint-10,4683.0,Apache-2.0
D0664, ,Frontend,,India,Forge,python,999999,781,1367,96,831,235,254,02/12/2023,00:00,50,447,1708,1.4,9,19,37.5, ,8,No,No,Sprint-2,4129.8,GPL
D0550,Taylor,DevOps,,India,Nova,Java,-5,665,3534,39,329,296,259,28/10/2023,00:00,55,3575,593,1.9,19,21,45.7,Success,10,No,Yes,Sprint-3,4257.7,Apache-2.0
D0125,Alex,Frontend,,USA,Forge,python,-5,611,1184,14,392,290,371,14/03/2024,25:61,70,3653,1962,6.1,7,29,19.3, ,7,Yes,No,Sprint-2,4681.4,GPL
D0632,Taylor,AI,11.2,Germany,Nova,Rust,999999,262,2829,150,421,437,146,04/06/2024,00:00,10,531,1589,3.3,12,21,56.2,FAIL,6,Yes,No,Sprint-6,3573.2,MIT
D0070, ,Platform,,India,Nova,python,-5,581,4006,70,102,102,390,2023-07-30,00:00,96,3069,2824,0.2,13,18,5.0,FAIL,0,Yes,Yes,Sprint-6,4569.5,MIT
D0485,Taylor,DevOps,10.9,India,Nova,Go,-5,154,1354,131,879,155,449,18/04/2025,25:61,50,1227,2340,7.2,3,23,28.6, ,9,No,No,Sprint-12,2977.4,GPL
D0693,Sam,Frontend,0.0,USA,Forge,Go,2865,29,5609,71,805,150,133,2023-01-16,8PM,81,1652,674,2.6,17,12,68.8,Failed,3,No,Yes,Sprint-9,2008.1,
D0346,Alex,AI,5.3,Germany,Nova,python,-5,16,23,177,294,423,151,2023-01-12,8PM,68,3433,2908,3.9,12,12,27.9,Success,0,No,No,Sprint-9,2479.0,MIT
D0243,Sam,Frontend,5.4,India,Forge,TypeScript,-5,508,5614,173,50,124,374,15/10/2023,25:61,48,2233,2393,1.2,19,29,54.7,FAIL,1,No,Yes,Sprint-11,3936.9,Apache-2.0
D0537,Taylor,Backend,,USA,Forge,,4777,705,1974,69,90,349,459,10/07/2023,00:00,59,1764,1260,2.9,7,12,1.7,Failed,2,Yes,No,Sprint-8,1845.1,
D0073,Sam,DevOps,4.5,India,Forge, PYTHON,-5,145,1808,46,409,49,456,2023-07-22,25:61,44,303,827,1.3,29,26,23.7,Success,5,Yes,Yes,Sprint-10,2366.5,GPL
D0153,Chris,AI,,India,Forge, PYTHON,3226,661,428,70,210,36,255,29/12/2024,8PM,94,904,676,13.9,2,8,10.8,FAIL,5,No,Yes,Sprint-10,4872.2,
D0078,Sam,DevOps,12.6,India,Nova,Python,-5,327,556,199,150,200,310,2024-04-11,8PM,11,4735,1975,6.1,11,6,38.7,Success,0,No,No,Sprint-4,914.5,GPL
D0607,Alex,DevOps,5.0,India,Forge,python,999999,684,1368,147,309,280,347,2023-04-16,25:61,16,764,1401,11.2,9,10,40.6,Success,0,Yes,No,Sprint-3,2863.6,MIT
D0403,Taylor,Frontend,,USA,Atlas, PYTHON,-5,166,326,166,150,104,325,10/11/2024,8PM,56,4341,1672,5.8,26,2,30.5,FAIL,7,Yes,Yes,Sprint-12,2659.8,
D0661,Taylor,Frontend,2.3,USA,Nova,Go,4236,481,15,6,874,273,353,03/12/2023,8PM,87,656,2803,5.4,29,7,69.7,FAIL,1,Yes,Yes,Sprint-12,1866.9,MIT
D0120,Taylor,Frontend,14.1,USA,Forge, PYTHON,999999,513,5363,84,27,480,209,03/03/2025,25:61,14,2971,2930,12.7,12,23,9.8,FAIL,2,No,Yes,Sprint-7,176.2,GPL
D0346,Sam,DevOps,9.5,India,Forge,TypeScript,-5,584,5276,191,964,471,287,2024-03-03,25:61,32,2346,620,1.1,22,7,33.8, ,9,Yes,Yes,Sprint-7,4162.5,Apache-2.0
D0454,Sam,Frontend,,Germany,Atlas,python,1483,139,3536,82,366,201,88,2023-02-23,00:00,20,3927,2299,2.8,26,12,70.6,Failed,1,No,Yes,Sprint-3,3901.7,MIT
D0176,Alex,DevOps,10.4,Germany,Forge,Go,-5,21,2802,93,265,433,147,2023-04-05,25:61,25,1469,1219,12.3,23,18,53.9,Failed,8,No,Yes,Sprint-4,1336.1,GPL
D0050,Taylor,Backend,12.4,Germany,Nova,Python,1693,391,2626,9,820,352,64,2024-04-19,8PM,90,4957,2996,12.6,14,20,59.0, ,6,No,Yes,Sprint-10,2643.0,
D0268,Sam,Platform,5.8,USA,Nova, PYTHON,-5,160,5854,167,823,363,433,11/06/2025,8PM,68,484,1027,5.4,14,15,67.7,Failed,0,Yes,No,Sprint-8,4388.4,Apache-2.0
D0399,Chris,Platform,11.0,USA,Nova,pyhton,999999,243,3371,161,583,28,274,2023-01-12,8PM,79,2475,48,2.4,0,4,19.6,Success,3,Yes,Yes,Sprint-11,1791.8,
D0071,Chris,AI,7.4,USA,Nova,TypeScript,-5,198,2481,96,837,410,343,2024-09-05,00:00,54,522,74,4.8,17,3,64.9, ,1,No,No,Sprint-1,3221.9,GPL
D0451, ,Platform,9.9,USA,Atlas,Rust,999999,615,3878,34,303,298,203,02/05/2025,00:00,19,1519,1379,1.8,29,9,50.4,Success,7,Yes,No,Sprint-11,4786.3,
D0375,Sam,Frontend,,India,Atlas,Java,999999,18,4016,122,4,347,186,16/02/2024,25:61,80,4428,2189,6.0,13,8,36.9,Failed,1,No,No,Sprint-11,4940.3,MIT
D0538,Sam,DevOps,,Germany,Forge,pyhton,-5,134,2704,56,427,217,422,2025-04-13,8PM,29,1075,1048,2.1,10,10,27.3,Success,2,Yes,No,Sprint-7,1629.0,
D0687, ,DevOps,,Germany,Forge,Rust,999999,458,2344,170,824,101,91,25/07/2023,8PM,20,3142,541,12.9,20,18,52.6,Success,6,No,No,Sprint-6,2819.6,GPL
D0118,Chris,Platform,,USA,Nova,,3566,485,3500,111,570,265,383,2024-03-27,8PM,4,1182,2365,7.9,30,10,56.8,Success,1,Yes,Yes,Sprint-5,212.0,MIT
D0398,Taylor,DevOps,9.7,Germany,Forge,,-5,122,4318,167,440,445,93,24/06/2023,8PM,93,2787,2064,1.1,10,9,31.2,FAIL,9,Yes,No,Sprint-9,3591.6,MIT
D0161,Sam,Backend,,USA,Atlas,Java,3716,458,1032,44,533,226,488,22/12/2024,8PM,11,4133,1840,12.8,0,7,71.7,Failed,5,Yes,Yes,Sprint-6,774.6,Apache-2.0
D0081,Chris,Backend,,Germany,Forge,Rust,999999,511,5523,150,27,138,309,21/08/2023,25:61,46,538,410,6.3,10,6,39.4,Success,0,No,No,Sprint-2,4578.7,MIT
D0503,Chris,Platform,5.2,India,Atlas,Go,-5,958,5888,193,543,458,486,10/11/2023,8PM,31,3620,841,5.9,24,4,46.4, ,5,No,Yes,Sprint-8,4861.8,MIT
D0009, ,AI,7.1,Germany,Forge,python,999999,530,28,172,973,460,209,2024-09-16,8PM,14,4342,1225,12.0,2,4,41.2, ,0,No,No,Sprint-6,1464.5,MIT
D0472,Taylor,Backend,3.1,India,Forge,TypeScript,4936,274,3193,13,746,3,363,23/08/2023,8PM,79,4518,1501,13.3,6,9,14.0,Failed,5,Yes,No,Sprint-2,1129.3,
D0416,Chris,Backend,,India,Atlas,,-5,594,4187,0,473,333,142,05/12/2024,8PM,32,2777,101,11.0,5,17,19.9,Success,6,No,Yes,Sprint-11,660.2,MIT
D0209,Sam,AI,14.6,USA,Nova,TypeScript,-5,214,3145,147,268,85,28,23/10/2023,8PM,17,-34,662,7.0,24,29,21.3,Failed,8,Yes,No,Sprint-8,3191.6,Apache-2.0
D0556,Alex,Backend,10.5,India,Atlas,pyhton,702,455,4882,128,247,95,192,2024-03-30,00:00,5,4856,1387,2.4,23,0,31.6, ,3,No,Yes,Sprint-8,1717.8,Apache-2.0
D0605,Taylor,DevOps,,USA,Nova,python,999999,987,29,26,743,80,423,25/03/2024,00:00,66,257,576,9.1,1,1,7.1, ,1,Yes,No,Sprint-1,3711.6,Apache-2.0
D0598,Taylor,AI,2.4,India,Forge,Rust,-5,482,2808,82,580,100,306,2023-05-28,00:00,50,2353,314,4.2,30,21,68.5,Failed,2,Yes,No,Sprint-12,2976.8,Apache-2.0
D0319,Sam,Platform,,India,Atlas,python,999999,223,4166,109,350,85,395,2024-08-26,8PM,46,1700,2046,8.3,3,3,27.8,FAIL,2,No,No,Sprint-6,3167.2,GPL
D0518,Sam,DevOps,2.1,USA,Nova,Java,-5,900,4114,11,115,358,291,08/04/2023,25:61,15,1024,2530,10.3,19,16,9.3,FAIL,6,No,No,Sprint-5,1620.3,MIT
D0540,Taylor,Frontend,13.2,USA,Atlas,python,4150,771,4456,172,299,321,455,03/09/2024,00:00,22,1616,852,6.2,26,0,30.4, ,10,No,Yes,Sprint-6,2594.9,GPL
D0404,Taylor,Platform,3.0,Germany,Atlas,Rust,999999,282,5921,22,622,377,222,08/05/2023,25:61,9,1643,1978,4.9,17,15,48.7,Success,7,Yes,No,Sprint-4,2651.2,GPL
D0494,Taylor,DevOps,,USA,Atlas,,999999,357,2713,68,939,347,185,25/11/2024,8PM,76,3482,2413,7.0,23,1,8.3,Success,8,Yes,Yes,Sprint-1,4231.6,GPL
D0627,Chris,Platform,,India,Forge,Go,999999,620,1455,111,124,348,230,2024-10-22,25:61,46,3772,2840,2.5,0,9,28.4,FAIL,3,Yes,No,Sprint-10,474.5,MIT
D0522,Chris,Platform,7.8,India,Atlas,Go,999999,582,1183,130,632,181,90,17/07/2023,25:61,81,4258,2930,1.6,10,1,27.5, ,3,No,Yes,Sprint-2,3917.4,GPL
D0418,Chris,Platform,1.6,Germany,Nova,pyhton,1190,776,3530,140,230,345,171,2024-01-28,8PM,35,4703,2891,3.2,7,11,10.1,FAIL,10,Yes,Yes,Sprint-4,3182.1,GPL
D0533, ,Backend,10.2,Germany,Nova,pyhton,895,469,522,173,978,317,359,04/12/2024,25:61,46,2451,2600,11.8,22,22,8.4, ,9,No,No,Sprint-1,4843.6,
D0517,Alex,Frontend,,Germany,Forge,Rust,999999,682,3388,178,294,385,448,04/10/2023,25:61,64,3637,1930,4.4,12,20,60.5,Failed,0,No,Yes,Sprint-5,474.8,GPL
D0135,Alex,Platform,,India,Atlas,TypeScript,999999,209,1739,68,754,192,107,20/01/2025,8PM,27,2877,482,9.8,26,18,32.2,Success,1,No,No,Sprint-8,2036.7,Apache-2.0
D0335,Sam,Backend,,Germany,Atlas,Java,-5,609,3966,4,489,227,496,2025-04-26,8PM,61,1134,949,6.8,30,24,48.5, ,8,Yes,Yes,Sprint-9,2574.6,Apache-2.0
D0116,Chris,Platform,,USA,Nova,Python,999999,616,1283,24,885,463,187,28/05/2025,8PM,91,1746,514,8.7,29,19,39.9,Success,1,Yes,No,Sprint-6,769.6,GPL
D0474, ,Backend,,Germany,Nova,TypeScript,999999,898,2870,32,512,266,171,27/01/2024,00:00,99,1536,1485,10.0,11,11,56.4, ,0,Yes,Yes,Sprint-12,3867.6,GPL
D0342,Alex,DevOps,12.0,Germany,Nova,Go,-5,158,5898,200,599,256,301,02/01/2023,8PM,4,2713,2384,11.1,19,0,18.2,Success,8,No,No,Sprint-6,4339.2,Apache-2.0
D0020,Taylor,Frontend,5.8,USA,Forge,Go,999999,60,476,151,220,49,327,2024-04-07,8PM,71,61,824,0.5,2,27,64.2,Success,3,Yes,Yes,Sprint-7,4909.5,
D0563,Sam,AI,2.6,USA,Atlas,Rust,999999,644,3208,27,431,146,129,26/12/2024,8PM,61,3910,541,13.1,1,12,69.4, ,5,Yes,No,Sprint-2,4028.6,
D0011,Alex,DevOps,9.9,Germany,Atlas,Rust,1548,155,2471,99,834,89,334,2024-07-08,25:61,38,176,671,4.9,9,25,14.0,FAIL,2,No,Yes,Sprint-11,386.4,MIT
D0433, ,AI,,USA,Atlas,pyhton,-5,641,2552,90,767,61,281,25/12/2023,25:61,60,3013,647,3.4,18,10,70.1, ,3,Yes,No,Sprint-12,4097.9,MIT
D0176,Sam,DevOps,,India,Nova,TypeScript,999999,404,3108,128,165,423,327,2024-10-31,00:00,68,4403,1461,0.5,8,24,57.2,Failed,5,No,No,Sprint-7,4021.7,Apache-2.0
